--더미들

--ClassRoom

insert into tblClassroom (Classroom_Seq, name, TotalNum) values (1, 'A 강의실', 30);
insert into tblClassroom (Classroom_Seq, name, TotalNum) values (2, 'B 강의실', 30);
insert into tblClassroom (Classroom_Seq, name, TotalNum) values (3, 'C 강의실', 30);
insert into tblClassroom (Classroom_Seq, name, TotalNum) values (4, 'D 강의실', 26);
insert into tblClassroom (Classroom_Seq, name, TotalNum) values (5, 'E 강의실', 26);
insert into tblClassroom (Classroom_Seq, name, TotalNum) values (6, 'F 강의실', 26);

--Class

-- tblClass

set define off;
insert into tblClass (Class_Seq, name) values (1, '(웹기반)소프트웨어 응용 전문가 양성과정B');
insert into tblClass (Class_Seq, name) values (2, '(웹기반)백엔드 엔지니어 양성과정');
insert into tblClass (Class_Seq, name) values (3, '(웹기반)Full-Stack 응용 엔지니어 양성과정A');
insert into tblClass (Class_Seq, name) values (4, 'SW 응용 엔지니어 양성과정');
insert into tblClass (Class_Seq, name) values (5, '(클라우드운영관리)소프트웨어 혼합 전문가 양성과정D');
insert into tblClass (Class_Seq, name) values (6, '(웹기반)자바 전문가 양성과정B');
insert into tblClass (Class_Seq, name) values (7, '(클라우드운영관리)프론트엔드 엔지니어 양성과정C');
insert into tblClass (Class_Seq, name) values (8, '디지털 콘텐츠 융합넥사크로 플랫폼 응용 개발자 양성과정A');
insert into tblClass (Class_Seq, name) values (9, '(디지털컨버전스)소프트웨어 혼합 개발자 양성과정');
insert into tblClass (Class_Seq, name) values (10, '(웹기반)C언어 엔지니어 양성과정D');
insert into tblClass (Class_Seq, name) values (11, '(정보시스템구축)SW 응용 전문가 양성과정D');
insert into tblClass (Class_Seq, name) values (12, '(정보시스템구축)공공데이터 응용 엔지니어 양성과정');
insert into tblClass (Class_Seq, name) values (13, '디지털 콘텐츠 융합백엔드 응용 전문가 양성과정');
insert into tblClass (Class_Seq, name) values (14, '(디지털컨버전스)아두이노 혼합 개발자 양성과정D');
insert into tblClass (Class_Seq, name) values (15, '(웹기반)UI/UX 개발자 양성과정');
insert into tblClass (Class_Seq, name) values (16, '디지털 콘텐츠 융합아두이노 개발자 양성과정');
insert into tblClass (Class_Seq, name) values (17, '(클라우드운영관리)소프트웨어 응용 전문가 양성과정');
insert into tblClass (Class_Seq, name) values (18, '(클라우드운영관리)소프트웨어 전문가 양성과정');
insert into tblClass (Class_Seq, name) values (19, '(스마트웹&콘텐츠개발)프론트엔드 전문가 양성과정C');
insert into tblClass (Class_Seq, name) values (20, '디지털 콘텐츠 융합AWS클라우드 혼합 엔지니어 양성과정');
insert into tblClass (Class_Seq, name) values (21, '(정보시스템구축)자바 엔지니어 양성과정');
insert into tblClass (Class_Seq, name) values (22, '디지털 콘텐츠 융합C언어 전문가 양성과정A');
insert into tblClass (Class_Seq, name) values (23, '(디지털컨버전스)UI/UX 혼합 개발자 양성과정');
insert into tblClass (Class_Seq, name) values (24, 'UI/UX 혼합 엔지니어 양성과정A');
insert into tblClass (Class_Seq, name) values (25, '(정보시스템구축)리액트 개발자 양성과정');
insert into tblClass (Class_Seq, name) values (26, '(클라우드운영관리)백엔드 엔지니어 양성과정C');
insert into tblClass (Class_Seq, name) values (27, '프론트엔드 개발자 양성과정');
insert into tblClass (Class_Seq, name) values (28, '(스마트웹&콘텐츠개발)공공데이터 전문가 양성과정D');
insert into tblClass (Class_Seq, name) values (29, '(웹기반)프론트엔드 엔지니어 양성과정C');
insert into tblClass (Class_Seq, name) values (30, '자바 응용 개발자 양성과정');
insert into tblClass (Class_Seq, name) values (31, '(스마트웹&콘텐츠개발)백엔드 응용 엔지니어 양성과정D');
insert into tblClass (Class_Seq, name) values (32, '(클라우드운영관리)자바 응용 엔지니어 양성과정B');
insert into tblClass (Class_Seq, name) values (33, '(디지털컨버전스)AWS클라우드 전문가 양성과정');
insert into tblClass (Class_Seq, name) values (34, '(스마트웹&콘텐츠개발)Full-Stack 응용 전문가 양성과정');
insert into tblClass (Class_Seq, name) values (35, '(스마트웹&콘텐츠개발)리액트 혼합 전문가 양성과정D');
insert into tblClass (Class_Seq, name) values (36, '(클라우드운영관리)백엔드 전문가 양성과정C');
insert into tblClass (Class_Seq, name) values (37, '(스마트웹&콘텐츠개발)SW 혼합 전문가 양성과정D');
insert into tblClass (Class_Seq, name) values (38, '(웹기반)UI/UX 엔지니어 양성과정B');
insert into tblClass (Class_Seq, name) values (39, '(정보시스템구축)아두이노 혼합 전문가 양성과정B');
insert into tblClass (Class_Seq, name) values (40, '(정보시스템구축)UI/UX 응용 전문가 양성과정');
insert into tblClass (Class_Seq, name) values (41, '자바 응용 엔지니어 양성과정B');
insert into tblClass (Class_Seq, name) values (42, '자바 혼합 개발자 양성과정D');
insert into tblClass (Class_Seq, name) values (43, '소프트웨어 엔지니어 양성과정C');
insert into tblClass (Class_Seq, name) values (44, '디지털 콘텐츠 융합자바 엔지니어 양성과정');
insert into tblClass (Class_Seq, name) values (45, '(웹기반)공공데이터 혼합 개발자 양성과정A');
insert into tblClass (Class_Seq, name) values (46, '(정보시스템구축)리액트 혼합 개발자 양성과정C');
insert into tblClass (Class_Seq, name) values (47, '(웹기반)넥사크로 플랫폼 혼합 개발자 양성과정A');
insert into tblClass (Class_Seq, name) values (48, '넥사크로 플랫폼 응용 개발자 양성과정D');
insert into tblClass (Class_Seq, name) values (49, '(스마트웹&콘텐츠개발)아두이노 혼합 전문가 양성과정');
insert into tblClass (Class_Seq, name) values (50, '디지털 콘텐츠 융합아두이노 엔지니어 양성과정');
insert into tblClass (Class_Seq, name) values (51, '(정보시스템구축)공공데이터 혼합 개발자 양성과정');
insert into tblClass (Class_Seq, name) values (52, '(디지털컨버전스)아두이노 혼합 전문가 양성과정');
insert into tblClass (Class_Seq, name) values (53, 'SW 응용 개발자 양성과정A');
insert into tblClass (Class_Seq, name) values (54, '(정보시스템구축)소프트웨어 혼합 전문가 양성과정D');
insert into tblClass (Class_Seq, name) values (55, '(웹기반)C언어 응용 개발자 양성과정');
insert into tblClass (Class_Seq, name) values (56, '(클라우드운영관리)리액트 엔지니어 양성과정B');
insert into tblClass (Class_Seq, name) values (57, '(웹기반)프론트엔드 엔지니어 양성과정B');
insert into tblClass (Class_Seq, name) values (58, '리액트 응용 개발자 양성과정');
insert into tblClass (Class_Seq, name) values (59, '(스마트웹&콘텐츠개발)소프트웨어 개발자 양성과정');
insert into tblClass (Class_Seq, name) values (60, '(정보시스템구축)SW 엔지니어 양성과정B');
insert into tblClass (Class_Seq, name) values (61, 'UI/UX 엔지니어 양성과정B');
insert into tblClass (Class_Seq, name) values (62, '(정보시스템구축)자바 응용 개발자 양성과정D');
insert into tblClass (Class_Seq, name) values (63, '(정보시스템구축)Full-Stack 엔지니어 양성과정');
insert into tblClass (Class_Seq, name) values (64, '(디지털컨버전스)프론트엔드 개발자 양성과정');
insert into tblClass (Class_Seq, name) values (65, '디지털 콘텐츠 융합Full-Stack 혼합 전문가 양성과정');
insert into tblClass (Class_Seq, name) values (66, '(스마트웹&콘텐츠개발)소프트웨어 응용 엔지니어 양성과정');
insert into tblClass (Class_Seq, name) values (67, '디지털 콘텐츠 융합소프트웨어 엔지니어 양성과정A');
insert into tblClass (Class_Seq, name) values (68, '(디지털컨버전스)소프트웨어 개발자 양성과정');
insert into tblClass (Class_Seq, name) values (69, '(스마트웹&콘텐츠개발)UI/UX 혼합 개발자 양성과정');
insert into tblClass (Class_Seq, name) values (70, '(스마트웹&콘텐츠개발)UI/UX 혼합 엔지니어 양성과정');
insert into tblClass (Class_Seq, name) values (71, '(웹기반)웹 융합 응용 개발자 양성과정');
insert into tblClass (Class_Seq, name) values (72, 'AWS클라우드 엔지니어 양성과정C');
insert into tblClass (Class_Seq, name) values (73, '(디지털컨버전스)넥사크로 플랫폼 혼합 엔지니어 양성과정B');
insert into tblClass (Class_Seq, name) values (74, '(디지털컨버전스)아두이노 전문가 양성과정');
insert into tblClass (Class_Seq, name) values (75, '(클라우드운영관리)아두이노 혼합 엔지니어 양성과정');
insert into tblClass (Class_Seq, name) values (76, '디지털 콘텐츠 융합C언어 응용 개발자 양성과정A');
insert into tblClass (Class_Seq, name) values (77, '디지털 콘텐츠 융합소프트웨어 응용 개발자 양성과정B');
insert into tblClass (Class_Seq, name) values (78, '(웹기반)자바 혼합 개발자 양성과정A');
insert into tblClass (Class_Seq, name) values (79, '(정보시스템구축)리액트 전문가 양성과정A');
insert into tblClass (Class_Seq, name) values (80, '디지털 콘텐츠 융합아두이노 응용 개발자 양성과정C');
insert into tblClass (Class_Seq, name) values (81, '(클라우드운영관리)자바 응용 전문가 양성과정');
insert into tblClass (Class_Seq, name) values (82, '(클라우드운영관리)Full-Stack 응용 엔지니어 양성과정C');
insert into tblClass (Class_Seq, name) values (83, 'AWS클라우드 응용 엔지니어 양성과정');
insert into tblClass (Class_Seq, name) values (84, 'UI/UX 혼합 개발자 양성과정A');
insert into tblClass (Class_Seq, name) values (85, '(클라우드운영관리)넥사크로 플랫폼 혼합 전문가 양성과정D');
insert into tblClass (Class_Seq, name) values (86, '디지털 콘텐츠 융합자바 응용 개발자 양성과정A');
insert into tblClass (Class_Seq, name) values (87, '(스마트웹&콘텐츠개발)SW 혼합 엔지니어 양성과정');
insert into tblClass (Class_Seq, name) values (88, '(웹기반)아두이노 혼합 엔지니어 양성과정C');
insert into tblClass (Class_Seq, name) values (89, '아두이노 전문가 양성과정');
insert into tblClass (Class_Seq, name) values (90, '(클라우드운영관리)프론트엔드 응용 개발자 양성과정A');
insert into tblClass (Class_Seq, name) values (91, '(정보시스템구축)프론트엔드 응용 엔지니어 양성과정');
insert into tblClass (Class_Seq, name) values (92, 'Full-Stack 응용 개발자 양성과정B');
insert into tblClass (Class_Seq, name) values (93, '(스마트웹&콘텐츠개발)소프트웨어 응용 개발자 양성과정');
insert into tblClass (Class_Seq, name) values (94, '(클라우드운영관리)백엔드 전문가 양성과정');
insert into tblClass (Class_Seq, name) values (95, '디지털 콘텐츠 융합백엔드 전문가 양성과정D');
insert into tblClass (Class_Seq, name) values (96, '디지털 콘텐츠 융합넥사크로 플랫폼 응용 개발자 양성과정');
insert into tblClass (Class_Seq, name) values (97, '(정보시스템구축)백엔드 응용 엔지니어 양성과정A');
insert into tblClass (Class_Seq, name) values (98, '(스마트웹&콘텐츠개발)웹 융합 엔지니어 양성과정A');
insert into tblClass (Class_Seq, name) values (99, '웹 융합 혼합 엔지니어 양성과정B');
insert into tblClass (Class_Seq, name) values (100, '프론트엔드 혼합 개발자 양성과정A');

insert into tblclass values (101, '(디지털컨버전스) Java 기반 임베디드 플랫폼 연동 융합 개발자 양성 과정');



--BookName

-- tblBookName

insert into tblBookName (bookname_seq, name, publisher) values (1, '비전공자를 위한 이해할 수 있는 IT 지식', '티더블유아이지');
insert into tblBookName (bookname_seq, name, publisher) values (2, 'Clean Code(클린 코드)', '인사이트');
insert into tblBookName (bookname_seq, name, publisher) values (3, '오늘부터 개발자', '천그루숲');
insert into tblBookName (bookname_seq, name, publisher) values (4, '스토리텔링 우동이즘의 잘 팔리는 웹툰, 웹소설 이야기 만들기', '한빛미디어');
insert into tblBookName (bookname_seq, name, publisher) values (5, '오늘도 개발자가 안 된다고 말했다', '디지털북스');
insert into tblBookName (bookname_seq, name, publisher) values (6, '그림으로 이해하는 IT 지식과 트렌드', '길벗');
insert into tblBookName (bookname_seq, name, publisher) values (7, '그림으로 공부하는 IT 인프라 구조(개정판)', '제이펍');
insert into tblBookName (bookname_seq, name, publisher) values (8, '린 스타트업', '인사이트');
insert into tblBookName (bookname_seq, name, publisher) values (9, '웹소설 써서 먹고삽니다', '길벗');
insert into tblBookName (bookname_seq, name, publisher) values (10, '실용주의 프로그래머', '인사이트');
insert into tblBookName (bookname_seq, name, publisher) values (11, '뉴스를 전합니다 빅데이터와 인공지능', '영진닷컴');
insert into tblBookName (bookname_seq, name, publisher) values (12, 'IT용어 도감', '성안당');
insert into tblBookName (bookname_seq, name, publisher) values (13, '린 분석', '한빛미디어');
insert into tblBookName (bookname_seq, name, publisher) values (14, '개발 7년차, 매니저 1일차', '한빛미디어');
insert into tblBookName (bookname_seq, name, publisher) values (15, '테스트 주도 개발(프로그램 프로그래밍 프로그래머 4)', '인사이트');
insert into tblBookName (bookname_seq, name, publisher) values (16, '개발자의 글쓰기', '위키북스');
insert into tblBookName (bookname_seq, name, publisher) values (17, '디지털 시대에 살아남는 IT 지식', '정보문화사');
insert into tblBookName (bookname_seq, name, publisher) values (18, '그로스 해킹(Growth Hacking)', '길벗');
insert into tblBookName (bookname_seq, name, publisher) values (19, 'IT 개발자의 영어 필살기', '만');-- ㅊ ㅐ ㄱ만
insert into tblBookName (bookname_seq, name, publisher) values (20, '생각하는 프로그래밍(프로그램 프로그래밍 프로그래머)', '인사이트');
insert into tblBookName (bookname_seq, name, publisher) values (21, '디지털 콘텐츠 실전 마케팅: 퍼포먼스 마케팅의 정석', '디지털북스');
insert into tblBookName (bookname_seq, name, publisher) values (22, '맨먼스 미신(프로그램 프로그래밍 프로그래머 시리즈 9)', '인사이트');
insert into tblBookName (bookname_seq, name, publisher) values (23, '컴퓨터과학이 여는 세계', '인사이트');
insert into tblBookName (bookname_seq, name, publisher) values (24, '린 스타트업(한빛미디어 IT스타트업 시리즈)', '한빛미디어');
insert into tblBookName (bookname_seq, name, publisher) values (25, '누가 IT시장 취업에 성공하는가(개발자 취업 성공 프로젝트 1)', '로드북');
insert into tblBookName (bookname_seq, name, publisher) values (26, '개발자도 궁금한 IT 인프라', '제이펍');
insert into tblBookName (bookname_seq, name, publisher) values (27, '와디즈 리워드 크라우드 펀딩(누구나 따라하는)', '성안당');
insert into tblBookName (bookname_seq, name, publisher) values (28, '개발자를 위한 글쓰기 가이드', '로드북');
insert into tblBookName (bookname_seq, name, publisher) values (29, '나는 주니어 개발자다(사람과 프로그래머 11)', '로드북');
insert into tblBookName (bookname_seq, name, publisher) values (30, '실용주의 사고와 학습(재출간판)(IT Leaders 25)', '위키북스');
insert into tblBookName (bookname_seq, name, publisher) values (31, '커리어 스킬', '길벗');
insert into tblBookName (bookname_seq, name, publisher) values (32, 'WebXR로 만드는 AR/VR', '에이콘출판');
insert into tblBookName (bookname_seq, name, publisher) values (33, '프로그래머는 왜 심리문제에 골몰하는가?', '스포트라잇북');
insert into tblBookName (bookname_seq, name, publisher) values (34, 'RPA의 모든 것', '영진닷컴');
insert into tblBookName (bookname_seq, name, publisher) values (35, 'IT 업계에서 살아남기', '정보문화사');
insert into tblBookName (bookname_seq, name, publisher) values (36, '디지털 마케팅과 페이스북 광고', '디지털북스');
insert into tblBookName (bookname_seq, name, publisher) values (37, 'YouTube 마케팅 한 권으로 끝내기', '디지털북스');
insert into tblBookName (bookname_seq, name, publisher) values (38, '체크메이트로 구현하는 RPA 업무 자동화', '프리렉');
insert into tblBookName (bookname_seq, name, publisher) values (39, '프로그래밍 심리학(프로그램 프로그래밍 프로그래머)(양장본 HardCover)', '인사이트');
insert into tblBookName (bookname_seq, name, publisher) values (40, '피플웨어(3판)', '인사이트');
insert into tblBookName (bookname_seq, name, publisher) values (41, '엔지니어를 위한 문장의 기술', '로드북');
insert into tblBookName (bookname_seq, name, publisher) values (42, '인공지능 시대를 위한 컴퓨터 과학 개론(IT CookBook 281)', '한빛아카데미');
insert into tblBookName (bookname_seq, name, publisher) values (43, '소프트웨어 스펙의 모든 것', '한빛미디어');
insert into tblBookName (bookname_seq, name, publisher) values (44, '실리콘밸리 리더십', '한빛미디어');
insert into tblBookName (bookname_seq, name, publisher) values (45, '구글 팁북(Google Tip Book)', '길벗');
insert into tblBookName (bookname_seq, name, publisher) values (46, '전자정부 표준프레임워크 퀵스타트', '루비페이퍼');
insert into tblBookName (bookname_seq, name, publisher) values (47, '블로그 글쓰기 나만의 콘텐츠로 성공하기', '아티오');
insert into tblBookName (bookname_seq, name, publisher) values (48, '넷플릭스의 클라우드 엔지니어링', '예문사');
insert into tblBookName (bookname_seq, name, publisher) values (49, '인문학도, 개발자되다', '영진닷컴');
insert into tblBookName (bookname_seq, name, publisher) values (50, '가상화의 기본 개념(집에서 배우는)', '정보문화사');
insert into tblBookName (bookname_seq, name, publisher) values (51, '최신 IT 트렌드(그림 한 장으로 보는)(개정증보판)', '정보문화사');
insert into tblBookName (bookname_seq, name, publisher) values (52, '미래의 핵심 기술', '정보문화사');
insert into tblBookName (bookname_seq, name, publisher) values (53, '기업 창업가 매뉴얼(acornLoft)', '에이콘출판');
insert into tblBookName (bookname_seq, name, publisher) values (54, '역사 속의 소프트웨어 오류(acornLoft)', '에이콘출판');
insert into tblBookName (bookname_seq, name, publisher) values (55, '인프라 엔지니어의 교과서', '길벗');
insert into tblBookName (bookname_seq, name, publisher) values (56, '구글러가 전하는 IT 취업 가이드', '인사이트');
insert into tblBookName (bookname_seq, name, publisher) values (57, '대체 뭐가 문제야(개정판)', '인사이트');
insert into tblBookName (bookname_seq, name, publisher) values (58, 'Nature of Code', '한빛미디어');
insert into tblBookName (bookname_seq, name, publisher) values (59, '페이스북 마케팅(백만 방문자와 소통하는)(2판)', '한빛미디어');
insert into tblBookName (bookname_seq, name, publisher) values (60, '스마트 스페이스와 디지털 트랜스포메이션 전략(양장본 HardCover)', '연세대학교 대학출판문화원');
insert into tblBookName (bookname_seq, name, publisher) values (61, '처음 떠나는 컴퓨터과학 산책', '생능출판');
insert into tblBookName (bookname_seq, name, publisher) values (62, '지능정보사회와 AI 윤리', '배움터');
insert into tblBookName (bookname_seq, name, publisher) values (63, 'IT 아키텍트가 하지 말아야 할 128가지', '로드북');
insert into tblBookName (bookname_seq, name, publisher) values (64, '4차 산업혁명을 이끌 IT 과학이야기(누구나 읽을 수 있는 IT 과학이야기 2)', '로드북');
insert into tblBookName (bookname_seq, name, publisher) values (65, '프로그래머, 수학의 시대(사람과 프로그래머 8)', '로드북');
insert into tblBookName (bookname_seq, name, publisher) values (66, '개발자 오디세이아(사람과 프로그래머 9)', '로드북');
insert into tblBookName (bookname_seq, name, publisher) values (67, '왜 시스템 개발만 하면 싸워댈까?(IT Leaders 21)', '위키북스');
insert into tblBookName (bookname_seq, name, publisher) values (68, '1개월 만에 나도 프로그래머, IT 개발자 되기', '좋은땅');
insert into tblBookName (bookname_seq, name, publisher) values (69, '알고리즘 마케팅(데이터 과학)', '에이콘출판');
insert into tblBookName (bookname_seq, name, publisher) values (70, '마크 저커버그의 배신(에이콘 소셜미디어 시리즈)', '에이콘출판');
insert into tblBookName (bookname_seq, name, publisher) values (71, '창업의 과학', '한빛미디어');
insert into tblBookName (bookname_seq, name, publisher) values (72, '소프트 스킬', '길벗');
insert into tblBookName (bookname_seq, name, publisher) values (73, 'VR 마케팅 교과서', '유엑스리뷰(UX REVIEW)');
insert into tblBookName (bookname_seq, name, publisher) values (74, '시각화 컴퓨팅 사고 연습(새틀(SETL)을 이용한)', '소프트웨어품질기술원');
insert into tblBookName (bookname_seq, name, publisher) values (75, 'The Python - 파이썬 프로그래밍 1부', 'BOOKK(부크크)');
insert into tblBookName (bookname_seq, name, publisher) values (76, '혼자 공부하는 머신러닝+딥러닝', '한빛미디어');
insert into tblBookName (bookname_seq, name, publisher) values (77, '한 권으로 읽는 컴퓨터 구조와 프로그래밍', '책만'); 
insert into tblBookName (bookname_seq, name, publisher) values (78, 'Do it! 파이썬 생활 프로그래밍', '이지스퍼블리싱');
insert into tblBookName (bookname_seq, name, publisher) values (79, '파이썬 머신러닝 완벽 가이드', '위키북스');
insert into tblBookName (bookname_seq, name, publisher) values (80, '모던 자바스크립트 Deep Dive', '위키북스');
insert into tblBookName (bookname_seq, name, publisher) values (81, '이것이 취업을 위한 코딩 테스트다 with 파이썬', '한빛미디어');
insert into tblBookName (bookname_seq, name, publisher) values (82, '단위 테스트', '에이콘출판사');
insert into tblBookName (bookname_seq, name, publisher) values (83, '혼자 공부하는 C 언어', '한빛미디어');
insert into tblBookName (bookname_seq, name, publisher) values (84, 'Java의 정석', '도우출판');
insert into tblBookName (bookname_seq, name, publisher) values (85, '핸즈온 머신러닝', '한빛미디어');
insert into tblBookName (bookname_seq, name, publisher) values (86, '파이썬 알고리즘 인터뷰', '책만');
insert into tblBookName (bookname_seq, name, publisher) values (87, '리액트를 다루는 기술', '길벗');
insert into tblBookName (bookname_seq, name, publisher) values (88, 'Do it! 첫 코딩 with 파이썬', '이지스퍼블리싱');
insert into tblBookName (bookname_seq, name, publisher) values (89, '리액트 네이티브를 다루는 기술', '길벗');
insert into tblBookName (bookname_seq, name, publisher) values (90, '소프트웨어 아키텍처 101', '한빛미디어');
insert into tblBookName (bookname_seq, name, publisher) values (91, '한 권으로 배우는 Vue.js 3', '영진닷컴');
insert into tblBookName (bookname_seq, name, publisher) values (92, '이펙티브 자바 Effective Java 3/E', '인사이트(insight)');
insert into tblBookName (bookname_seq, name, publisher) values (93, '자바 ORM 표준 JPA 프로그래밍', '에이콘출판사');
insert into tblBookName (bookname_seq, name, publisher) values (94, '혼자 공부하는 자바', '한빛미디어');
insert into tblBookName (bookname_seq, name, publisher) values (95, '쿠버네티스 완벽 가이드', '길벗');
insert into tblBookName (bookname_seq, name, publisher) values (96, '모두의 인공지능 기초 수학', '길벗');
insert into tblBookName (bookname_seq, name, publisher) values (97, '머신러닝 디자인 패턴', '한빛미디어');
insert into tblBookName (bookname_seq, name, publisher) values (98, 'Do it! 플러터 앱 프로그래밍', '이지스퍼블리싱');
insert into tblBookName (bookname_seq, name, publisher) values (99, '객체지향의 사실과 오해', '위키북스');
insert into tblBookName (bookname_seq, name, publisher) values (100, 'Node.js 교과서', '길벗');
insert into tblBookName (bookname_seq, name, publisher) values (101, '파이썬 증권 데이터 분석', '한빛미디어');
insert into tblBookName (bookname_seq, name, publisher) values (102, 'Do it! 자바 프로그래밍 입문', '이지스퍼블리싱');
insert into tblBookName (bookname_seq, name, publisher) values (103, '윤성우의 열혈 C 프로그래밍', '오렌지미디어');
insert into tblBookName (bookname_seq, name, publisher) values (104, '혼자 공부하는 첫 프로그래밍 with 파이썬', '한빛미디어');
insert into tblBookName (bookname_seq, name, publisher) values (105, '코어 자바스크립트', '위키북스');
insert into tblBookName (bookname_seq, name, publisher) values (106, '오브젝트', '위키북스');
insert into tblBookName (bookname_seq, name, publisher) values (107, '자바의 정석 기초편', '도우출판');
insert into tblBookName (bookname_seq, name, publisher) values (108, '파이썬을 이용한 비트코인 자동매매', '파이스탁');
insert into tblBookName (bookname_seq, name, publisher) values (109, '모던 자바 인 액션', '한빛미디어');
insert into tblBookName (bookname_seq, name, publisher) values (110, '눈 떠보니 메타버스 마스터', '광문각');
insert into tblBookName (bookname_seq, name, publisher) values (111, 'Do it! 딥러닝 교과서', '이지스퍼블리싱');
insert into tblBookName (bookname_seq, name, publisher) values (112, '실전 시계열 분석', '한빛미디어');
insert into tblBookName (bookname_seq, name, publisher) values (113, '혼자 공부하는 자바스크립트', '한빛미디어');
insert into tblBookName (bookname_seq, name, publisher) values (114, '밑바닥부터 시작하는 딥러닝 3', '한빛미디어');
insert into tblBookName (bookname_seq, name, publisher) values (115, '코딩인터뷰 완전분석', '인사이트(insight)');
insert into tblBookName (bookname_seq, name, publisher) values (116, 'CODE 코드', '인사이트(insight)');
insert into tblBookName (bookname_seq, name, publisher) values (117, '쿠버네티스 인 액션', '에이콘출판사');
insert into tblBookName (bookname_seq, name, publisher) values (118, '따라하며 배우는 도커와 CI 환경', '위키북스');
insert into tblBookName (bookname_seq, name, publisher) values (119, '만들면서 배우는 파이토치 딥러닝', '한빛미디어');
insert into tblBookName (bookname_seq, name, publisher) values (120, '코드로 배우는 스프링 부트 웹 프로젝트', '남가람북스');
insert into tblBookName (bookname_seq, name, publisher) values (121, '그림으로 배우는 프로그래밍 구조', '영진닷컴');
insert into tblBookName (bookname_seq, name, publisher) values (122, '이펙티브 타입스크립트', '인사이트(insight)');
insert into tblBookName (bookname_seq, name, publisher) values (123, '데이터 과학을 위한 통계', '한빛미디어');
insert into tblBookName (bookname_seq, name, publisher) values (124, 'C언어로 쉽게 풀어쓴 자료구조', '생능출판사');
insert into tblBookName (bookname_seq, name, publisher) values (125, '이것이 MySQL이다', '한빛미디어');
insert into tblBookName (bookname_seq, name, publisher) values (126, 'Do it! 쉽게 배우는 R 데이터 분석', '이지스퍼블리싱');
insert into tblBookName (bookname_seq, name, publisher) values (127, '파이썬 데이터 클리닝 쿡북', '위키북스');
insert into tblBookName (bookname_seq, name, publisher) values (128, '개발자에서 아키텍트로', '한빛미디어');
insert into tblBookName (bookname_seq, name, publisher) values (129, '자바 웹을 다루는 기술', '길벗');
insert into tblBookName (bookname_seq, name, publisher) values (130, '모던 자바스크립트 입문', '길벗');

commit;


--Subject

-- tblSubject
insert into tblSubject (Subject_Seq, name) values (1, '자바');
insert into tblSubject (Subject_Seq, name) values (2, '기계어');
insert into tblSubject (Subject_Seq, name) values (3, '어셈블리어');
insert into tblSubject (Subject_Seq, name) values (4, '베이직');
insert into tblSubject (Subject_Seq, name) values (5, 'C');
insert into tblSubject (Subject_Seq, name) values (6, 'C#');
insert into tblSubject (Subject_Seq, name) values (7, 'C++');
insert into tblSubject (Subject_Seq, name) values (8, 'D');
insert into tblSubject (Subject_Seq, name) values (9, 'F');
insert into tblSubject (Subject_Seq, name) values (10, 'F#');
insert into tblSubject (Subject_Seq, name) values (11, '파이썬');
insert into tblSubject (Subject_Seq, name) values (12, '코틀린');
insert into tblSubject (Subject_Seq, name) values (13, '파스칼');
insert into tblSubject (Subject_Seq, name) values (14, '프롤로그');
insert into tblSubject (Subject_Seq, name) values (15, '포트란');
insert into tblSubject (Subject_Seq, name) values (16, '코볼');
insert into tblSubject (Subject_Seq, name) values (17, '리스프');
insert into tblSubject (Subject_Seq, name) values (18, '펄');
insert into tblSubject (Subject_Seq, name) values (19, 'R');
insert into tblSubject (Subject_Seq, name) values (20, '그루비');
insert into tblSubject (Subject_Seq, name) values (21, '스칼라');
insert into tblSubject (Subject_Seq, name) values (22, 'occam');
insert into tblSubject (Subject_Seq, name) values (23, 'Swift');
insert into tblSubject (Subject_Seq, name) values (24, 'KRL');
insert into tblSubject (Subject_Seq, name) values (25, 'C SHELL');
insert into tblSubject (Subject_Seq, name) values (26, 'CPL');
insert into tblSubject (Subject_Seq, name) values (27, 'CIL');
insert into tblSubject (Subject_Seq, name) values (28, '자바스크립트');
insert into tblSubject (Subject_Seq, name) values (29, '오라클');
insert into tblSubject (Subject_Seq, name) values (30, 'HTML');
insert into tblSubject (Subject_Seq, name) values (31, 'CSS');
insert into tblSubject (Subject_Seq, name) values (32, '자바스프링');

--tblPoints
insert into tblPoints(Points_seq, Written, Practical, PAttendance, Subject_seq) values (1, 18, 32, 24, 27);
insert into tblPoints(Points_seq, Written, Practical, PAttendance, Subject_seq) values (2, 25, 30, 47, 16);
insert into tblPoints(Points_seq, Written, Practical, PAttendance, Subject_seq) values (3, 4, 25, 33, 4);
insert into tblPoints(Points_seq, Written, Practical, PAttendance, Subject_seq) values (4, 36, 26, 50, 29);
insert into tblPoints(Points_seq, Written, Practical, PAttendance, Subject_seq) values (5, 35, 28, 34, 8);
insert into tblPoints(Points_seq, Written, Practical, PAttendance, Subject_seq) values (6, 13, 32, 37, 20);
insert into tblPoints(Points_seq, Written, Practical, PAttendance, Subject_seq) values (7, 34, 19, 24, 30);
insert into tblPoints(Points_seq, Written, Practical, PAttendance, Subject_seq) values (8, 26, 6, 52, 6);
insert into tblPoints(Points_seq, Written, Practical, PAttendance, Subject_seq) values (9, 11, 15, 34, 14);
insert into tblPoints(Points_seq, Written, Practical, PAttendance, Subject_seq) values (10, 32, 14, 53, 24);
insert into tblPoints(Points_seq, Written, Practical, PAttendance, Subject_seq) values (11, 33, 9, 27, 25);
insert into tblPoints(Points_seq, Written, Practical, PAttendance, Subject_seq) values (12, 35, 40, 47, 24);
insert into tblPoints(Points_seq, Written, Practical, PAttendance, Subject_seq) values (13, 25, 39, 36, 28);
insert into tblPoints(Points_seq, Written, Practical, PAttendance, Subject_seq) values (14, 39, 20, 56, 16);
insert into tblPoints(Points_seq, Written, Practical, PAttendance, Subject_seq) values (15, 14, 30, 39, 9);
insert into tblPoints(Points_seq, Written, Practical, PAttendance, Subject_seq) values (16, 22, 17, 37, 19);
insert into tblPoints(Points_seq, Written, Practical, PAttendance, Subject_seq) values (17, 22, 34, 22, 30);
insert into tblPoints(Points_seq, Written, Practical, PAttendance, Subject_seq) values (18, 30, 22, 41, 28);
insert into tblPoints(Points_seq, Written, Practical, PAttendance, Subject_seq) values (19, 12, 4, 24, 24);
insert into tblPoints(Points_seq, Written, Practical, PAttendance, Subject_seq) values (20, 26, 5, 22, 30);
insert into tblPoints(Points_seq, Written, Practical, PAttendance, Subject_seq) values (21, 34, 35, 22, 27);
insert into tblPoints(Points_seq, Written, Practical, PAttendance, Subject_seq) values (22, 13, 14, 57, 16);
insert into tblPoints(Points_seq, Written, Practical, PAttendance, Subject_seq) values (23, 31, 34, 38, 32);
insert into tblPoints(Points_seq, Written, Practical, PAttendance, Subject_seq) values (24, 17, 20, 25, 15);
insert into tblPoints(Points_seq, Written, Practical, PAttendance, Subject_seq) values (25, 29, 33, 35, 27);
insert into tblPoints(Points_seq, Written, Practical, PAttendance, Subject_seq) values (26, 16, 27, 34, 2);
insert into tblPoints(Points_seq, Written, Practical, PAttendance, Subject_seq) values (27, 4, 17, 20, 3);
insert into tblPoints(Points_seq, Written, Practical, PAttendance, Subject_seq) values (28, 33, 3, 42, 16);
insert into tblPoints(Points_seq, Written, Practical, PAttendance, Subject_seq) values (29, 29, 40, 41, 13);
insert into tblPoints(Points_seq, Written, Practical, PAttendance, Subject_seq) values (30, 6, 38, 32, 6);
insert into tblPoints(Points_seq, Written, Practical, PAttendance, Subject_seq) values (31, 29, 3, 44, 4);
insert into tblPoints(Points_seq, Written, Practical, PAttendance, Subject_seq) values (32, 1, 36, 39, 14);
insert into tblPoints(Points_seq, Written, Practical, PAttendance, Subject_seq) values (33, 15, 27, 20, 22);
insert into tblPoints(Points_seq, Written, Practical, PAttendance, Subject_seq) values (34, 4, 4, 57, 24);
insert into tblPoints(Points_seq, Written, Practical, PAttendance, Subject_seq) values (35, 39, 2, 23, 20);
insert into tblPoints(Points_seq, Written, Practical, PAttendance, Subject_seq) values (36, 34, 32, 29, 29);
insert into tblPoints(Points_seq, Written, Practical, PAttendance, Subject_seq) values (37, 20, 40, 31, 6);
insert into tblPoints(Points_seq, Written, Practical, PAttendance, Subject_seq) values (38, 26, 29, 22, 28);
insert into tblPoints(Points_seq, Written, Practical, PAttendance, Subject_seq) values (39, 27, 10, 48, 9);
insert into tblPoints(Points_seq, Written, Practical, PAttendance, Subject_seq) values (40, 18, 28, 42, 8);
insert into tblPoints(Points_seq, Written, Practical, PAttendance, Subject_seq) values (41, 9, 22, 49, 12);
insert into tblPoints(Points_seq, Written, Practical, PAttendance, Subject_seq) values (42, 26, 15, 33, 2);
insert into tblPoints(Points_seq, Written, Practical, PAttendance, Subject_seq) values (43, 38, 40, 51, 2);
insert into tblPoints(Points_seq, Written, Practical, PAttendance, Subject_seq) values (44, 38, 37, 56, 27);
insert into tblPoints(Points_seq, Written, Practical, PAttendance, Subject_seq) values (45, 25, 18, 22, 23);
insert into tblPoints(Points_seq, Written, Practical, PAttendance, Subject_seq) values (46, 19, 7, 58, 24);
insert into tblPoints(Points_seq, Written, Practical, PAttendance, Subject_seq) values (47, 32, 19, 57, 23);
insert into tblPoints(Points_seq, Written, Practical, PAttendance, Subject_seq) values (48, 6, 14, 45, 18);
insert into tblPoints(Points_seq, Written, Practical, PAttendance, Subject_seq) values (49, 11, 11, 49, 23);
insert into tblPoints(Points_seq, Written, Practical, PAttendance, Subject_seq) values (50, 16, 23, 45, 32);
insert into tblPoints(Points_seq, Written, Practical, PAttendance, Subject_seq) values (51, 25, 4, 55, 32);
insert into tblPoints(Points_seq, Written, Practical, PAttendance, Subject_seq) values (52, 18, 30, 55, 6);
insert into tblPoints(Points_seq, Written, Practical, PAttendance, Subject_seq) values (53, 3, 7, 21, 5);
insert into tblPoints(Points_seq, Written, Practical, PAttendance, Subject_seq) values (54, 6, 16, 25, 20);
insert into tblPoints(Points_seq, Written, Practical, PAttendance, Subject_seq) values (55, 26, 31, 54, 20);
insert into tblPoints(Points_seq, Written, Practical, PAttendance, Subject_seq) values (56, 21, 31, 53, 32);
insert into tblPoints(Points_seq, Written, Practical, PAttendance, Subject_seq) values (57, 12, 39, 54, 14);
insert into tblPoints(Points_seq, Written, Practical, PAttendance, Subject_seq) values (58, 36, 1, 54, 8);
insert into tblPoints(Points_seq, Written, Practical, PAttendance, Subject_seq) values (59, 22, 35, 22, 16);
insert into tblPoints(Points_seq, Written, Practical, PAttendance, Subject_seq) values (60, 15, 16, 56, 6);
insert into tblPoints(Points_seq, Written, Practical, PAttendance, Subject_seq) values (61, 35, 25, 33, 8);
insert into tblPoints(Points_seq, Written, Practical, PAttendance, Subject_seq) values (62, 24, 36, 27, 15);
insert into tblPoints(Points_seq, Written, Practical, PAttendance, Subject_seq) values (63, 25, 9, 28, 19);
insert into tblPoints(Points_seq, Written, Practical, PAttendance, Subject_seq) values (64, 14, 28, 31, 16);
insert into tblPoints(Points_seq, Written, Practical, PAttendance, Subject_seq) values (65, 23, 17, 26, 7);
insert into tblPoints(Points_seq, Written, Practical, PAttendance, Subject_seq) values (66, 19, 6, 58, 32);
insert into tblPoints(Points_seq, Written, Practical, PAttendance, Subject_seq) values (67, 7, 31, 30, 24);
insert into tblPoints(Points_seq, Written, Practical, PAttendance, Subject_seq) values (68, 6, 12, 31, 28);
insert into tblPoints(Points_seq, Written, Practical, PAttendance, Subject_seq) values (69, 37, 27, 46, 22);
insert into tblPoints(Points_seq, Written, Practical, PAttendance, Subject_seq) values (70, 4, 21, 36, 21);
insert into tblPoints(Points_seq, Written, Practical, PAttendance, Subject_seq) values (71, 33, 9, 43, 18);
insert into tblPoints(Points_seq, Written, Practical, PAttendance, Subject_seq) values (72, 37, 7, 32, 32);
insert into tblPoints(Points_seq, Written, Practical, PAttendance, Subject_seq) values (73, 29, 4, 49, 1);
insert into tblPoints(Points_seq, Written, Practical, PAttendance, Subject_seq) values (74, 14, 22, 35, 3);
insert into tblPoints(Points_seq, Written, Practical, PAttendance, Subject_seq) values (75, 27, 22, 54, 30);
insert into tblPoints(Points_seq, Written, Practical, PAttendance, Subject_seq) values (76, 26, 35, 33, 32);
insert into tblPoints(Points_seq, Written, Practical, PAttendance, Subject_seq) values (77, 6, 26, 33, 16);
insert into tblPoints(Points_seq, Written, Practical, PAttendance, Subject_seq) values (78, 11, 32, 28, 6);
insert into tblPoints(Points_seq, Written, Practical, PAttendance, Subject_seq) values (79, 15, 4, 34, 27);
insert into tblPoints(Points_seq, Written, Practical, PAttendance, Subject_seq) values (80, 5, 19, 26, 5);
insert into tblPoints(Points_seq, Written, Practical, PAttendance, Subject_seq) values (81, 38, 7, 57, 29);
insert into tblPoints(Points_seq, Written, Practical, PAttendance, Subject_seq) values (82, 29, 21, 41, 16);
insert into tblPoints(Points_seq, Written, Practical, PAttendance, Subject_seq) values (83, 12, 38, 47, 18);
insert into tblPoints(Points_seq, Written, Practical, PAttendance, Subject_seq) values (84, 23, 21, 25, 22);
insert into tblPoints(Points_seq, Written, Practical, PAttendance, Subject_seq) values (85, 30, 18, 40, 28);
insert into tblPoints(Points_seq, Written, Practical, PAttendance, Subject_seq) values (86, 24, 17, 57, 4);
insert into tblPoints(Points_seq, Written, Practical, PAttendance, Subject_seq) values (87, 22, 30, 26, 12);
insert into tblPoints(Points_seq, Written, Practical, PAttendance, Subject_seq) values (88, 33, 5, 46, 17);
insert into tblPoints(Points_seq, Written, Practical, PAttendance, Subject_seq) values (89, 23, 39, 42, 23);
insert into tblPoints(Points_seq, Written, Practical, PAttendance, Subject_seq) values (90, 13, 25, 46, 28);
insert into tblPoints(Points_seq, Written, Practical, PAttendance, Subject_seq) values (91, 36, 26, 38, 23);
insert into tblPoints(Points_seq, Written, Practical, PAttendance, Subject_seq) values (92, 37, 32, 31, 31);
insert into tblPoints(Points_seq, Written, Practical, PAttendance, Subject_seq) values (93, 30, 7, 42, 4);
insert into tblPoints(Points_seq, Written, Practical, PAttendance, Subject_seq) values (94, 31, 40, 53, 16);
insert into tblPoints(Points_seq, Written, Practical, PAttendance, Subject_seq) values (95, 26, 35, 27, 13);
insert into tblPoints(Points_seq, Written, Practical, PAttendance, Subject_seq) values (96, 22, 13, 34, 27);
insert into tblPoints(Points_seq, Written, Practical, PAttendance, Subject_seq) values (97, 25, 19, 39, 10);
insert into tblPoints(Points_seq, Written, Practical, PAttendance, Subject_seq) values (98, 7, 22, 22, 19);
insert into tblPoints(Points_seq, Written, Practical, PAttendance, Subject_seq) values (99, 25, 17, 35, 29);
insert into tblPoints(Points_seq, Written, Practical, PAttendance, Subject_seq) values (100, 30, 32, 32, 1);

-- 실데이터
-- tblPoints 실제 데이터
insert into tblPoints(Points_seq, Written, Practical, PAttendance, Subject_seq) values (101, 40, 40, 20, 1); -- 자바
insert into tblPoints(Points_seq, Written, Practical, PAttendance, Subject_seq) values (102, 40, 40, 20, 29); -- 오라클
insert into tblPoints(Points_seq, Written, Practical, PAttendance, Subject_seq) values (103, 40, 40, 20, 30); -- HTML
insert into tblPoints(Points_seq, Written, Practical, PAttendance, Subject_seq) values (104, 40, 40, 20, 32); -- JS
--Manager
INSERT INTO tblManager(Manager_seq, id, password) Values (1, 'ssangyong1', '1024982');
INSERT INTO tblManager(Manager_seq, id, password) Values (2, 'ssangyong2', '2041687');
INSERT INTO tblManager(Manager_seq, id, password) Values (3, 'ssangyong3', '1057318');
INSERT INTO tblManager(Manager_seq, id, password) Values (4, 'ssangyong4', '2046279');
INSERT INTO tblManager(Manager_seq, id, password) Values (5, 'ssangyong5', '1032157');


--Teacher
INSERT INTO tblTeacher(Teacher_Seq, name, id, jumin, tel, possibleLecture, now, Subject_Seq, Manager_Seq)Values (1, '박주영', 'chuyoung1985', 1024678, '010-1234-5678', '자바, C, 파이썬, 기계어', 'Y', 15, 1);
INSERT INTO tblTeacher(Teacher_Seq, name, id, jumin, tel, possibleLecture, now, Subject_Seq, Manager_Seq)Values (2, '기성용', 'sungyeung1989', 1078462, '010-6276-7687', '파스칼, 자바, C, 오라클', 'Y', 14, 3);
INSERT INTO tblTeacher(Teacher_Seq, name, id, jumin, tel, possibleLecture, now, Subject_Seq, Manager_Seq)Values (3, '손흥민', 'heungmin1993', 1892792, '010-5792-2110', '자바, CSS, 자바스프링, R', 'Y', 10, 1);
INSERT INTO tblTeacher(Teacher_Seq, name, id, jumin, tel, possibleLecture, now, Subject_Seq, Manager_Seq)Values (4, '황희찬', 'heechan1996', 1843724,'010-9768-1246', 'C, C++, F, 스칼라', 'Y', 25, 3);
INSERT INTO tblTeacher(Teacher_Seq, name, id, jumin, tel, possibleLecture, now, Subject_Seq, Manager_Seq)Values (5, '지소연', 'soyeon1991', 2017793, '010-5762-5762', 'CPL, CIL, CSS, 펄, 리스프, 포트란', 'Y', 19, 1);
INSERT INTO tblTeacher(Teacher_Seq, name, id, jumin, tel, possibleLecture, now, Subject_Seq, Manager_Seq)Values (6, '이민아', 'mina1991', 2019572, '010-5719-1324', '베이직, 어셈블리어, 리스프, 펄', 'Y', 29, 2);
INSERT INTO tblTeacher(Teacher_Seq, name, id, jumin, tel, possibleLecture, now, Subject_Seq, Manager_Seq)Values (7, '차범근', 'bumgeon1953', 1065754, '010-4627-1562', '그루비, Swift, occam, HTML', 'N', 29, 1);
INSERT INTO tblTeacher(Teacher_Seq, name, id, jumin, tel, possibleLecture, now, Subject_Seq, Manager_Seq)Values (8, '허정무', 'jungmoo1955', 1069792, '010-9872-1064', 'C#, 파이썬, 프롤로그, 코볼, KRL', 'N', 16, 4);
INSERT INTO tblTeacher(Teacher_Seq, name, id, jumin, tel, possibleLecture, now, Subject_Seq, Manager_Seq)Values (9, '홍명보', 'myungbo1969', 1072679, '010-6243-1071', 'CPL, D, F#, F, C', 'N', 5, 5);
INSERT INTO tblTeacher(Teacher_Seq, name, id, jumin, tel, possibleLecture, now, Subject_Seq, Manager_Seq)Values (10, '김병지', 'byungji1970', 1057927, '010-5498-4327', '파이썬, 자바, 기계어, 자바스크립트, 오라클', 'N', 24, 4);

INSERT INTO tblTeacher(Teacher_Seq, name, id, jumin, tel, possibleLecture, now, Subject_Seq, Manager_Seq)Values (11, '박세인', 'tpdls1990', 1234927, '010-9876-5432', 'HTML, 파이썬, 자바, 자바스크립트, 오라클', 'Y', 32, 1);


--Student

--student 더미
INSERT INTO TBLSTUDENT (STUDENT_SEQ, NAME, ID, SSN, TEL, ATTENDDATE, MANAGER_SEQ) VALUES (1,'엄윤섭','abc007','9505141115158','010-1234-5678',to_date('2021-09-08', 'RRRR-MM-DD'),1);
INSERT INTO TBLSTUDENT (STUDENT_SEQ, NAME, ID, SSN, TEL, ATTENDDATE, MANAGER_SEQ) VALUES (2,'김규석','def409','9708072431983','010-4219-8732',to_date('2021-09-08', 'RRRR-MM-DD'),1);
INSERT INTO TBLSTUDENT (STUDENT_SEQ, NAME, ID, SSN, TEL, ATTENDDATE, MANAGER_SEQ) VALUES (3,'송준영','ghi662','9912232500473','010-9002-0655',to_date('2021-09-08', 'RRRR-MM-DD'),1);
INSERT INTO TBLSTUDENT (STUDENT_SEQ, NAME, ID, SSN, TEL, ATTENDDATE, MANAGER_SEQ) VALUES (4,'이정현','jkl765','9602242788073','010-4405-7404',to_date('2021-09-08', 'RRRR-MM-DD'),1);
INSERT INTO TBLSTUDENT (STUDENT_SEQ, NAME, ID, SSN, TEL, ATTENDDATE, MANAGER_SEQ) VALUES (5,'윤한빈','mno419','9509252403518','010-6403-3154',to_date('2021-09-08', 'RRRR-MM-DD'),1);
INSERT INTO TBLSTUDENT (STUDENT_SEQ, NAME, ID, SSN, TEL, ATTENDDATE, MANAGER_SEQ) VALUES (6,'황현우','qrs102','9811212325740','010-1454-3113',to_date('2021-09-08', 'RRRR-MM-DD'),1);
INSERT INTO TBLSTUDENT (STUDENT_SEQ, NAME, ID, SSN, TEL, ATTENDDATE, MANAGER_SEQ) VALUES (7,'이한형','tuv625','7909132890740','010-0338-7897',to_date('2021-08-26', 'RRRR-MM-DD'),3);
INSERT INTO TBLSTUDENT (STUDENT_SEQ, NAME, ID, SSN, TEL, ATTENDDATE, MANAGER_SEQ) VALUES (8,'임인연','wxy170','7604282300851','010-1731-8406',to_date('2021-10-29', 'RRRR-MM-DD'),2);
INSERT INTO TBLSTUDENT (STUDENT_SEQ, NAME, ID, SSN, TEL, ATTENDDATE, MANAGER_SEQ) VALUES (9,'홍기혜','coc335','7310262577231','010-0328-5948',to_date('2021-09-27', 'RRRR-MM-DD'),4);
INSERT INTO TBLSTUDENT (STUDENT_SEQ, NAME, ID, SSN, TEL, ATTENDDATE, MANAGER_SEQ) VALUES (10,'윤기우','ggu049','9605222340987','010-4085-4340',to_date('2021-05-21', 'RRRR-MM-DD'),2);
INSERT INTO TBLSTUDENT (STUDENT_SEQ, NAME, ID, SSN, TEL, ATTENDDATE, MANAGER_SEQ) VALUES (11,'이상찬','dwv678','8111252688049','010-1087-7802',to_date('2021-04-05', 'RRRR-MM-DD'),5);
INSERT INTO TBLSTUDENT (STUDENT_SEQ, NAME, ID, SSN, TEL, ATTENDDATE, MANAGER_SEQ) VALUES (12,'심기혁','ooq305','7205141325794','010-5459-7674',to_date('2021-09-27', 'RRRR-MM-DD'),5);
INSERT INTO TBLSTUDENT (STUDENT_SEQ, NAME, ID, SSN, TEL, ATTENDDATE, MANAGER_SEQ) VALUES (13,'심찬미','zsg808','6902211773839','010-4277-5565',to_date('2021-05-02', 'RRRR-MM-DD'),1);
INSERT INTO TBLSTUDENT (STUDENT_SEQ, NAME, ID, SSN, TEL, ATTENDDATE, MANAGER_SEQ) VALUES (14,'이유기','jss143','9306231967994','010-0341-3742',to_date('2021-10-22', 'RRRR-MM-DD'),5);
INSERT INTO TBLSTUDENT (STUDENT_SEQ, NAME, ID, SSN, TEL, ATTENDDATE, MANAGER_SEQ) VALUES (15,'황윤준','ipn841','7301131184963','010-7521-9840',to_date('2021-06-24', 'RRRR-MM-DD'),1);
INSERT INTO TBLSTUDENT (STUDENT_SEQ, NAME, ID, SSN, TEL, ATTENDDATE, MANAGER_SEQ) VALUES (16,'김준우','cdf308','7502112601025','010-4361-9558',to_date('2021-07-11', 'RRRR-MM-DD'),4);
INSERT INTO TBLSTUDENT (STUDENT_SEQ, NAME, ID, SSN, TEL, ATTENDDATE, MANAGER_SEQ) VALUES (17,'서미정','muk568','9412192629249','010-9302-3574',to_date('2021-09-16', 'RRRR-MM-DD'),5);
INSERT INTO TBLSTUDENT (STUDENT_SEQ, NAME, ID, SSN, TEL, ATTENDDATE, MANAGER_SEQ) VALUES (18,'한영윤','olc424','8207041146594','010-2527-8689',to_date('2021-02-06', 'RRRR-MM-DD'),5);
INSERT INTO TBLSTUDENT (STUDENT_SEQ, NAME, ID, SSN, TEL, ATTENDDATE, MANAGER_SEQ) VALUES (19,'최연혜','xbc938','9310101341213','010-4708-3788',to_date('2021-01-09', 'RRRR-MM-DD'),4);
INSERT INTO TBLSTUDENT (STUDENT_SEQ, NAME, ID, SSN, TEL, ATTENDDATE, MANAGER_SEQ) VALUES (20,'황연혜','bxe198','9711241853901','010-9994-3410',to_date('2021-08-25', 'RRRR-MM-DD'),5);
INSERT INTO TBLSTUDENT (STUDENT_SEQ, NAME, ID, SSN, TEL, ATTENDDATE, MANAGER_SEQ) VALUES (21,'한우우','zlu052','7807142651567','010-0176-8295',to_date('2021-05-15', 'RRRR-MM-DD'),3);
INSERT INTO TBLSTUDENT (STUDENT_SEQ, NAME, ID, SSN, TEL, ATTENDDATE, MANAGER_SEQ) VALUES (22,'박상성','tnc344','7505012631554','010-0009-1477',to_date('2021-07-16', 'RRRR-MM-DD'),1);
INSERT INTO TBLSTUDENT (STUDENT_SEQ, NAME, ID, SSN, TEL, ATTENDDATE, MANAGER_SEQ) VALUES (23,'홍정한','lhc696','8011271968582','010-2758-6585',to_date('2021-11-19', 'RRRR-MM-DD'),4);
INSERT INTO TBLSTUDENT (STUDENT_SEQ, NAME, ID, SSN, TEL, ATTENDDATE, MANAGER_SEQ) VALUES (24,'임정한','uyx447','8306142894422','010-5008-7212',to_date('2021-11-04', 'RRRR-MM-DD'),3);
INSERT INTO TBLSTUDENT (STUDENT_SEQ, NAME, ID, SSN, TEL, ATTENDDATE, MANAGER_SEQ) VALUES (25,'임세인','qho408','9204092301379','010-5251-3427',to_date('2021-03-02', 'RRRR-MM-DD'),4);
INSERT INTO TBLSTUDENT (STUDENT_SEQ, NAME, ID, SSN, TEL, ATTENDDATE, MANAGER_SEQ) VALUES (26,'송정유','phb314','7810072218862','010-2145-1795',to_date('2021-10-09', 'RRRR-MM-DD'),5);
INSERT INTO TBLSTUDENT (STUDENT_SEQ, NAME, ID, SSN, TEL, ATTENDDATE, MANAGER_SEQ) VALUES (27,'이한성','cvc277','9511061660302','010-3745-9286',to_date('2021-02-11', 'RRRR-MM-DD'),1);
INSERT INTO TBLSTUDENT (STUDENT_SEQ, NAME, ID, SSN, TEL, ATTENDDATE, MANAGER_SEQ) VALUES (28,'송세욱','rig409','9908051195390','010-4348-5987',to_date('2021-05-17', 'RRRR-MM-DD'),2);
INSERT INTO TBLSTUDENT (STUDENT_SEQ, NAME, ID, SSN, TEL, ATTENDDATE, MANAGER_SEQ) VALUES (29,'한성준','hov893','9301182226808','010-8845-2139',to_date('2021-09-29', 'RRRR-MM-DD'),4);
INSERT INTO TBLSTUDENT (STUDENT_SEQ, NAME, ID, SSN, TEL, ATTENDDATE, MANAGER_SEQ) VALUES (30,'최재연','ozi653','8601101200313','010-8761-6835',to_date('2021-08-10', 'RRRR-MM-DD'),5);
INSERT INTO TBLSTUDENT (STUDENT_SEQ, NAME, ID, SSN, TEL, ATTENDDATE, MANAGER_SEQ) VALUES (31,'김재연','bxu468','9507272393773','010-3166-7776',to_date('2021-01-22', 'RRRR-MM-DD'),1);
INSERT INTO TBLSTUDENT (STUDENT_SEQ, NAME, ID, SSN, TEL, ATTENDDATE, MANAGER_SEQ) VALUES (32,'한진욱','iak476','9812211777521','010-1403-3197',to_date('2021-07-16', 'RRRR-MM-DD'),4);
INSERT INTO TBLSTUDENT (STUDENT_SEQ, NAME, ID, SSN, TEL, ATTENDDATE, MANAGER_SEQ) VALUES (33,'김우성','zgv341','9710061775419','010-6602-7354',to_date('2021-11-14', 'RRRR-MM-DD'),5);
INSERT INTO TBLSTUDENT (STUDENT_SEQ, NAME, ID, SSN, TEL, ATTENDDATE, MANAGER_SEQ) VALUES (34,'송우성','cqn947','9904102946738','010-5591-9375',to_date('2021-11-29', 'RRRR-MM-DD'),1);
INSERT INTO TBLSTUDENT (STUDENT_SEQ, NAME, ID, SSN, TEL, ATTENDDATE, MANAGER_SEQ) VALUES (35,'김연종','rzr678','9801092938979','010-4855-4261',to_date('2021-05-19', 'RRRR-MM-DD'),1);
INSERT INTO TBLSTUDENT (STUDENT_SEQ, NAME, ID, SSN, TEL, ATTENDDATE, MANAGER_SEQ) VALUES (36,'이한연','iyj493','7307131702836','010-3134-9207',to_date('2021-03-09', 'RRRR-MM-DD'),1);
INSERT INTO TBLSTUDENT (STUDENT_SEQ, NAME, ID, SSN, TEL, ATTENDDATE, MANAGER_SEQ) VALUES (37,'최재영','wza968','8510211745417','010-1540-7644',to_date('2021-11-13', 'RRRR-MM-DD'),4);
INSERT INTO TBLSTUDENT (STUDENT_SEQ, NAME, ID, SSN, TEL, ATTENDDATE, MANAGER_SEQ) VALUES (38,'홍준혁','nyj807','9603131324606','010-8044-3808',to_date('2021-07-04', 'RRRR-MM-DD'),3);
INSERT INTO TBLSTUDENT (STUDENT_SEQ, NAME, ID, SSN, TEL, ATTENDDATE, MANAGER_SEQ) VALUES (39,'임혁인','cie014','9301012483292','010-4247-2885',to_date('2021-06-02', 'RRRR-MM-DD'),2);
INSERT INTO TBLSTUDENT (STUDENT_SEQ, NAME, ID, SSN, TEL, ATTENDDATE, MANAGER_SEQ) VALUES (40,'이재준','zkb806','8807012920678','010-8915-3960',to_date('2021-02-15', 'RRRR-MM-DD'),4);
INSERT INTO TBLSTUDENT (STUDENT_SEQ, NAME, ID, SSN, TEL, ATTENDDATE, MANAGER_SEQ) VALUES (41,'김영혜','sgj788','8401161244062','010-2631-8886',to_date('2021-05-17', 'RRRR-MM-DD'),5);
INSERT INTO TBLSTUDENT (STUDENT_SEQ, NAME, ID, SSN, TEL, ATTENDDATE, MANAGER_SEQ) VALUES (42,'김형혜','rye475','7102101113030','010-9467-8547',to_date('2021-02-04', 'RRRR-MM-DD'),5);
INSERT INTO TBLSTUDENT (STUDENT_SEQ, NAME, ID, SSN, TEL, ATTENDDATE, MANAGER_SEQ) VALUES (43,'송재재','bpi853','7611101882767','010-5970-4501',to_date('2021-05-19', 'RRRR-MM-DD'),2);
INSERT INTO TBLSTUDENT (STUDENT_SEQ, NAME, ID, SSN, TEL, ATTENDDATE, MANAGER_SEQ) VALUES (44,'황우기','oky979','9212042798972','010-5366-7160',to_date('2021-06-29', 'RRRR-MM-DD'),4);
INSERT INTO TBLSTUDENT (STUDENT_SEQ, NAME, ID, SSN, TEL, ATTENDDATE, MANAGER_SEQ) VALUES (45,'심상유','hko442','9405271574377','010-4454-9219',to_date('2021-01-20', 'RRRR-MM-DD'),3);
INSERT INTO TBLSTUDENT (STUDENT_SEQ, NAME, ID, SSN, TEL, ATTENDDATE, MANAGER_SEQ) VALUES (46,'황우성','aul819','9201282761578','010-8536-1570',to_date('2021-05-16', 'RRRR-MM-DD'),3);
INSERT INTO TBLSTUDENT (STUDENT_SEQ, NAME, ID, SSN, TEL, ATTENDDATE, MANAGER_SEQ) VALUES (47,'서재성','phi062','9304252286358','010-7647-3673',to_date('2021-08-14', 'RRRR-MM-DD'),4);
INSERT INTO TBLSTUDENT (STUDENT_SEQ, NAME, ID, SSN, TEL, ATTENDDATE, MANAGER_SEQ) VALUES (48,'윤기한','hzb854','9404091467249','010-2705-4512',to_date('2021-11-25', 'RRRR-MM-DD'),3);
INSERT INTO TBLSTUDENT (STUDENT_SEQ, NAME, ID, SSN, TEL, ATTENDDATE, MANAGER_SEQ) VALUES (49,'황연한','mbi682','8707082477135','010-0999-8130',to_date('2021-06-15', 'RRRR-MM-DD'),4);
INSERT INTO TBLSTUDENT (STUDENT_SEQ, NAME, ID, SSN, TEL, ATTENDDATE, MANAGER_SEQ) VALUES (50,'심성성','kje448','7004281619449','010-1562-1556',to_date('2021-06-19', 'RRRR-MM-DD'),3);
INSERT INTO TBLSTUDENT (STUDENT_SEQ, NAME, ID, SSN, TEL, ATTENDDATE, MANAGER_SEQ) VALUES (51,'서종진','hxd582','6904222659986','010-0347-2469',to_date('2021-11-07', 'RRRR-MM-DD'),1);
INSERT INTO TBLSTUDENT (STUDENT_SEQ, NAME, ID, SSN, TEL, ATTENDDATE, MANAGER_SEQ) VALUES (52,'서욱혁','fbz249','9607112782199','010-2929-6470',to_date('2021-07-15', 'RRRR-MM-DD'),2);
INSERT INTO TBLSTUDENT (STUDENT_SEQ, NAME, ID, SSN, TEL, ATTENDDATE, MANAGER_SEQ) VALUES (53,'홍성윤','rxu949','9106012763211','010-4070-8883',to_date('2021-06-08', 'RRRR-MM-DD'),1);
INSERT INTO TBLSTUDENT (STUDENT_SEQ, NAME, ID, SSN, TEL, ATTENDDATE, MANAGER_SEQ) VALUES (54,'박민민','wql312','6909232815785','010-7733-5339',to_date('2021-11-04', 'RRRR-MM-DD'),3);
INSERT INTO TBLSTUDENT (STUDENT_SEQ, NAME, ID, SSN, TEL, ATTENDDATE, MANAGER_SEQ) VALUES (55,'홍세윤','mqm878','7806191918601','010-2818-6807',to_date('2021-11-04', 'RRRR-MM-DD'),1);
INSERT INTO TBLSTUDENT (STUDENT_SEQ, NAME, ID, SSN, TEL, ATTENDDATE, MANAGER_SEQ) VALUES (56,'심성미','jhd209','7011012307983','010-6215-9297',to_date('2021-08-28', 'RRRR-MM-DD'),1);
INSERT INTO TBLSTUDENT (STUDENT_SEQ, NAME, ID, SSN, TEL, ATTENDDATE, MANAGER_SEQ) VALUES (57,'심연성','aic962','7408162448374','010-0498-2010',to_date('2021-08-29', 'RRRR-MM-DD'),5);
INSERT INTO TBLSTUDENT (STUDENT_SEQ, NAME, ID, SSN, TEL, ATTENDDATE, MANAGER_SEQ) VALUES (58,'황성상','weq547','7904092748094','010-6790-7386',to_date('2021-07-01', 'RRRR-MM-DD'),4);
INSERT INTO TBLSTUDENT (STUDENT_SEQ, NAME, ID, SSN, TEL, ATTENDDATE, MANAGER_SEQ) VALUES (59,'한준종','xhz413','9402161480380','010-7635-3798',to_date('2021-06-10', 'RRRR-MM-DD'),2);
INSERT INTO TBLSTUDENT (STUDENT_SEQ, NAME, ID, SSN, TEL, ATTENDDATE, MANAGER_SEQ) VALUES (60,'최수성','jqt305','8211051722654','010-7818-6842',to_date('2021-04-23', 'RRRR-MM-DD'),5);
INSERT INTO TBLSTUDENT (STUDENT_SEQ, NAME, ID, SSN, TEL, ATTENDDATE, MANAGER_SEQ) VALUES (61,'박진영','phk057','7506152233232','010-4036-2784',to_date('2021-07-16', 'RRRR-MM-DD'),4);
INSERT INTO TBLSTUDENT (STUDENT_SEQ, NAME, ID, SSN, TEL, ATTENDDATE, MANAGER_SEQ) VALUES (62,'박우유','ewg828','9911091370803','010-2906-3141',to_date('2021-03-10', 'RRRR-MM-DD'),2);
INSERT INTO TBLSTUDENT (STUDENT_SEQ, NAME, ID, SSN, TEL, ATTENDDATE, MANAGER_SEQ) VALUES (63,'최규우','egm304','8307171694819','010-5026-3384',to_date('2021-08-06', 'RRRR-MM-DD'),4);
INSERT INTO TBLSTUDENT (STUDENT_SEQ, NAME, ID, SSN, TEL, ATTENDDATE, MANAGER_SEQ) VALUES (64,'심세정','xws959','9507212825376','010-9153-6198',to_date('2021-06-18', 'RRRR-MM-DD'),3);
INSERT INTO TBLSTUDENT (STUDENT_SEQ, NAME, ID, SSN, TEL, ATTENDDATE, MANAGER_SEQ) VALUES (65,'최인민','gsz422','7011112256837','010-0768-8498',to_date('2021-09-19', 'RRRR-MM-DD'),5);
INSERT INTO TBLSTUDENT (STUDENT_SEQ, NAME, ID, SSN, TEL, ATTENDDATE, MANAGER_SEQ) VALUES (66,'서현우','kej765','6908101533655','010-4794-0600',to_date('2021-01-08', 'RRRR-MM-DD'),3);
INSERT INTO TBLSTUDENT (STUDENT_SEQ, NAME, ID, SSN, TEL, ATTENDDATE, MANAGER_SEQ) VALUES (67,'김우준','mgs074','7407011990674','010-1241-9072',to_date('2021-08-27', 'RRRR-MM-DD'),3);
INSERT INTO TBLSTUDENT (STUDENT_SEQ, NAME, ID, SSN, TEL, ATTENDDATE, MANAGER_SEQ) VALUES (68,'송상우','lnp704','9012192666277','010-9824-6011',to_date('2021-05-19', 'RRRR-MM-DD'),3);
INSERT INTO TBLSTUDENT (STUDENT_SEQ, NAME, ID, SSN, TEL, ATTENDDATE, MANAGER_SEQ) VALUES (69,'이형규','yfa482','8812051695776','010-0925-6404',to_date('2021-05-28', 'RRRR-MM-DD'),5);
INSERT INTO TBLSTUDENT (STUDENT_SEQ, NAME, ID, SSN, TEL, ATTENDDATE, MANAGER_SEQ) VALUES (70,'송영규','fdx475','8610181915739','010-8747-3681',to_date('2021-03-22', 'RRRR-MM-DD'),5);
INSERT INTO TBLSTUDENT (STUDENT_SEQ, NAME, ID, SSN, TEL, ATTENDDATE, MANAGER_SEQ) VALUES (71,'송정윤','etj389','7802102617562','010-2392-3053',to_date('2021-11-17', 'RRRR-MM-DD'),1);
INSERT INTO TBLSTUDENT (STUDENT_SEQ, NAME, ID, SSN, TEL, ATTENDDATE, MANAGER_SEQ) VALUES (72,'홍미혜','lle191','7708092860764','010-7405-2988',to_date('2021-04-08', 'RRRR-MM-DD'),4);
INSERT INTO TBLSTUDENT (STUDENT_SEQ, NAME, ID, SSN, TEL, ATTENDDATE, MANAGER_SEQ) VALUES (73,'한재형','ayv856','9305191105317','010-4091-5704',to_date('2021-08-30', 'RRRR-MM-DD'),2);
INSERT INTO TBLSTUDENT (STUDENT_SEQ, NAME, ID, SSN, TEL, ATTENDDATE, MANAGER_SEQ) VALUES (74,'심미찬','qfn032','8504042822606','010-8418-0000',to_date('2021-02-09', 'RRRR-MM-DD'),1);
INSERT INTO TBLSTUDENT (STUDENT_SEQ, NAME, ID, SSN, TEL, ATTENDDATE, MANAGER_SEQ) VALUES (75,'윤상현','bqg577','7706061668293','010-9535-6361',to_date('2021-07-09', 'RRRR-MM-DD'),1);
INSERT INTO TBLSTUDENT (STUDENT_SEQ, NAME, ID, SSN, TEL, ATTENDDATE, MANAGER_SEQ) VALUES (76,'임규진','mhj120','8010202994465','010-8439-1924',to_date('2021-01-04', 'RRRR-MM-DD'),5);
INSERT INTO TBLSTUDENT (STUDENT_SEQ, NAME, ID, SSN, TEL, ATTENDDATE, MANAGER_SEQ) VALUES (77,'윤성세','hpx970','8610271326272','010-4328-7975',to_date('2021-08-02', 'RRRR-MM-DD'),4);
INSERT INTO TBLSTUDENT (STUDENT_SEQ, NAME, ID, SSN, TEL, ATTENDDATE, MANAGER_SEQ) VALUES (78,'홍인정','flp616','7412022436279','010-9383-0374',to_date('2021-07-05', 'RRRR-MM-DD'),4);
INSERT INTO TBLSTUDENT (STUDENT_SEQ, NAME, ID, SSN, TEL, ATTENDDATE, MANAGER_SEQ) VALUES (79,'한세영','zal889','7411252805127','010-8333-2473',to_date('2021-08-30', 'RRRR-MM-DD'),1);
INSERT INTO TBLSTUDENT (STUDENT_SEQ, NAME, ID, SSN, TEL, ATTENDDATE, MANAGER_SEQ) VALUES (80,'한형유','kor001','9905152768315','010-4460-7479',to_date('2021-05-05', 'RRRR-MM-DD'),2);
INSERT INTO TBLSTUDENT (STUDENT_SEQ, NAME, ID, SSN, TEL, ATTENDDATE, MANAGER_SEQ) VALUES (81,'홍경한','xgy671','7808221872862','010-8112-0389',to_date('2021-10-07', 'RRRR-MM-DD'),4);
INSERT INTO TBLSTUDENT (STUDENT_SEQ, NAME, ID, SSN, TEL, ATTENDDATE, MANAGER_SEQ) VALUES (82,'송인영','lsr448','7101061278489','010-1770-1649',to_date('2021-10-17', 'RRRR-MM-DD'),4);
INSERT INTO TBLSTUDENT (STUDENT_SEQ, NAME, ID, SSN, TEL, ATTENDDATE, MANAGER_SEQ) VALUES (83,'한찬욱','jjc942','7404221912226','010-8873-1116',to_date('2021-07-14', 'RRRR-MM-DD'),3);
INSERT INTO TBLSTUDENT (STUDENT_SEQ, NAME, ID, SSN, TEL, ATTENDDATE, MANAGER_SEQ) VALUES (84,'이종인','iyh211','8112232828381','010-4810-4743',to_date('2021-06-12', 'RRRR-MM-DD'),5);
INSERT INTO TBLSTUDENT (STUDENT_SEQ, NAME, ID, SSN, TEL, ATTENDDATE, MANAGER_SEQ) VALUES (85,'송성혜','clv794','8002011450300','010-5625-8340',to_date('2021-08-04', 'RRRR-MM-DD'),4);
INSERT INTO TBLSTUDENT (STUDENT_SEQ, NAME, ID, SSN, TEL, ATTENDDATE, MANAGER_SEQ) VALUES (86,'심인형','mxp093','7109271133400','010-7416-5509',to_date('2021-02-19', 'RRRR-MM-DD'),5);
INSERT INTO TBLSTUDENT (STUDENT_SEQ, NAME, ID, SSN, TEL, ATTENDDATE, MANAGER_SEQ) VALUES (87,'황종재','nmj150','7108202209719','010-4656-9495',to_date('2021-06-03', 'RRRR-MM-DD'),3);
INSERT INTO TBLSTUDENT (STUDENT_SEQ, NAME, ID, SSN, TEL, ATTENDDATE, MANAGER_SEQ) VALUES (88,'심수규','xhu999','7601031235647','010-7250-7258',to_date('2021-10-11', 'RRRR-MM-DD'),2);
INSERT INTO TBLSTUDENT (STUDENT_SEQ, NAME, ID, SSN, TEL, ATTENDDATE, MANAGER_SEQ) VALUES (89,'황현준','ipb734','7507262643208','010-1312-4467',to_date('2021-02-28', 'RRRR-MM-DD'),1);
INSERT INTO TBLSTUDENT (STUDENT_SEQ, NAME, ID, SSN, TEL, ATTENDDATE, MANAGER_SEQ) VALUES (90,'윤혜수','akq907','8705231976993','010-9983-7914',to_date('2021-05-07', 'RRRR-MM-DD'),5);
INSERT INTO TBLSTUDENT (STUDENT_SEQ, NAME, ID, SSN, TEL, ATTENDDATE, MANAGER_SEQ) VALUES (91,'최기정','iyl066','8910132206816','010-9954-1707',to_date('2021-09-29', 'RRRR-MM-DD'),4);
INSERT INTO TBLSTUDENT (STUDENT_SEQ, NAME, ID, SSN, TEL, ATTENDDATE, MANAGER_SEQ) VALUES (92,'박준진','sfj820','8306151371341','010-3858-3660',to_date('2021-11-26', 'RRRR-MM-DD'),3);
INSERT INTO TBLSTUDENT (STUDENT_SEQ, NAME, ID, SSN, TEL, ATTENDDATE, MANAGER_SEQ) VALUES (93,'서미기','yvk075','8204212535601','010-7471-2903',to_date('2021-07-08', 'RRRR-MM-DD'),3);
INSERT INTO TBLSTUDENT (STUDENT_SEQ, NAME, ID, SSN, TEL, ATTENDDATE, MANAGER_SEQ) VALUES (94,'윤한찬','fjx391','9003022287082','010-5964-1635',to_date('2021-06-11', 'RRRR-MM-DD'),2);
INSERT INTO TBLSTUDENT (STUDENT_SEQ, NAME, ID, SSN, TEL, ATTENDDATE, MANAGER_SEQ) VALUES (95,'김종인','wzu193','7104122137377','010-5164-5554',to_date('2021-01-01', 'RRRR-MM-DD'),4);
INSERT INTO TBLSTUDENT (STUDENT_SEQ, NAME, ID, SSN, TEL, ATTENDDATE, MANAGER_SEQ) VALUES (96,'임인재','ufr608','8709052412777','010-1144-1721',to_date('2021-09-04', 'RRRR-MM-DD'),5);
INSERT INTO TBLSTUDENT (STUDENT_SEQ, NAME, ID, SSN, TEL, ATTENDDATE, MANAGER_SEQ) VALUES (97,'황연규','llo126','8510281981112','010-0228-1628',to_date('2021-11-12', 'RRRR-MM-DD'),5);
INSERT INTO TBLSTUDENT (STUDENT_SEQ, NAME, ID, SSN, TEL, ATTENDDATE, MANAGER_SEQ) VALUES (98,'이규현','kbr102','9303151825290','010-1755-7096',to_date('2021-07-19', 'RRRR-MM-DD'),5);
INSERT INTO TBLSTUDENT (STUDENT_SEQ, NAME, ID, SSN, TEL, ATTENDDATE, MANAGER_SEQ) VALUES (99,'황세인','zeq128','8901031999859','010-8415-3907',to_date('2021-09-04', 'RRRR-MM-DD'),3);
INSERT INTO TBLSTUDENT (STUDENT_SEQ, NAME, ID, SSN, TEL, ATTENDDATE, MANAGER_SEQ) VALUES (100,'서영연','nwj547','9306281715128','010-7462-2677',to_date('2021-02-09', 'RRRR-MM-DD'),3);

select * from tblStudent;

--LClass
delete from tbllclass;


insert into tblLClass (LClass_seq, StartClassDate, FinishClassDate, Class_Seq, Classroom_Seq)values (1, '2021-09-16', '2022-03-16', 1, 1);
insert into tblLClass (LClass_seq, StartClassDate, FinishClassDate, Class_Seq, Classroom_Seq)values (2, '2021-11-10', '2022-05-10', 2, 6);
insert into tblLClass (LClass_seq, StartClassDate, FinishClassDate, Class_Seq, Classroom_Seq)values (3, '2021-02-04', '2021-08-04', 3, 6);
insert into tblLClass (LClass_seq, StartClassDate, FinishClassDate, Class_Seq, Classroom_Seq)values (4, '2021-01-23', '2021-07-23', 4, 2);
insert into tblLClass (LClass_seq, StartClassDate, FinishClassDate, Class_Seq, Classroom_Seq)values (5, '2021-04-28', '2021-10-28', 5, 2);
insert into tblLClass (LClass_seq, StartClassDate, FinishClassDate, Class_Seq, Classroom_Seq)values (6, '2021-12-13', '2022-06-13', 6, 2);
insert into tblLClass (LClass_seq, StartClassDate, FinishClassDate, Class_Seq, Classroom_Seq)values (7, '2021-01-12', '2021-07-12', 7, 4);
insert into tblLClass (LClass_seq, StartClassDate, FinishClassDate, Class_Seq, Classroom_Seq)values (8, '2021-01-12', '2021-07-12', 8, 1);
insert into tblLClass (LClass_seq, StartClassDate, FinishClassDate, Class_Seq, Classroom_Seq)values (9, '2021-03-08', '2021-09-08', 9, 2);
insert into tblLClass (LClass_seq, StartClassDate, FinishClassDate, Class_Seq, Classroom_Seq)values (10, '2021-01-01', '2021-07-01', 10, 4);
insert into tblLClass (LClass_seq, StartClassDate, FinishClassDate, Class_Seq, Classroom_Seq)values (11, '2021-06-04', '2021-12-04', 11, 5);
insert into tblLClass (LClass_seq, StartClassDate, FinishClassDate, Class_Seq, Classroom_Seq)values (12, '2021-12-26', '2022-06-26', 12, 4);
insert into tblLClass (LClass_seq, StartClassDate, FinishClassDate, Class_Seq, Classroom_Seq)values (13, '2021-10-16', '2022-04-16', 13, 3);
insert into tblLClass (LClass_seq, StartClassDate, FinishClassDate, Class_Seq, Classroom_Seq)values (14, '2021-07-13', '2022-01-13', 14, 3);
insert into tblLClass (LClass_seq, StartClassDate, FinishClassDate, Class_Seq, Classroom_Seq)values (15, '2021-04-28', '2021-10-28', 15, 2);
insert into tblLClass (LClass_seq, StartClassDate, FinishClassDate, Class_Seq, Classroom_Seq)values (16, '2021-06-20', '2021-12-20', 16, 3);
insert into tblLClass (LClass_seq, StartClassDate, FinishClassDate, Class_Seq, Classroom_Seq)values (17, '2021-05-08', '2021-11-08', 17, 4);
insert into tblLClass (LClass_seq, StartClassDate, FinishClassDate, Class_Seq, Classroom_Seq)values (18, '2021-10-17', '2022-04-17', 18, 1);
insert into tblLClass (LClass_seq, StartClassDate, FinishClassDate, Class_Seq, Classroom_Seq)values (19, '2021-08-02', '2022-02-02', 19, 2);
insert into tblLClass (LClass_seq, StartClassDate, FinishClassDate, Class_Seq, Classroom_Seq)values (20, '2021-04-21', '2021-10-21', 20, 5);
insert into tblLClass (LClass_seq, StartClassDate, FinishClassDate, Class_Seq, Classroom_Seq)values (21, '2021-12-02', '2022-06-02', 21, 3);
insert into tblLClass (LClass_seq, StartClassDate, FinishClassDate, Class_Seq, Classroom_Seq)values (22, '2021-11-19', '2022-05-19', 22, 2);
insert into tblLClass (LClass_seq, StartClassDate, FinishClassDate, Class_Seq, Classroom_Seq)values (23, '2021-05-01', '2021-11-01', 23, 5);
insert into tblLClass (LClass_seq, StartClassDate, FinishClassDate, Class_Seq, Classroom_Seq)values (24, '2021-07-18', '2022-01-18', 24, 1);
insert into tblLClass (LClass_seq, StartClassDate, FinishClassDate, Class_Seq, Classroom_Seq)values (25, '2021-07-23', '2022-01-23', 25, 5);
insert into tblLClass (LClass_seq, StartClassDate, FinishClassDate, Class_Seq, Classroom_Seq)values (26, '2021-02-23', '2021-08-23', 26, 2);
insert into tblLClass (LClass_seq, StartClassDate, FinishClassDate, Class_Seq, Classroom_Seq)values (27, '2021-09-20', '2022-03-20', 27, 2);
insert into tblLClass (LClass_seq, StartClassDate, FinishClassDate, Class_Seq, Classroom_Seq)values (28, '2021-02-03', '2021-08-03', 28, 5);
insert into tblLClass (LClass_seq, StartClassDate, FinishClassDate, Class_Seq, Classroom_Seq)values (29, '2021-10-24', '2022-04-24', 29, 5);
insert into tblLClass (LClass_seq, StartClassDate, FinishClassDate, Class_Seq, Classroom_Seq)values (30, '2021-02-02', '2021-08-02', 30, 1);
insert into tblLClass (LClass_seq, StartClassDate, FinishClassDate, Class_Seq, Classroom_Seq)values (31, '2021-11-09', '2022-05-09', 31, 3);
insert into tblLClass (LClass_seq, StartClassDate, FinishClassDate, Class_Seq, Classroom_Seq)values (32, '2021-12-10', '2022-06-10', 32, 6);
insert into tblLClass (LClass_seq, StartClassDate, FinishClassDate, Class_Seq, Classroom_Seq)values (33, '2021-08-20', '2022-02-20', 33, 5);
insert into tblLClass (LClass_seq, StartClassDate, FinishClassDate, Class_Seq, Classroom_Seq)values (34, '2021-01-09', '2021-07-09', 34, 5);
insert into tblLClass (LClass_seq, StartClassDate, FinishClassDate, Class_Seq, Classroom_Seq)values (35, '2021-10-09', '2022-04-09', 35, 6);
insert into tblLClass (LClass_seq, StartClassDate, FinishClassDate, Class_Seq, Classroom_Seq)values (36, '2021-12-15', '2022-06-15', 36, 6);
insert into tblLClass (LClass_seq, StartClassDate, FinishClassDate, Class_Seq, Classroom_Seq)values (37, '2021-03-25', '2021-09-25', 37, 4);
insert into tblLClass (LClass_seq, StartClassDate, FinishClassDate, Class_Seq, Classroom_Seq)values (38, '2021-12-14', '2022-06-14', 38, 3);
insert into tblLClass (LClass_seq, StartClassDate, FinishClassDate, Class_Seq, Classroom_Seq)values (39, '2021-12-11', '2022-06-11', 39, 5);
insert into tblLClass (LClass_seq, StartClassDate, FinishClassDate, Class_Seq, Classroom_Seq)values (40, '2021-05-13', '2021-11-13', 40, 2);
insert into tblLClass (LClass_seq, StartClassDate, FinishClassDate, Class_Seq, Classroom_Seq)values (41, '2021-01-11', '2021-07-11', 41, 6);
insert into tblLClass (LClass_seq, StartClassDate, FinishClassDate, Class_Seq, Classroom_Seq)values (42, '2021-02-26', '2021-08-26', 42, 5);
insert into tblLClass (LClass_seq, StartClassDate, FinishClassDate, Class_Seq, Classroom_Seq)values (43, '2021-10-10', '2022-04-10', 43, 3);
insert into tblLClass (LClass_seq, StartClassDate, FinishClassDate, Class_Seq, Classroom_Seq)values (44, '2021-02-06', '2021-08-06', 44, 3);
insert into tblLClass (LClass_seq, StartClassDate, FinishClassDate, Class_Seq, Classroom_Seq)values (45, '2021-11-11', '2022-05-11', 45, 3);
insert into tblLClass (LClass_seq, StartClassDate, FinishClassDate, Class_Seq, Classroom_Seq)values (46, '2021-08-26', '2022-02-26', 46, 6);
insert into tblLClass (LClass_seq, StartClassDate, FinishClassDate, Class_Seq, Classroom_Seq)values (47, '2021-08-03', '2022-02-03', 47, 6);
insert into tblLClass (LClass_seq, StartClassDate, FinishClassDate, Class_Seq, Classroom_Seq)values (48, '2021-12-21', '2022-06-21', 48, 2);
insert into tblLClass (LClass_seq, StartClassDate, FinishClassDate, Class_Seq, Classroom_Seq)values (49, '2021-06-23', '2021-12-23', 49, 4);
insert into tblLClass (LClass_seq, StartClassDate, FinishClassDate, Class_Seq, Classroom_Seq)values (50, '2021-02-27', '2021-08-27', 50, 2);
insert into tblLClass (LClass_seq, StartClassDate, FinishClassDate, Class_Seq, Classroom_Seq)values (51, '2021-08-24', '2022-02-24', 51, 5);
insert into tblLClass (LClass_seq, StartClassDate, FinishClassDate, Class_Seq, Classroom_Seq)values (52, '2021-02-01', '2021-08-01', 52, 1);
insert into tblLClass (LClass_seq, StartClassDate, FinishClassDate, Class_Seq, Classroom_Seq)values (53, '2021-10-25', '2022-04-25', 53, 6);
insert into tblLClass (LClass_seq, StartClassDate, FinishClassDate, Class_Seq, Classroom_Seq)values (54, '2021-02-27', '2021-08-27', 54, 1);
insert into tblLClass (LClass_seq, StartClassDate, FinishClassDate, Class_Seq, Classroom_Seq)values (55, '2021-02-07', '2021-08-07', 55, 5);
insert into tblLClass (LClass_seq, StartClassDate, FinishClassDate, Class_Seq, Classroom_Seq)values (56, '2021-02-17', '2021-08-17', 56, 4);
insert into tblLClass (LClass_seq, StartClassDate, FinishClassDate, Class_Seq, Classroom_Seq)values (57, '2021-06-10', '2021-12-10', 57, 2);
insert into tblLClass (LClass_seq, StartClassDate, FinishClassDate, Class_Seq, Classroom_Seq)values (58, '2021-04-19', '2021-10-19', 58, 4);
insert into tblLClass (LClass_seq, StartClassDate, FinishClassDate, Class_Seq, Classroom_Seq)values (59, '2021-08-10', '2022-02-10', 59, 6);
insert into tblLClass (LClass_seq, StartClassDate, FinishClassDate, Class_Seq, Classroom_Seq)values (60, '2021-05-28', '2021-11-28', 60, 2);
insert into tblLClass (LClass_seq, StartClassDate, FinishClassDate, Class_Seq, Classroom_Seq)values (61, '2021-08-16', '2022-02-16', 61, 5);
insert into tblLClass (LClass_seq, StartClassDate, FinishClassDate, Class_Seq, Classroom_Seq)values (62, '2021-01-13', '2021-07-13', 62, 4);
insert into tblLClass (LClass_seq, StartClassDate, FinishClassDate, Class_Seq, Classroom_Seq)values (63, '2021-09-17', '2022-03-17', 63, 1);
insert into tblLClass (LClass_seq, StartClassDate, FinishClassDate, Class_Seq, Classroom_Seq)values (64, '2021-11-02', '2022-05-02', 64, 4);
insert into tblLClass (LClass_seq, StartClassDate, FinishClassDate, Class_Seq, Classroom_Seq)values (65, '2021-02-27', '2021-08-27', 65, 3);
insert into tblLClass (LClass_seq, StartClassDate, FinishClassDate, Class_Seq, Classroom_Seq)values (66, '2021-01-25', '2021-07-25', 66, 5);
insert into tblLClass (LClass_seq, StartClassDate, FinishClassDate, Class_Seq, Classroom_Seq)values (67, '2021-11-18', '2022-05-18', 67, 5);
insert into tblLClass (LClass_seq, StartClassDate, FinishClassDate, Class_Seq, Classroom_Seq)values (68, '2021-07-13', '2022-01-13', 68, 3);
insert into tblLClass (LClass_seq, StartClassDate, FinishClassDate, Class_Seq, Classroom_Seq)values (69, '2021-04-25', '2021-10-25', 69, 2);
insert into tblLClass (LClass_seq, StartClassDate, FinishClassDate, Class_Seq, Classroom_Seq)values (70, '2021-12-02', '2022-06-02', 70, 2);
insert into tblLClass (LClass_seq, StartClassDate, FinishClassDate, Class_Seq, Classroom_Seq)values (71, '2021-01-06', '2021-07-06', 71, 4);
insert into tblLClass (LClass_seq, StartClassDate, FinishClassDate, Class_Seq, Classroom_Seq)values (72, '2021-02-05', '2021-08-05', 72, 3);
insert into tblLClass (LClass_seq, StartClassDate, FinishClassDate, Class_Seq, Classroom_Seq)values (73, '2021-05-06', '2021-11-06', 73, 2);
insert into tblLClass (LClass_seq, StartClassDate, FinishClassDate, Class_Seq, Classroom_Seq)values (74, '2021-03-04', '2021-09-04', 74, 4);
insert into tblLClass (LClass_seq, StartClassDate, FinishClassDate, Class_Seq, Classroom_Seq)values (75, '2021-09-14', '2022-03-14', 75, 3);
insert into tblLClass (LClass_seq, StartClassDate, FinishClassDate, Class_Seq, Classroom_Seq)values (76, '2021-05-07', '2021-11-07', 76, 5);
insert into tblLClass (LClass_seq, StartClassDate, FinishClassDate, Class_Seq, Classroom_Seq)values (77, '2021-05-23', '2021-11-23', 77, 4);
insert into tblLClass (LClass_seq, StartClassDate, FinishClassDate, Class_Seq, Classroom_Seq)values (78, '2021-01-23', '2021-07-23', 78, 2);
insert into tblLClass (LClass_seq, StartClassDate, FinishClassDate, Class_Seq, Classroom_Seq)values (79, '2021-01-26', '2021-07-26', 79, 1);
insert into tblLClass (LClass_seq, StartClassDate, FinishClassDate, Class_Seq, Classroom_Seq)values (80, '2021-07-02', '2022-01-02', 80, 5);
insert into tblLClass (LClass_seq, StartClassDate, FinishClassDate, Class_Seq, Classroom_Seq)values (81, '2021-09-17', '2022-03-17', 81, 1);
insert into tblLClass (LClass_seq, StartClassDate, FinishClassDate, Class_Seq, Classroom_Seq)values (82, '2021-07-08', '2022-01-08', 82, 2);
insert into tblLClass (LClass_seq, StartClassDate, FinishClassDate, Class_Seq, Classroom_Seq)values (83, '2021-10-18', '2022-04-18', 83, 5);
insert into tblLClass (LClass_seq, StartClassDate, FinishClassDate, Class_Seq, Classroom_Seq)values (84, '2021-06-12', '2021-12-12', 84, 3);
insert into tblLClass (LClass_seq, StartClassDate, FinishClassDate, Class_Seq, Classroom_Seq)values (85, '2021-06-16', '2021-12-16', 85, 3);
insert into tblLClass (LClass_seq, StartClassDate, FinishClassDate, Class_Seq, Classroom_Seq)values (86, '2021-05-21', '2021-11-21', 86, 2);
insert into tblLClass (LClass_seq, StartClassDate, FinishClassDate, Class_Seq, Classroom_Seq)values (87, '2021-10-26', '2022-04-26', 87, 1);
insert into tblLClass (LClass_seq, StartClassDate, FinishClassDate, Class_Seq, Classroom_Seq)values (88, '2021-07-19', '2022-01-19', 88, 5);
insert into tblLClass (LClass_seq, StartClassDate, FinishClassDate, Class_Seq, Classroom_Seq)values (89, '2021-01-28', '2021-07-28', 89, 4);
insert into tblLClass (LClass_seq, StartClassDate, FinishClassDate, Class_Seq, Classroom_Seq)values (90, '2021-07-18', '2022-01-18', 90, 3);
insert into tblLClass (LClass_seq, StartClassDate, FinishClassDate, Class_Seq, Classroom_Seq)values (91, '2021-09-07', '2022-03-07', 91, 4);
insert into tblLClass (LClass_seq, StartClassDate, FinishClassDate, Class_Seq, Classroom_Seq)values (92, '2021-08-22', '2022-02-22', 92, 6);
insert into tblLClass (LClass_seq, StartClassDate, FinishClassDate, Class_Seq, Classroom_Seq)values (93, '2021-02-02', '2021-08-02', 93, 4);
insert into tblLClass (LClass_seq, StartClassDate, FinishClassDate, Class_Seq, Classroom_Seq)values (94, '2021-02-27', '2021-08-27', 94, 5);
insert into tblLClass (LClass_seq, StartClassDate, FinishClassDate, Class_Seq, Classroom_Seq)values (95, '2021-01-05', '2021-07-05', 95, 4);
insert into tblLClass (LClass_seq, StartClassDate, FinishClassDate, Class_Seq, Classroom_Seq)values (96, '2021-04-13', '2021-10-13', 96, 2);
insert into tblLClass (LClass_seq, StartClassDate, FinishClassDate, Class_Seq, Classroom_Seq)values (97, '2021-08-17', '2022-02-17', 97, 3);
insert into tblLClass (LClass_seq, StartClassDate, FinishClassDate, Class_Seq, Classroom_Seq)values (98, '2021-04-08', '2021-10-08', 98, 4);
insert into tblLClass (LClass_seq, StartClassDate, FinishClassDate, Class_Seq, Classroom_Seq)values (99, '2021-08-20', '2022-02-20', 99, 6);
insert into tblLClass (LClass_seq, StartClassDate, FinishClassDate, Class_Seq, Classroom_Seq)values (100, '2021-01-15', '2021-07-15', 100, 3);

commit;

---실데이터
insert into tblLClass (LClass_seq, StartClassDate, FinishClassDate, Class_Seq, Classroom_Seq)values (101, '2021-09-08', '2022-02-25', 101, 1);


--LSubject

INSERT INTO tblLsubject(LSubject_Seq, start_date, end_date, subject_Seq, BookName_seq, Teacher_Seq, LClass_Seq) Values (1, '21-01-01', '21-01-31', 5, 6, 3, 87);
INSERT INTO tblLsubject(LSubject_Seq, start_date, end_date, subject_Seq, BookName_seq, Teacher_Seq, LClass_Seq) Values (2, '21-02-01', '21-02-28', 24, 6, 5, 25);
INSERT INTO tblLsubject(LSubject_Seq, start_date, end_date, subject_Seq, BookName_seq, Teacher_Seq, LClass_Seq) Values (3, '21-03-01', '21-03-31', 8, 7, 2, 8);
INSERT INTO tblLsubject(LSubject_Seq, start_date, end_date, subject_Seq, BookName_seq, Teacher_Seq, LClass_Seq) Values (4, '21-04-01', '21-04-30', 3, 5, 6, 1);
INSERT INTO tblLsubject(LSubject_Seq, start_date, end_date, subject_Seq, BookName_seq, Teacher_Seq, LClass_Seq) Values (5, '21-05-01', '21-05-31', 14, 6, 6, 26);
INSERT INTO tblLsubject(LSubject_Seq, start_date, end_date, subject_Seq, BookName_seq, Teacher_Seq, LClass_Seq) Values (6, '21-06-01', '21-06-30', 6, 2, 3, 7);
INSERT INTO tblLsubject(LSubject_Seq, start_date, end_date, subject_Seq, BookName_seq, Teacher_Seq, LClass_Seq) Values (7, '21-07-01', '21-07-31', 22, 5, 3, 57);
INSERT INTO tblLsubject(LSubject_Seq, start_date, end_date, subject_Seq, BookName_seq, Teacher_Seq, LClass_Seq) Values (8, '21-08-01', '21-08-31', 28, 9, 2, 79);
INSERT INTO tblLsubject(LSubject_Seq, start_date, end_date, subject_Seq, BookName_seq, Teacher_Seq, LClass_Seq) Values (9, '21-09-01', '21-09-30', 26, 8, 5, 38);
INSERT INTO tblLsubject(LSubject_Seq, start_date, end_date, subject_Seq, BookName_seq, Teacher_Seq, LClass_Seq) Values (10, '21-10-01', '21-10-31', 7, 6, 3, 74);
INSERT INTO tblLsubject(LSubject_Seq, start_date, end_date, subject_Seq, BookName_seq, Teacher_Seq, LClass_Seq) Values (11, '21-11-01', '21-11-30', 16, 2, 4, 69);
INSERT INTO tblLsubject(LSubject_Seq, start_date, end_date, subject_Seq, BookName_seq, Teacher_Seq, LClass_Seq) Values (12, '21-12-01', '21-12-31', 1, 6, 6, 100);
INSERT INTO tblLsubject(LSubject_Seq, start_date, end_date, subject_Seq, BookName_seq, Teacher_Seq, LClass_Seq) Values (13, '21-01-01', '21-01-31', 22, 3, 5, 94);
INSERT INTO tblLsubject(LSubject_Seq, start_date, end_date, subject_Seq, BookName_seq, Teacher_Seq, LClass_Seq) Values (14, '21-02-01', '21-02-28', 13, 1, 6, 47);
INSERT INTO tblLsubject(LSubject_Seq, start_date, end_date, subject_Seq, BookName_seq, Teacher_Seq, LClass_Seq) Values (15, '21-03-01', '21-03-31', 1, 3, 5, 82);
INSERT INTO tblLsubject(LSubject_Seq, start_date, end_date, subject_Seq, BookName_seq, Teacher_Seq, LClass_Seq) Values (16, '21-04-01', '21-04-30', 9, 7, 4, 19);
INSERT INTO tblLsubject(LSubject_Seq, start_date, end_date, subject_Seq, BookName_seq, Teacher_Seq, LClass_Seq) Values (17, '21-05-01', '21-05-31', 8, 9, 1, 53);
INSERT INTO tblLsubject(LSubject_Seq, start_date, end_date, subject_Seq, BookName_seq, Teacher_Seq, LClass_Seq) Values (18, '21-06-01', '21-06-30', 4, 1, 3, 33);
INSERT INTO tblLsubject(LSubject_Seq, start_date, end_date, subject_Seq, BookName_seq, Teacher_Seq, LClass_Seq) Values (19, '21-07-01', '21-07-31', 14, 9, 2, 12);
INSERT INTO tblLsubject(LSubject_Seq, start_date, end_date, subject_Seq, BookName_seq, Teacher_Seq, LClass_Seq) Values (20, '21-08-01', '21-08-31', 17, 1, 6, 78);
INSERT INTO tblLsubject(LSubject_Seq, start_date, end_date, subject_Seq, BookName_seq, Teacher_Seq, LClass_Seq) Values (21, '21-09-01', '21-09-30', 18, 5, 2, 22);
INSERT INTO tblLsubject(LSubject_Seq, start_date, end_date, subject_Seq, BookName_seq, Teacher_Seq, LClass_Seq) Values (22, '21-10-01', '21-10-31', 12, 6, 5, 88);
INSERT INTO tblLsubject(LSubject_Seq, start_date, end_date, subject_Seq, BookName_seq, Teacher_Seq, LClass_Seq) Values (23, '21-11-01', '21-11-30', 15, 3, 5, 90);
INSERT INTO tblLsubject(LSubject_Seq, start_date, end_date, subject_Seq, BookName_seq, Teacher_Seq, LClass_Seq) Values (24, '21-12-01', '21-12-31', 28, 3, 6, 96);

---실데이터
INSERT INTO tblLsubject(LSubject_Seq, start_date, end_date, subject_Seq, BookName_seq, Teacher_Seq, LClass_Seq) Values (25, '21-09-08', '21-11-05', 1, 84, 11, 101);
INSERT INTO tblLsubject(LSubject_Seq, start_date, end_date, subject_Seq, BookName_seq, Teacher_Seq, LClass_Seq) Values (26, '21-11-06', '21-12-21', 29, 125, 11, 101);
INSERT INTO tblLsubject(LSubject_Seq, start_date, end_date, subject_Seq, BookName_seq, Teacher_Seq, LClass_Seq) Values (27, '21-12-22', '22-01-10', 30, 129, 11, 101);
INSERT INTO tblLsubject(LSubject_Seq, start_date, end_date, subject_Seq, BookName_seq, Teacher_Seq, LClass_Seq) Values (28, '22-01-11', '22-02-25', 32, 91, 11, 101);




-----
select * from tbllsubject;

--Salary

insert into tblsalary values (1, 1, 3841305, 1);
insert into tblsalary values (2, 2, 3011833, 1);
insert into tblsalary values (3, 3, 2432978, 1);
insert into tblsalary values (4, 4, 3450094, 1);
insert into tblsalary values (5, 5, 2168548, 1);
insert into tblsalary values (6, 6, 2337236, 1);
insert into tblsalary values (7, 7, 2964474, 1);
insert into tblsalary values (8, 8, 2926499, 1);
insert into tblsalary values (9, 9, 3690434, 1);
insert into tblsalary values (10, 10, 3790950, 1);
insert into tblsalary values (11, 11, 2070299, 1);
insert into tblsalary values (12, 12, 2448999, 2);
insert into tblsalary values (13, 1, 3958642, 2);
insert into tblsalary values (14, 2, 3159708, 2);
insert into tblsalary values (15, 3, 2170082, 2);
insert into tblsalary values (16, 4, 3335931, 2);
insert into tblsalary values (17, 5, 3120663, 2);
insert into tblsalary values (18, 6, 2028923, 2);
insert into tblsalary values (19, 7, 3215512, 2);
insert into tblsalary values (20, 8, 3651103, 2);
insert into tblsalary values (21, 9, 2655878, 2);
insert into tblsalary values (22, 10, 3721888, 2);
insert into tblsalary values (23, 11, 3068930, 2);
insert into tblsalary values (24, 12, 3516819, 3);
insert into tblsalary values (25, 1, 3464865, 3);
insert into tblsalary values (26, 2, 2159212, 3);
insert into tblsalary values (27, 3, 3146974, 3);
insert into tblsalary values (28, 4, 3445172, 3);
insert into tblsalary values (29, 5, 3705402, 3);
insert into tblsalary values (30, 6, 3470248, 3);
insert into tblsalary values (31, 7, 3899721, 3);
insert into tblsalary values (32, 8, 2959522, 3);
insert into tblsalary values (33, 9, 2317160, 3);
insert into tblsalary values (34, 10, 3670499, 3);
insert into tblsalary values (35, 11, 3655414, 3);
insert into tblsalary values (36, 12, 2940799, 4);
insert into tblsalary values (37, 1, 3226370, 4);
insert into tblsalary values (38, 2, 3179022, 4);
insert into tblsalary values (39, 3, 3610730, 4);
insert into tblsalary values (40, 4, 2758791, 4);
insert into tblsalary values (41, 5, 3112008, 4);
insert into tblsalary values (42, 6, 3030738, 4);
insert into tblsalary values (43, 7, 2491217, 4);
insert into tblsalary values (44, 8, 3833447, 4);
insert into tblsalary values (45, 9, 3397999, 4);
insert into tblsalary values (46, 10, 3912695, 4);
insert into tblsalary values (47, 11, 3772910, 4);
insert into tblsalary values (48, 12, 3874318, 5);
insert into tblsalary values (49, 1, 3632534, 5);
insert into tblsalary values (50, 2, 2683376, 5);
insert into tblsalary values (51, 3, 3495450, 5);
insert into tblsalary values (52, 4, 2430130, 5);
insert into tblsalary values (53, 5, 3130261, 5);
insert into tblsalary values (54, 6, 3284990, 5);
insert into tblsalary values (55, 7, 3027432, 5);
insert into tblsalary values (56, 8, 3849825, 5);
insert into tblsalary values (57, 9, 2719578, 5);
insert into tblsalary values (58, 10, 3233023, 5);
insert into tblsalary values (59, 11, 3771960, 5);
insert into tblsalary values (60, 12, 2288960, 6);
insert into tblsalary values (61, 1, 2204944, 6);
insert into tblsalary values (62, 2, 2753143, 6);
insert into tblsalary values (63, 3, 2760936, 6);
insert into tblsalary values (64, 4, 3407655, 6);
insert into tblsalary values (65, 5, 3865087, 6);
insert into tblsalary values (66, 6, 3509303, 6);
insert into tblsalary values (67, 7, 3851080, 6);
insert into tblsalary values (68, 8, 3857664, 6);
insert into tblsalary values (69, 9, 2157300, 6);
insert into tblsalary values (70, 10, 3032192, 6);
insert into tblsalary values (71, 11, 3597079, 6);
insert into tblsalary values (72, 12, 3657094, 7);
insert into tblsalary values (73, 1, 2301215, 7);
insert into tblsalary values (74, 2, 2030449, 7);
insert into tblsalary values (75, 3, 2043149, 7);
insert into tblsalary values (76, 4, 2380579, 7);
insert into tblsalary values (77, 5, 3826265, 7);
insert into tblsalary values (78, 6, 3376158, 7);
insert into tblsalary values (79, 7, 3819887, 7);
insert into tblsalary values (80, 8, 3803694, 7);
insert into tblsalary values (81, 9, 3219109, 7);
insert into tblsalary values (82, 10, 2769122, 7);
insert into tblsalary values (83, 11, 3194679, 7);
insert into tblsalary values (84, 12, 3976434, 8);
insert into tblsalary values (85, 1, 2992460, 8);
insert into tblsalary values (86, 2, 2110963, 8);
insert into tblsalary values (87, 3, 3201338, 8);
insert into tblsalary values (88, 4, 3636406, 8);
insert into tblsalary values (89, 5, 2160815, 8);
insert into tblsalary values (90, 6, 2282676, 8);
insert into tblsalary values (91, 7, 3147281, 8);
insert into tblsalary values (92, 8, 2497762, 8);
insert into tblsalary values (93, 9, 3204253, 8);
insert into tblsalary values (94, 10, 2141559, 8);
insert into tblsalary values (95, 11, 3927418, 8);
insert into tblsalary values (96, 12, 2878988, 9);
insert into tblsalary values (97, 1, 3708480, 9);
insert into tblsalary values (98, 2, 3570456, 9);
insert into tblsalary values (99, 3, 3053799, 9);
insert into tblsalary values (100, 4, 3006692, 9);
----실데이터
insert into tblsalary values (101, 1, 3500000, 11);
insert into tblsalary values (102, 2, 3500000, 11);
insert into tblsalary values (103, 3, 3500000, 11);
insert into tblsalary values (104, 4, 3500000, 11);
insert into tblsalary values (105, 5, 3500000, 11);
insert into tblsalary values (106, 6, 3500000, 11);
insert into tblsalary values (107, 7, 3500000, 11);
insert into tblsalary values (108, 8, 3500000, 11);
insert into tblsalary values (109, 9, 3500000, 11);
insert into tblsalary values (110, 10, 3500000, 11);
insert into tblsalary values (111, 11, 3500000, 11);
insert into tblsalary values (112, 12, 3500000, 11);
--------

-- tcattendance
insert into tblTcAttendance values (1, '정상', '2021-10-13', 1);
insert into tblTcAttendance values (2, '정상', '2021-06-13', 2);
insert into tblTcAttendance values (3, '정상', '2021-05-28', 3);
insert into tblTcAttendance values (4, '지각', '2021-11-26', 4);
insert into tblTcAttendance values (5, '정상', '2021-09-21', 5);
insert into tblTcAttendance values (6, '정상', '2021-02-14', 6);
insert into tblTcAttendance values (7, '정상', '2021-08-15', 7);
insert into tblTcAttendance values (8, '정상', '2021-10-18', 8);
insert into tblTcAttendance values (9, '정상', '2021-06-01', 9);
insert into tblTcAttendance values (10, '정상', '2021-03-27', 1);
insert into tblTcAttendance values (11, '정상', '2021-12-13', 2);
insert into tblTcAttendance values (12, '정상', '2021-10-22', 3);
insert into tblTcAttendance values (13, '정상', '2021-02-28', 4);
insert into tblTcAttendance values (14, '정상', '2021-01-17', 5);
insert into tblTcAttendance values (15, '정상', '2021-10-25', 6);
insert into tblTcAttendance values (16, '정상', '2021-04-20', 7);
insert into tblTcAttendance values (17, '정상', '2021-08-19', 8);
insert into tblTcAttendance values (18, '정상', '2021-04-18', 9);
insert into tblTcAttendance values (19, '정상', '2021-07-14', 1);
insert into tblTcAttendance values (20, '정상', '2021-03-05', 2);
insert into tblTcAttendance values (21, '정상', '2021-07-24', 3);
insert into tblTcAttendance values (22, '병가', '2021-03-13', 4);
insert into tblTcAttendance values (23, '조퇴', '2021-08-09', 5);
insert into tblTcAttendance values (24, '정상', '2021-02-08', 6);
insert into tblTcAttendance values (25, '지각', '2021-09-02', 7);
insert into tblTcAttendance values (26, '기타', '2021-07-23', 8);
insert into tblTcAttendance values (27, '조퇴', '2021-06-12', 9);
insert into tblTcAttendance values (28, '외출', '2021-11-12', 1);
insert into tblTcAttendance values (29, '외출', '2021-12-13', 2);
insert into tblTcAttendance values (30, '병가', '2021-05-10', 3);
insert into tblTcAttendance values (31, '외출', '2021-11-28', 4);
insert into tblTcAttendance values (32, '외출', '2021-12-15', 5);
insert into tblTcAttendance values (33, '지각', '2021-10-23', 6);
insert into tblTcAttendance values (34, '기타', '2021-12-19', 7);
insert into tblTcAttendance values (35, '조퇴', '2021-05-04', 8);
insert into tblTcAttendance values (36, '외출', '2021-04-03', 9);
insert into tblTcAttendance values (37, '지각', '2021-12-27', 1);
insert into tblTcAttendance values (38, '병가', '2021-07-28', 2);
insert into tblTcAttendance values (39, '병가', '2021-04-11', 3);
insert into tblTcAttendance values (40, '조퇴', '2021-02-16', 4);
insert into tblTcAttendance values (41, '병가', '2021-12-11', 5);
insert into tblTcAttendance values (42, '조퇴', '2021-11-03', 6);
insert into tblTcAttendance values (43, '지각', '2021-12-06', 7);
insert into tblTcAttendance values (44, '조퇴', '2021-07-28', 8);
insert into tblTcAttendance values (45, '정상', '2021-12-14', 9);
insert into tblTcAttendance values (46, '지각', '2021-05-28', 1);
insert into tblTcAttendance values (47, '외출', '2021-01-14', 2);
insert into tblTcAttendance values (48, '병가', '2021-06-17', 3);
insert into tblTcAttendance values (49, '병가', '2021-08-26', 4);
insert into tblTcAttendance values (50, '기타', '2021-04-25', 5);
insert into tblTcAttendance values (51, '기타', '2021-05-25', 6);
insert into tblTcAttendance values (52, '외출', '2021-06-07', 7);
insert into tblTcAttendance values (53, '지각', '2021-05-19', 8);
insert into tblTcAttendance values (54, '병가', '2021-06-09', 9);
insert into tblTcAttendance values (55, '정상', '2021-08-11', 1);
insert into tblTcAttendance values (56, '지각', '2021-11-06', 2);
insert into tblTcAttendance values (57, '지각', '2021-08-25', 3);
insert into tblTcAttendance values (58, '조퇴', '2021-08-17', 4);
insert into tblTcAttendance values (59, '지각', '2021-10-24', 5);
insert into tblTcAttendance values (60, '병가', '2021-05-24', 6);
insert into tblTcAttendance values (61, '병가', '2021-06-14', 7);
insert into tblTcAttendance values (62, '기타', '2021-12-02', 8);
insert into tblTcAttendance values (63, '정상', '2021-07-03', 9);
insert into tblTcAttendance values (64, '기타', '2021-10-07', 1);
insert into tblTcAttendance values (65, '기타', '2021-05-20', 2);
insert into tblTcAttendance values (66, '지각', '2021-03-28', 3);
insert into tblTcAttendance values (67, '조퇴', '2021-05-13', 4);
insert into tblTcAttendance values (68, '지각', '2021-04-25', 5);
insert into tblTcAttendance values (69, '병가', '2021-12-28', 6);
insert into tblTcAttendance values (70, '정상', '2021-04-28', 7);
insert into tblTcAttendance values (71, '지각', '2021-11-20', 8);
insert into tblTcAttendance values (72, '조퇴', '2021-12-28', 9);
insert into tblTcAttendance values (73, '병가', '2021-04-04', 1);
insert into tblTcAttendance values (74, '정상', '2021-05-10', 2);
insert into tblTcAttendance values (75, '지각', '2021-07-04', 3);
insert into tblTcAttendance values (76, '정상', '2021-01-01', 4);
insert into tblTcAttendance values (77, '외출', '2021-10-03', 5);
insert into tblTcAttendance values (78, '지각', '2021-09-15', 6);
insert into tblTcAttendance values (79, '조퇴', '2021-01-08', 7);
insert into tblTcAttendance values (80, '정상', '2021-12-06', 8);
insert into tblTcAttendance values (81, '정상', '2021-02-23', 9);
insert into tblTcAttendance values (82, '기타', '2021-07-05', 1);
insert into tblTcAttendance values (83, '지각', '2021-07-17', 2);
insert into tblTcAttendance values (84, '병가', '2021-05-21', 3);
insert into tblTcAttendance values (85, '병가', '2021-01-17', 4);
insert into tblTcAttendance values (86, '조퇴', '2021-05-08', 5);
insert into tblTcAttendance values (87, '정상', '2021-08-21', 6);
insert into tblTcAttendance values (88, '외출', '2021-04-15', 7);
insert into tblTcAttendance values (89, '지각', '2021-12-15', 8);
insert into tblTcAttendance values (90, '정상', '2021-01-01', 9);
insert into tblTcAttendance values (91, '정상', '2021-12-28', 1);
insert into tblTcAttendance values (92, '조퇴', '2021-03-09', 2);
insert into tblTcAttendance values (93, '병가', '2021-06-13', 3);
insert into tblTcAttendance values (94, '외출', '2021-09-28', 4);
insert into tblTcAttendance values (95, '조퇴', '2021-07-08', 5);
insert into tblTcAttendance values (96, '기타', '2021-12-23', 6);
insert into tblTcAttendance values (97, '지각', '2021-11-23', 7);
insert into tblTcAttendance values (98, '기타', '2021-09-18', 8);
insert into tblTcAttendance values (99, '정상', '2021-11-23', 9);
insert into tblTcAttendance values (100, '외출', '2021-06-28', 1);
--실제 데이터


insert into tblTcAttendance values (101, '정상', '2021-09-08', 11);
insert into tblTcAttendance values (102, '정상', '2021-09-09', 11);
insert into tblTcAttendance values (103, '정상', '2021-09-10', 11);
insert into tblTcAttendance values (104, '정상', '2021-09-13', 11);
insert into tblTcAttendance values (105, '정상', '2021-09-14', 11);
insert into tblTcAttendance values (106, '정상', '2021-09-15', 11);
insert into tblTcAttendance values (107, '정상', '2021-09-16', 11);
insert into tblTcAttendance values (108, '정상', '2021-09-17', 11);
insert into tblTcAttendance values (109, '정상', '2021-09-23', 11);
insert into tblTcAttendance values (110, '정상', '2021-09-24', 11);
insert into tblTcAttendance values (111, '정상', '2021-09-27', 11);
insert into tblTcAttendance values (112, '정상', '2021-09-28', 11);
insert into tblTcAttendance values (113, '정상', '2021-09-29', 11);
insert into tblTcAttendance values (114, '정상', '2021-09-30', 11);

insert into tblTcAttendance values (115, '정상', '2021-10-01', 11);
insert into tblTcAttendance values (116, '정상', '2021-10-06', 11);
insert into tblTcAttendance values (117, '정상', '2021-10-07', 11);
insert into tblTcAttendance values (118, '정상', '2021-10-08', 11);
insert into tblTcAttendance values (119, '정상', '2021-10-12', 11);
insert into tblTcAttendance values (120, '정상', '2021-10-13', 11);
insert into tblTcAttendance values (121, '정상', '2021-10-14', 11);
insert into tblTcAttendance values (122, '정상', '2021-10-15', 11);
insert into tblTcAttendance values (123, '정상', '2021-10-18', 11);
insert into tblTcAttendance values (124, '정상', '2021-10-19', 11);
insert into tblTcAttendance values (125, '정상', '2021-10-20', 11);
insert into tblTcAttendance values (126, '정상', '2021-10-21', 11);
insert into tblTcAttendance values (127, '정상', '2021-10-22', 11);
insert into tblTcAttendance values (128, '정상', '2021-10-25', 11);
insert into tblTcAttendance values (129, '정상', '2021-10-26', 11);
insert into tblTcAttendance values (130, '정상', '2021-10-27', 11);
insert into tblTcAttendance values (131, '정상', '2021-10-28', 11);
insert into tblTcAttendance values (132, '정상', '2021-10-29', 11);

insert into tblTcAttendance values (133, '정상', '2021-11-01', 11);
insert into tblTcAttendance values (134, '정상', '2021-11-02', 11);
insert into tblTcAttendance values (135, '정상', '2021-11-03', 11);
insert into tblTcAttendance values (136, '정상', '2021-11-04', 11);
insert into tblTcAttendance values (137, '정상', '2021-11-05', 11);
insert into tblTcAttendance values (138, '정상', '2021-11-08', 11);
insert into tblTcAttendance values (139, '정상', '2021-11-09', 11);
insert into tblTcAttendance values (140, '정상', '2021-11-10', 11);
insert into tblTcAttendance values (141, '정상', '2021-11-11', 11);
insert into tblTcAttendance values (142, '정상', '2021-11-12', 11);
insert into tblTcAttendance values (143, '정상', '2021-11-15', 11);
insert into tblTcAttendance values (144, '정상', '2021-11-16', 11);
insert into tblTcAttendance values (145, '정상', '2021-11-17', 11);
insert into tblTcAttendance values (146, '정상', '2021-11-18', 11);
insert into tblTcAttendance values (147, '정상', '2021-11-19', 11);
insert into tblTcAttendance values (148, '정상', '2021-11-22', 11);
insert into tblTcAttendance values (149, '정상', '2021-11-23', 11);
insert into tblTcAttendance values (150, '정상', '2021-11-24', 11);
insert into tblTcAttendance values (151, '정상', '2021-11-25', 11);
insert into tblTcAttendance values (152, '정상', '2021-11-26', 11);
insert into tblTcAttendance values (153, '정상', '2021-11-29', 11);
insert into tblTcAttendance values (154, '정상', '2021-11-30', 11);

insert into tblTcAttendance values (155, '정상', '2021-12-01', 11);
insert into tblTcAttendance values (156, '정상', '2021-12-02', 11);
insert into tblTcAttendance values (157, '정상', '2021-12-03', 11);
insert into tblTcAttendance values (158, '정상', '2021-12-06', 11);
insert into tblTcAttendance values (159, '정상', '2021-12-07', 11);
select * from tbltcAttendance;

--Sugang

INSERT INTO tblSugang(Sugang_Seq, LClass_Seq, Student_Seq)Values (1, 101, 1);
INSERT INTO tblSugang(Sugang_Seq, LClass_Seq, Student_Seq)Values (2, 101, 2);
INSERT INTO tblSugang(Sugang_Seq, LClass_Seq, Student_Seq)Values (3, 101, 3);
INSERT INTO tblSugang(Sugang_Seq, LClass_Seq, Student_Seq)Values (4, 101, 4);
INSERT INTO tblSugang(Sugang_Seq, LClass_Seq, Student_Seq)Values (5, 101, 5);
INSERT INTO tblSugang(Sugang_Seq, LClass_Seq, Student_Seq)Values (6, 101, 6);
--실제
--더미
INSERT INTO tblSugang(Sugang_Seq, LClass_Seq, Student_Seq)Values (7, 10,7);
INSERT INTO tblSugang(Sugang_Seq, LClass_Seq, Student_Seq)Values (8, 3,8);
INSERT INTO tblSugang(Sugang_Seq, LClass_Seq, Student_Seq)Values (9, 6,9);
INSERT INTO tblSugang(Sugang_Seq, LClass_Seq, Student_Seq)Values (10, 10,10);
INSERT INTO tblSugang(Sugang_Seq, LClass_Seq, Student_Seq)Values (11, 11,11);
INSERT INTO tblSugang(Sugang_Seq, LClass_Seq, Student_Seq)Values (12, 12,12);
INSERT INTO tblSugang(Sugang_Seq, LClass_Seq, Student_Seq)Values (13, 11,13);
INSERT INTO tblSugang(Sugang_Seq, LClass_Seq, Student_Seq)Values (14, 1,14);
INSERT INTO tblSugang(Sugang_Seq, LClass_Seq, Student_Seq)Values (15, 12,15);
INSERT INTO tblSugang(Sugang_Seq, LClass_Seq, Student_Seq)Values (16, 11,16);
INSERT INTO tblSugang(Sugang_Seq, LClass_Seq, Student_Seq)Values (17, 6,17);
INSERT INTO tblSugang(Sugang_Seq, LClass_Seq, Student_Seq)Values (18, 1,18);
INSERT INTO tblSugang(Sugang_Seq, LClass_Seq, Student_Seq)Values (19, 9,19);
INSERT INTO tblSugang(Sugang_Seq, LClass_Seq, Student_Seq)Values (20, 7,20);
INSERT INTO tblSugang(Sugang_Seq, LClass_Seq, Student_Seq)Values (21, 8,21);
INSERT INTO tblSugang(Sugang_Seq, LClass_Seq, Student_Seq)Values (22, 12,22);
INSERT INTO tblSugang(Sugang_Seq, LClass_Seq, Student_Seq)Values (23, 3,23);
INSERT INTO tblSugang(Sugang_Seq, LClass_Seq, Student_Seq)Values (24, 5,24);
INSERT INTO tblSugang(Sugang_Seq, LClass_Seq, Student_Seq)Values (25, 7,25);
INSERT INTO tblSugang(Sugang_Seq, LClass_Seq, Student_Seq)Values (26, 8,26);
INSERT INTO tblSugang(Sugang_Seq, LClass_Seq, Student_Seq)Values (27, 7,27);
INSERT INTO tblSugang(Sugang_Seq, LClass_Seq, Student_Seq)Values (28, 4,28);
INSERT INTO tblSugang(Sugang_Seq, LClass_Seq, Student_Seq)Values (29, 8,29);
INSERT INTO tblSugang(Sugang_Seq, LClass_Seq, Student_Seq)Values (30, 8,30);
INSERT INTO tblSugang(Sugang_Seq, LClass_Seq, Student_Seq)Values (31, 12,31);
INSERT INTO tblSugang(Sugang_Seq, LClass_Seq, Student_Seq)Values (32, 10,32);
INSERT INTO tblSugang(Sugang_Seq, LClass_Seq, Student_Seq)Values (33, 1,33);
INSERT INTO tblSugang(Sugang_Seq, LClass_Seq, Student_Seq)Values (34, 2,34);
INSERT INTO tblSugang(Sugang_Seq, LClass_Seq, Student_Seq)Values (35, 10,35);
INSERT INTO tblSugang(Sugang_Seq, LClass_Seq, Student_Seq)Values (36, 1,36);
INSERT INTO tblSugang(Sugang_Seq, LClass_Seq, Student_Seq)Values (37, 2,37);
INSERT INTO tblSugang(Sugang_Seq, LClass_Seq, Student_Seq)Values (38, 4,38);
INSERT INTO tblSugang(Sugang_Seq, LClass_Seq, Student_Seq)Values (39, 11,39);
INSERT INTO tblSugang(Sugang_Seq, LClass_Seq, Student_Seq)Values (40, 11,40);
INSERT INTO tblSugang(Sugang_Seq, LClass_Seq, Student_Seq)Values (41, 1,41);
INSERT INTO tblSugang(Sugang_Seq, LClass_Seq, Student_Seq)Values (42, 1,42);
INSERT INTO tblSugang(Sugang_Seq, LClass_Seq, Student_Seq)Values (43, 6,43);
INSERT INTO tblSugang(Sugang_Seq, LClass_Seq, Student_Seq)Values (44, 9,44);
INSERT INTO tblSugang(Sugang_Seq, LClass_Seq, Student_Seq)Values (45, 4,45);
INSERT INTO tblSugang(Sugang_Seq, LClass_Seq, Student_Seq)Values (46, 12,46);
INSERT INTO tblSugang(Sugang_Seq, LClass_Seq, Student_Seq)Values (47, 1,47);
INSERT INTO tblSugang(Sugang_Seq, LClass_Seq, Student_Seq)Values (48, 7,48);
INSERT INTO tblSugang(Sugang_Seq, LClass_Seq, Student_Seq)Values (49, 10,49);
INSERT INTO tblSugang(Sugang_Seq, LClass_Seq, Student_Seq)Values (50, 1,50);
INSERT INTO tblSugang(Sugang_Seq, LClass_Seq, Student_Seq)Values (51, 10,51);
INSERT INTO tblSugang(Sugang_Seq, LClass_Seq, Student_Seq)Values (52, 10,52);
INSERT INTO tblSugang(Sugang_Seq, LClass_Seq, Student_Seq)Values (53, 3,53);
INSERT INTO tblSugang(Sugang_Seq, LClass_Seq, Student_Seq)Values (54, 8,54);
INSERT INTO tblSugang(Sugang_Seq, LClass_Seq, Student_Seq)Values (55, 12,55);
INSERT INTO tblSugang(Sugang_Seq, LClass_Seq, Student_Seq)Values (56, 5,56);
INSERT INTO tblSugang(Sugang_Seq, LClass_Seq, Student_Seq)Values (57, 3,57);
INSERT INTO tblSugang(Sugang_Seq, LClass_Seq, Student_Seq)Values (58, 2,58);
INSERT INTO tblSugang(Sugang_Seq, LClass_Seq, Student_Seq)Values (59, 4,59);
INSERT INTO tblSugang(Sugang_Seq, LClass_Seq, Student_Seq)Values (60, 4,60);
INSERT INTO tblSugang(Sugang_Seq, LClass_Seq, Student_Seq)Values (61, 4,61);
INSERT INTO tblSugang(Sugang_Seq, LClass_Seq, Student_Seq)Values (62, 1,62);
INSERT INTO tblSugang(Sugang_Seq, LClass_Seq, Student_Seq)Values (63, 3,63);
INSERT INTO tblSugang(Sugang_Seq, LClass_Seq, Student_Seq)Values (64, 5,64);
INSERT INTO tblSugang(Sugang_Seq, LClass_Seq, Student_Seq)Values (65, 10,65);
INSERT INTO tblSugang(Sugang_Seq, LClass_Seq, Student_Seq)Values (66, 7,66);
INSERT INTO tblSugang(Sugang_Seq, LClass_Seq, Student_Seq)Values (67, 10,67);
INSERT INTO tblSugang(Sugang_Seq, LClass_Seq, Student_Seq)Values (68, 3,68);
INSERT INTO tblSugang(Sugang_Seq, LClass_Seq, Student_Seq)Values (69, 9,69);
INSERT INTO tblSugang(Sugang_Seq, LClass_Seq, Student_Seq)Values (70, 6,70);
INSERT INTO tblSugang(Sugang_Seq, LClass_Seq, Student_Seq)Values (71, 7,71);
INSERT INTO tblSugang(Sugang_Seq, LClass_Seq, Student_Seq)Values (72, 11,72);
INSERT INTO tblSugang(Sugang_Seq, LClass_Seq, Student_Seq)Values (73, 3,73);
INSERT INTO tblSugang(Sugang_Seq, LClass_Seq, Student_Seq)Values (74, 10,74);
INSERT INTO tblSugang(Sugang_Seq, LClass_Seq, Student_Seq)Values (75, 9,75);
INSERT INTO tblSugang(Sugang_Seq, LClass_Seq, Student_Seq)Values (76, 3,76);
INSERT INTO tblSugang(Sugang_Seq, LClass_Seq, Student_Seq)Values (77, 9,77);
INSERT INTO tblSugang(Sugang_Seq, LClass_Seq, Student_Seq)Values (78, 2,78);
INSERT INTO tblSugang(Sugang_Seq, LClass_Seq, Student_Seq)Values (79, 1,79);
INSERT INTO tblSugang(Sugang_Seq, LClass_Seq, Student_Seq)Values (80, 6,80);
INSERT INTO tblSugang(Sugang_Seq, LClass_Seq, Student_Seq)Values (81, 2,81);
INSERT INTO tblSugang(Sugang_Seq, LClass_Seq, Student_Seq)Values (82, 7,82);
INSERT INTO tblSugang(Sugang_Seq, LClass_Seq, Student_Seq)Values (83, 5,83);
INSERT INTO tblSugang(Sugang_Seq, LClass_Seq, Student_Seq)Values (84, 1,84);
INSERT INTO tblSugang(Sugang_Seq, LClass_Seq, Student_Seq)Values (85, 10,85);
INSERT INTO tblSugang(Sugang_Seq, LClass_Seq, Student_Seq)Values (86, 6,86);
INSERT INTO tblSugang(Sugang_Seq, LClass_Seq, Student_Seq)Values (87, 1,87);
INSERT INTO tblSugang(Sugang_Seq, LClass_Seq, Student_Seq)Values (88, 1,88);
INSERT INTO tblSugang(Sugang_Seq, LClass_Seq, Student_Seq)Values (89, 3,89);
INSERT INTO tblSugang(Sugang_Seq, LClass_Seq, Student_Seq)Values (90, 11,90);
INSERT INTO tblSugang(Sugang_Seq, LClass_Seq, Student_Seq)Values (91, 2,91);
INSERT INTO tblSugang(Sugang_Seq, LClass_Seq, Student_Seq)Values (92, 1,92);
INSERT INTO tblSugang(Sugang_Seq, LClass_Seq, Student_Seq)Values (93, 10,93);
INSERT INTO tblSugang(Sugang_Seq, LClass_Seq, Student_Seq)Values (94, 12,94);
INSERT INTO tblSugang(Sugang_Seq, LClass_Seq, Student_Seq)Values (95, 8,95);
INSERT INTO tblSugang(Sugang_Seq, LClass_Seq, Student_Seq)Values (96, 5,96);
INSERT INTO tblSugang(Sugang_Seq, LClass_Seq, Student_Seq)Values (97, 6,97);
INSERT INTO tblSugang(Sugang_Seq, LClass_Seq, Student_Seq)Values (98, 5,98);
INSERT INTO tblSugang(Sugang_Seq, LClass_Seq, Student_Seq)Values (99, 10,99);
INSERT INTO tblSugang(Sugang_Seq, LClass_Seq, Student_Seq)Values (100, 8,100);

select * from tblSugang;

--test

--Test더미
INSERT INTO TBLTEST (TEST_SEQ, QUESTION, KIND_OF, LSUBJECT_SEQ) VALUES (1,'문제01','실기',12);
INSERT INTO TBLTEST (TEST_SEQ, QUESTION, KIND_OF, LSUBJECT_SEQ) VALUES (2,'문제02','필기',1);
INSERT INTO TBLTEST (TEST_SEQ, QUESTION, KIND_OF, LSUBJECT_SEQ) VALUES (3,'문제03','실기',14);
INSERT INTO TBLTEST (TEST_SEQ, QUESTION, KIND_OF, LSUBJECT_SEQ) VALUES (4,'문제04','필기',1);
INSERT INTO TBLTEST (TEST_SEQ, QUESTION, KIND_OF, LSUBJECT_SEQ) VALUES (5,'문제05','실기',10);
INSERT INTO TBLTEST (TEST_SEQ, QUESTION, KIND_OF, LSUBJECT_SEQ) VALUES (6,'문제06','필기',22);
INSERT INTO TBLTEST (TEST_SEQ, QUESTION, KIND_OF, LSUBJECT_SEQ) VALUES (7,'문제07','실기',8);
INSERT INTO TBLTEST (TEST_SEQ, QUESTION, KIND_OF, LSUBJECT_SEQ) VALUES (8,'문제08','필기',11);
INSERT INTO TBLTEST (TEST_SEQ, QUESTION, KIND_OF, LSUBJECT_SEQ) VALUES (9,'문제09','실기',4);
INSERT INTO TBLTEST (TEST_SEQ, QUESTION, KIND_OF, LSUBJECT_SEQ) VALUES (10,'문제10','필기',6);
INSERT INTO TBLTEST (TEST_SEQ, QUESTION, KIND_OF, LSUBJECT_SEQ) VALUES (11,'문제11','실기',20);
INSERT INTO TBLTEST (TEST_SEQ, QUESTION, KIND_OF, LSUBJECT_SEQ) VALUES (12,'문제12','필기',3);
INSERT INTO TBLTEST (TEST_SEQ, QUESTION, KIND_OF, LSUBJECT_SEQ) VALUES (13,'문제13','실기',4);
INSERT INTO TBLTEST (TEST_SEQ, QUESTION, KIND_OF, LSUBJECT_SEQ) VALUES (14,'문제14','필기',11);
INSERT INTO TBLTEST (TEST_SEQ, QUESTION, KIND_OF, LSUBJECT_SEQ) VALUES (15,'문제15','실기',5);
INSERT INTO TBLTEST (TEST_SEQ, QUESTION, KIND_OF, LSUBJECT_SEQ) VALUES (16,'문제16','필기',7);
INSERT INTO TBLTEST (TEST_SEQ, QUESTION, KIND_OF, LSUBJECT_SEQ) VALUES (17,'문제17','실기',5);
INSERT INTO TBLTEST (TEST_SEQ, QUESTION, KIND_OF, LSUBJECT_SEQ) VALUES (18,'문제18','필기',22);
INSERT INTO TBLTEST (TEST_SEQ, QUESTION, KIND_OF, LSUBJECT_SEQ) VALUES (19,'문제19','실기',11);
INSERT INTO TBLTEST (TEST_SEQ, QUESTION, KIND_OF, LSUBJECT_SEQ) VALUES (20,'문제20','필기',13);
INSERT INTO TBLTEST (TEST_SEQ, QUESTION, KIND_OF, LSUBJECT_SEQ) VALUES (21,'문제21','실기',20);
INSERT INTO TBLTEST (TEST_SEQ, QUESTION, KIND_OF, LSUBJECT_SEQ) VALUES (22,'문제22','필기',18);
INSERT INTO TBLTEST (TEST_SEQ, QUESTION, KIND_OF, LSUBJECT_SEQ) VALUES (23,'문제23','실기',21);
INSERT INTO TBLTEST (TEST_SEQ, QUESTION, KIND_OF, LSUBJECT_SEQ) VALUES (24,'문제24','필기',6);
INSERT INTO TBLTEST (TEST_SEQ, QUESTION, KIND_OF, LSUBJECT_SEQ) VALUES (25,'문제25','실기',17);
INSERT INTO TBLTEST (TEST_SEQ, QUESTION, KIND_OF, LSUBJECT_SEQ) VALUES (26,'문제26','필기',3);
INSERT INTO TBLTEST (TEST_SEQ, QUESTION, KIND_OF, LSUBJECT_SEQ) VALUES (27,'문제27','실기',15);
INSERT INTO TBLTEST (TEST_SEQ, QUESTION, KIND_OF, LSUBJECT_SEQ) VALUES (28,'문제28','필기',19);
INSERT INTO TBLTEST (TEST_SEQ, QUESTION, KIND_OF, LSUBJECT_SEQ) VALUES (29,'문제29','실기',10);
INSERT INTO TBLTEST (TEST_SEQ, QUESTION, KIND_OF, LSUBJECT_SEQ) VALUES (30,'문제30','필기',24);
INSERT INTO TBLTEST (TEST_SEQ, QUESTION, KIND_OF, LSUBJECT_SEQ) VALUES (31,'문제31','실기',23);
INSERT INTO TBLTEST (TEST_SEQ, QUESTION, KIND_OF, LSUBJECT_SEQ) VALUES (32,'문제32','필기',1);
INSERT INTO TBLTEST (TEST_SEQ, QUESTION, KIND_OF, LSUBJECT_SEQ) VALUES (33,'문제33','실기',1);
INSERT INTO TBLTEST (TEST_SEQ, QUESTION, KIND_OF, LSUBJECT_SEQ) VALUES (34,'문제34','필기',11);
INSERT INTO TBLTEST (TEST_SEQ, QUESTION, KIND_OF, LSUBJECT_SEQ) VALUES (35,'문제35','실기',21);
INSERT INTO TBLTEST (TEST_SEQ, QUESTION, KIND_OF, LSUBJECT_SEQ) VALUES (36,'문제36','필기',15);
INSERT INTO TBLTEST (TEST_SEQ, QUESTION, KIND_OF, LSUBJECT_SEQ) VALUES (37,'문제37','실기',15);
INSERT INTO TBLTEST (TEST_SEQ, QUESTION, KIND_OF, LSUBJECT_SEQ) VALUES (38,'문제38','필기',9);
INSERT INTO TBLTEST (TEST_SEQ, QUESTION, KIND_OF, LSUBJECT_SEQ) VALUES (39,'문제39','실기',2);
INSERT INTO TBLTEST (TEST_SEQ, QUESTION, KIND_OF, LSUBJECT_SEQ) VALUES (40,'문제40','필기',12);
INSERT INTO TBLTEST (TEST_SEQ, QUESTION, KIND_OF, LSUBJECT_SEQ) VALUES (41,'문제41','실기',7);
INSERT INTO TBLTEST (TEST_SEQ, QUESTION, KIND_OF, LSUBJECT_SEQ) VALUES (42,'문제42','필기',2);
INSERT INTO TBLTEST (TEST_SEQ, QUESTION, KIND_OF, LSUBJECT_SEQ) VALUES (43,'문제43','실기',12);
INSERT INTO TBLTEST (TEST_SEQ, QUESTION, KIND_OF, LSUBJECT_SEQ) VALUES (44,'문제44','필기',6);
INSERT INTO TBLTEST (TEST_SEQ, QUESTION, KIND_OF, LSUBJECT_SEQ) VALUES (45,'문제45','실기',18);
INSERT INTO TBLTEST (TEST_SEQ, QUESTION, KIND_OF, LSUBJECT_SEQ) VALUES (46,'문제46','필기',15);
INSERT INTO TBLTEST (TEST_SEQ, QUESTION, KIND_OF, LSUBJECT_SEQ) VALUES (47,'문제47','실기',14);
INSERT INTO TBLTEST (TEST_SEQ, QUESTION, KIND_OF, LSUBJECT_SEQ) VALUES (48,'문제48','필기',22);
INSERT INTO TBLTEST (TEST_SEQ, QUESTION, KIND_OF, LSUBJECT_SEQ) VALUES (49,'문제49','실기',1);
INSERT INTO TBLTEST (TEST_SEQ, QUESTION, KIND_OF, LSUBJECT_SEQ) VALUES (50,'문제50','필기',13);
INSERT INTO TBLTEST (TEST_SEQ, QUESTION, KIND_OF, LSUBJECT_SEQ) VALUES (51,'문제51','실기',18);
INSERT INTO TBLTEST (TEST_SEQ, QUESTION, KIND_OF, LSUBJECT_SEQ) VALUES (52,'문제52','필기',5);
INSERT INTO TBLTEST (TEST_SEQ, QUESTION, KIND_OF, LSUBJECT_SEQ) VALUES (53,'문제53','실기',22);
INSERT INTO TBLTEST (TEST_SEQ, QUESTION, KIND_OF, LSUBJECT_SEQ) VALUES (54,'문제54','필기',5);
INSERT INTO TBLTEST (TEST_SEQ, QUESTION, KIND_OF, LSUBJECT_SEQ) VALUES (55,'문제55','실기',8);
INSERT INTO TBLTEST (TEST_SEQ, QUESTION, KIND_OF, LSUBJECT_SEQ) VALUES (56,'문제56','필기',13);
INSERT INTO TBLTEST (TEST_SEQ, QUESTION, KIND_OF, LSUBJECT_SEQ) VALUES (57,'문제57','실기',10);
INSERT INTO TBLTEST (TEST_SEQ, QUESTION, KIND_OF, LSUBJECT_SEQ) VALUES (58,'문제58','필기',19);
INSERT INTO TBLTEST (TEST_SEQ, QUESTION, KIND_OF, LSUBJECT_SEQ) VALUES (59,'문제59','실기',10);
INSERT INTO TBLTEST (TEST_SEQ, QUESTION, KIND_OF, LSUBJECT_SEQ) VALUES (60,'문제60','필기',13);
INSERT INTO TBLTEST (TEST_SEQ, QUESTION, KIND_OF, LSUBJECT_SEQ) VALUES (61,'문제61','실기',24);
INSERT INTO TBLTEST (TEST_SEQ, QUESTION, KIND_OF, LSUBJECT_SEQ) VALUES (62,'문제62','필기',2);
INSERT INTO TBLTEST (TEST_SEQ, QUESTION, KIND_OF, LSUBJECT_SEQ) VALUES (63,'문제63','실기',16);
INSERT INTO TBLTEST (TEST_SEQ, QUESTION, KIND_OF, LSUBJECT_SEQ) VALUES (64,'문제64','필기',12);
INSERT INTO TBLTEST (TEST_SEQ, QUESTION, KIND_OF, LSUBJECT_SEQ) VALUES (65,'문제65','실기',7);
INSERT INTO TBLTEST (TEST_SEQ, QUESTION, KIND_OF, LSUBJECT_SEQ) VALUES (66,'문제66','필기',5);
INSERT INTO TBLTEST (TEST_SEQ, QUESTION, KIND_OF, LSUBJECT_SEQ) VALUES (67,'문제67','실기',15);
INSERT INTO TBLTEST (TEST_SEQ, QUESTION, KIND_OF, LSUBJECT_SEQ) VALUES (68,'문제68','필기',24);
INSERT INTO TBLTEST (TEST_SEQ, QUESTION, KIND_OF, LSUBJECT_SEQ) VALUES (69,'문제69','실기',23);
INSERT INTO TBLTEST (TEST_SEQ, QUESTION, KIND_OF, LSUBJECT_SEQ) VALUES (70,'문제70','필기',21);
INSERT INTO TBLTEST (TEST_SEQ, QUESTION, KIND_OF, LSUBJECT_SEQ) VALUES (71,'문제71','실기',18);
INSERT INTO TBLTEST (TEST_SEQ, QUESTION, KIND_OF, LSUBJECT_SEQ) VALUES (72,'문제72','필기',9);
INSERT INTO TBLTEST (TEST_SEQ, QUESTION, KIND_OF, LSUBJECT_SEQ) VALUES (73,'문제73','실기',1);
INSERT INTO TBLTEST (TEST_SEQ, QUESTION, KIND_OF, LSUBJECT_SEQ) VALUES (74,'문제74','필기',1);
INSERT INTO TBLTEST (TEST_SEQ, QUESTION, KIND_OF, LSUBJECT_SEQ) VALUES (75,'문제75','실기',20);
INSERT INTO TBLTEST (TEST_SEQ, QUESTION, KIND_OF, LSUBJECT_SEQ) VALUES (76,'문제76','필기',8);
INSERT INTO TBLTEST (TEST_SEQ, QUESTION, KIND_OF, LSUBJECT_SEQ) VALUES (77,'문제77','실기',5);
INSERT INTO TBLTEST (TEST_SEQ, QUESTION, KIND_OF, LSUBJECT_SEQ) VALUES (78,'문제78','필기',8);
INSERT INTO TBLTEST (TEST_SEQ, QUESTION, KIND_OF, LSUBJECT_SEQ) VALUES (79,'문제79','실기',7);
INSERT INTO TBLTEST (TEST_SEQ, QUESTION, KIND_OF, LSUBJECT_SEQ) VALUES (80,'문제80','필기',6);
INSERT INTO TBLTEST (TEST_SEQ, QUESTION, KIND_OF, LSUBJECT_SEQ) VALUES (81,'문제81','실기',11);
INSERT INTO TBLTEST (TEST_SEQ, QUESTION, KIND_OF, LSUBJECT_SEQ) VALUES (82,'문제82','필기',7);
INSERT INTO TBLTEST (TEST_SEQ, QUESTION, KIND_OF, LSUBJECT_SEQ) VALUES (83,'문제83','실기',3);
INSERT INTO TBLTEST (TEST_SEQ, QUESTION, KIND_OF, LSUBJECT_SEQ) VALUES (84,'문제84','필기',15);
INSERT INTO TBLTEST (TEST_SEQ, QUESTION, KIND_OF, LSUBJECT_SEQ) VALUES (85,'문제85','실기',18);
INSERT INTO TBLTEST (TEST_SEQ, QUESTION, KIND_OF, LSUBJECT_SEQ) VALUES (86,'문제86','필기',8);
INSERT INTO TBLTEST (TEST_SEQ, QUESTION, KIND_OF, LSUBJECT_SEQ) VALUES (87,'문제87','실기',9);
INSERT INTO TBLTEST (TEST_SEQ, QUESTION, KIND_OF, LSUBJECT_SEQ) VALUES (88,'문제88','필기',21);
INSERT INTO TBLTEST (TEST_SEQ, QUESTION, KIND_OF, LSUBJECT_SEQ) VALUES (89,'문제89','실기',7);
INSERT INTO TBLTEST (TEST_SEQ, QUESTION, KIND_OF, LSUBJECT_SEQ) VALUES (90,'문제90','필기',18);
INSERT INTO TBLTEST (TEST_SEQ, QUESTION, KIND_OF, LSUBJECT_SEQ) VALUES (91,'문제91','실기',12);
INSERT INTO TBLTEST (TEST_SEQ, QUESTION, KIND_OF, LSUBJECT_SEQ) VALUES (92,'문제92','필기',15);
INSERT INTO TBLTEST (TEST_SEQ, QUESTION, KIND_OF, LSUBJECT_SEQ) VALUES (93,'문제93','실기',15);
INSERT INTO TBLTEST (TEST_SEQ, QUESTION, KIND_OF, LSUBJECT_SEQ) VALUES (94,'문제94','필기',10);
INSERT INTO TBLTEST (TEST_SEQ, QUESTION, KIND_OF, LSUBJECT_SEQ) VALUES (95,'문제95','실기',1);
INSERT INTO TBLTEST (TEST_SEQ, QUESTION, KIND_OF, LSUBJECT_SEQ) VALUES (96,'문제96','필기',5);
INSERT INTO TBLTEST (TEST_SEQ, QUESTION, KIND_OF, LSUBJECT_SEQ) VALUES (97,'문제97','실기',17);
INSERT INTO TBLTEST (TEST_SEQ, QUESTION, KIND_OF, LSUBJECT_SEQ) VALUES (98,'문제98','필기',4);
INSERT INTO TBLTEST (TEST_SEQ, QUESTION, KIND_OF, LSUBJECT_SEQ) VALUES (99,'문제99','실기',23);
INSERT INTO TBLTEST (TEST_SEQ, QUESTION, KIND_OF, LSUBJECT_SEQ) VALUES (100,'문제100','필기',11);
---실제 데이터

INSERT INTO TBLTEST (TEST_SEQ, QUESTION, KIND_OF, LSUBJECT_SEQ) VALUES (101,'자바필기문제','필기',25);
INSERT INTO TBLTEST (TEST_SEQ, QUESTION, KIND_OF, LSUBJECT_SEQ) VALUES (102,'자바실기문제','실기',25);
INSERT INTO TBLTEST (TEST_SEQ, QUESTION, KIND_OF, LSUBJECT_SEQ) VALUES (103,'오라클필기문제','필기',26);
INSERT INTO TBLTEST (TEST_SEQ, QUESTION, KIND_OF, LSUBJECT_SEQ) VALUES (104,'오라클실기문제','실기',26);
INSERT INTO TBLTEST (TEST_SEQ, QUESTION, KIND_OF, LSUBJECT_SEQ) VALUES (105,'HTML필기문제','필기',27);
INSERT INTO TBLTEST (TEST_SEQ, QUESTION, KIND_OF, LSUBJECT_SEQ) VALUES (106,'HTML실기문제','실기',27);
INSERT INTO TBLTEST (TEST_SEQ, QUESTION, KIND_OF, LSUBJECT_SEQ) VALUES (107,'자바스프링필기문제','필기',28);
INSERT INTO TBLTEST (TEST_SEQ, QUESTION, KIND_OF, LSUBJECT_SEQ) VALUES (108,'자바스프링실기문제','실기',28);

select * from tbltest;

--Graduate

insert into tblGraduate(Graduate_seq,name,id,last_ssn,phoneNumber,complationDate,employment,salary,sugang_seq) 
                        values (1,'강바마','jva536','3131698','010-7055-6808','2021-10-28','삼성',40000000,7) ;
insert into tblGraduate(Graduate_seq,name,id,last_ssn,phoneNumber,complationDate,employment,salary,sugang_seq) 
                        values (2,'강아바','txb310','2866627','010-6451-3931','2021-12-25','야후',40000000,8) ;
insert into tblGraduate(Graduate_seq,name,id,last_ssn,phoneNumber,complationDate,employment,salary,sugang_seq) 
                        values (3,'고가아','dur359','1295367','010-5778-7980','2021-09-24','현대',50000000,9) ;
insert into tblGraduate(Graduate_seq,name,id,last_ssn,phoneNumber,complationDate,employment,salary,sugang_seq) 
                        values (4,'고하차','ond320','4407745','010-9249-8677','2021-06-05','야후',30000000,10) ;
insert into tblGraduate(Graduate_seq,name,id,last_ssn,phoneNumber,complationDate,employment,salary,sugang_seq) 
                        values (5,'최하파','sqm009','3173163','010-5313-2128','2021-10-04','야후',40000000,11) ;
insert into tblGraduate(Graduate_seq,name,id,last_ssn,phoneNumber,complationDate,employment,salary,sugang_seq) 
                        values (6,'최바사','jdi423','2255319','010-2446-8323','2021-09-18','쿠팡',40000000,12) ;
insert into tblGraduate(Graduate_seq,name,id,last_ssn,phoneNumber,complationDate,employment,salary,sugang_seq) 
                        values (7,'조바하','srl862','2931768','010-5126-8380','2021-12-16','토스',20000000,13) ;
insert into tblGraduate(Graduate_seq,name,id,last_ssn,phoneNumber,complationDate,employment,salary,sugang_seq) 
                        values (8,'강마자','gbz567','1902600','010-7632-8471','2021-01-07','쿠팡',30000000,14) ;
insert into tblGraduate(Graduate_seq,name,id,last_ssn,phoneNumber,complationDate,employment,salary,sugang_seq) 
                        values (9,'유라아','rrq983','4753082','010-3445-5281','2021-09-17','애플',50000000,15) ;
insert into tblGraduate(Graduate_seq,name,id,last_ssn,phoneNumber,complationDate,employment,salary,sugang_seq) 
                        values (10,'강다바','bkf077','2719570','010-2099-5842','2021-07-12','삼성',40000000,16) ;
insert into tblGraduate(Graduate_seq,name,id,last_ssn,phoneNumber,complationDate,employment,salary,sugang_seq) 
                        values (11,'유자마','aph361','3497416','010-4600-6402','2021-11-17','카카오',30000000,17) ;
insert into tblGraduate(Graduate_seq,name,id,last_ssn,phoneNumber,complationDate,employment,salary,sugang_seq) 
                        values (12,'유차아','gvq503','1866939','010-4639-5363','2021-03-09','삼성',50000000,18) ;
insert into tblGraduate(Graduate_seq,name,id,last_ssn,phoneNumber,complationDate,employment,salary,sugang_seq) 
                        values (13,'고마자','upu069','3805485','010-1642-3058','2021-04-16','카카오',40000000,19) ;
insert into tblGraduate(Graduate_seq,name,id,last_ssn,phoneNumber,complationDate,employment,salary,sugang_seq) 
                        values (14,'최나타','sqi768','1589971','010-9176-8925','2021-08-04','쿠팡',10000000,20) ;
insert into tblGraduate(Graduate_seq,name,id,last_ssn,phoneNumber,complationDate,employment,salary,sugang_seq) 
                        values (15,'고파마','zvq452','3112621','010-5794-5102','2021-05-04','넥슨',30000000,21) ;
insert into tblGraduate(Graduate_seq,name,id,last_ssn,phoneNumber,complationDate,employment,salary,sugang_seq) 
                        values (16,'황하차','tcn753','1658864','010-5924-6095','2021-01-02','카카오',50000000,22) ;
insert into tblGraduate(Graduate_seq,name,id,last_ssn,phoneNumber,complationDate,employment,salary,sugang_seq) 
                        values (17,'박라라','bjy913','3268145','010-6846-2839','2021-09-27','야후',10000000,23) ;
insert into tblGraduate(Graduate_seq,name,id,last_ssn,phoneNumber,complationDate,employment,salary,sugang_seq) 
                        values (18,'최카카','zte127','2641757','010-6699-8250','2021-01-02','토스',40000000,24) ;
insert into tblGraduate(Graduate_seq,name,id,last_ssn,phoneNumber,complationDate,employment,salary,sugang_seq) 
                        values (19,'강파가','dvz136','3172924','010-8938-2590','2021-01-12','LG',50000000,25) ;
insert into tblGraduate(Graduate_seq,name,id,last_ssn,phoneNumber,complationDate,employment,salary,sugang_seq) 
                        values (20,'박마라','zpq347','3430602','010-5227-5671','2021-11-18','LG',30000000,23) ;
insert into tblGraduate(Graduate_seq,name,id,last_ssn,phoneNumber,complationDate,employment,salary,sugang_seq) 
                        values (21,'고라하','nxd509','2940768','010-5535-6266','2021-04-15','LG',20000000,56) ;
insert into tblGraduate(Graduate_seq,name,id,last_ssn,phoneNumber,complationDate,employment,salary,sugang_seq) 
                        values (22,'고자하','kor839','2870093','010-1179-2045','2021-01-17','당근',30000000,70) ;
insert into tblGraduate(Graduate_seq,name,id,last_ssn,phoneNumber,complationDate,employment,salary,sugang_seq) 
                        values (23,'유아다','szc355','1789883','010-1222-8602','2021-11-10','카카오',30000000,7) ;
insert into tblGraduate(Graduate_seq,name,id,last_ssn,phoneNumber,complationDate,employment,salary,sugang_seq) 
                        values (24,'조다파','fdx047','1633300','010-9077-5135','2021-11-20','두산',20000000,100) ;
insert into tblGraduate(Graduate_seq,name,id,last_ssn,phoneNumber,complationDate,employment,salary,sugang_seq) 
                        values (25,'강파자','gtc212','3115762','010-2247-5147','2021-09-25','구글',20000000,22) ;
insert into tblGraduate(Graduate_seq,name,id,last_ssn,phoneNumber,complationDate,employment,salary,sugang_seq) 
                        values (26,'황아하','sxp252','1319177','010-8851-8784','2021-07-09','쿠팡',50000000,59) ;
insert into tblGraduate(Graduate_seq,name,id,last_ssn,phoneNumber,complationDate,employment,salary,sugang_seq) 
                        values (27,'이아차','req783','4433717','010-3363-6203','2021-07-23','애플',20000000,41) ;
insert into tblGraduate(Graduate_seq,name,id,last_ssn,phoneNumber,complationDate,employment,salary,sugang_seq) 
                        values (28,'조타바','jic623','2920565','010-5811-3227','2021-10-24','토스',10000000,94) ;
insert into tblGraduate(Graduate_seq,name,id,last_ssn,phoneNumber,complationDate,employment,salary,sugang_seq) 
                        values (29,'백마마','sqm193','2558011','010-7539-7993','2021-03-11','야후',40000000,48) ;
insert into tblGraduate(Graduate_seq,name,id,last_ssn,phoneNumber,complationDate,employment,salary,sugang_seq) 
                        values (30,'조가파','emo479','3209795','010-4162-8442','2021-08-06','쿠팡',40000000,57) ;
insert into tblGraduate(Graduate_seq,name,id,last_ssn,phoneNumber,complationDate,employment,salary,sugang_seq) 
                        values (31,'강라사','zgw497','4939173','010-4181-1095','2021-07-09','농심',40000000,89) ;
insert into tblGraduate(Graduate_seq,name,id,last_ssn,phoneNumber,complationDate,employment,salary,sugang_seq) 
                        values (32,'황하하','okr692','2770277','010-7119-3902','2021-06-12','삼성',10000000,11) ;
insert into tblGraduate(Graduate_seq,name,id,last_ssn,phoneNumber,complationDate,employment,salary,sugang_seq) 
                        values (33,'박나하','sww001','3184463','010-2253-3973','2021-05-15','토스',50000000,58) ;
insert into tblGraduate(Graduate_seq,name,id,last_ssn,phoneNumber,complationDate,employment,salary,sugang_seq) 
                        values (34,'강나자','ynh902','2969736','010-4992-6859','2021-06-11','애플',30000000,77) ;
insert into tblGraduate(Graduate_seq,name,id,last_ssn,phoneNumber,complationDate,employment,salary,sugang_seq) 
                        values (35,'강아파','och847','3342185','010-6694-4102','2021-08-18','쿠팡',50000000,54) ;
insert into tblGraduate(Graduate_seq,name,id,last_ssn,phoneNumber,complationDate,employment,salary,sugang_seq) 
                        values (36,'황아차','xwy421','3923438','010-8730-2888','2021-07-10','두산',10000000,91) ;
insert into tblGraduate(Graduate_seq,name,id,last_ssn,phoneNumber,complationDate,employment,salary,sugang_seq) 
                        values (37,'유마사','jqa509','2614381','010-9503-7235','2021-08-02','카카오',40000000,49) ;
insert into tblGraduate(Graduate_seq,name,id,last_ssn,phoneNumber,complationDate,employment,salary,sugang_seq) 
                        values (38,'이차하','xew602','4952459','010-7091-4699','2021-05-22','구글',20000000,24) ;
insert into tblGraduate(Graduate_seq,name,id,last_ssn,phoneNumber,complationDate,employment,salary,sugang_seq) 
                        values (39,'최파차','zpz924','3214806','010-9493-5712','2021-12-22','구글',20000000,31) ;
insert into tblGraduate(Graduate_seq,name,id,last_ssn,phoneNumber,complationDate,employment,salary,sugang_seq) 
                        values (40,'강바자','vuz565','3598132','010-5785-2997','2021-01-08','카카오',30000000,96) ;
insert into tblGraduate(Graduate_seq,name,id,last_ssn,phoneNumber,complationDate,employment,salary,sugang_seq) 
                        values (41,'백파사','khq144','2346642','010-2089-2678','2021-02-18','현대',30000000,26) ;
insert into tblGraduate(Graduate_seq,name,id,last_ssn,phoneNumber,complationDate,employment,salary,sugang_seq) 
                        values (42,'조자바','imd043','4772987','010-7417-2127','2021-04-14','두산',30000000,57) ;
insert into tblGraduate(Graduate_seq,name,id,last_ssn,phoneNumber,complationDate,employment,salary,sugang_seq) 
                        values (43,'유차차','vvz649','1485525','010-1195-7233','2021-08-27','쿠팡',10000000,11) ;
insert into tblGraduate(Graduate_seq,name,id,last_ssn,phoneNumber,complationDate,employment,salary,sugang_seq) 
                        values (44,'유마라','fpx381','4129345','010-9330-3781','2021-12-06','농심',20000000,81) ;
insert into tblGraduate(Graduate_seq,name,id,last_ssn,phoneNumber,complationDate,employment,salary,sugang_seq) 
                        values (45,'이파자','ery169','4415365','010-6480-5542','2021-12-16','농심',20000000,42) ;
insert into tblGraduate(Graduate_seq,name,id,last_ssn,phoneNumber,complationDate,employment,salary,sugang_seq) 
                        values (46,'조마아','dfs437','1521877','010-9645-1945','2021-03-07','카카오',50000000,28) ;
insert into tblGraduate(Graduate_seq,name,id,last_ssn,phoneNumber,complationDate,employment,salary,sugang_seq) 
                        values (47,'유타마','byr918','3183442','010-1746-4627','2021-03-23','당근',30000000,45) ;
insert into tblGraduate(Graduate_seq,name,id,last_ssn,phoneNumber,complationDate,employment,salary,sugang_seq) 
                        values (48,'유마라','cwq187','3554674','010-7050-6695','2021-06-18','야후',10000000,26) ;
insert into tblGraduate(Graduate_seq,name,id,last_ssn,phoneNumber,complationDate,employment,salary,sugang_seq) 
                        values (49,'박자자','chh973','2883634','010-7665-2759','2021-07-01','넥슨',10000000,20) ;
insert into tblGraduate(Graduate_seq,name,id,last_ssn,phoneNumber,complationDate,employment,salary,sugang_seq) 
                        values (50,'황차자','xlh205','1387341','010-8588-2203','2021-06-06','삼성',40000000,84) ;
insert into tblGraduate(Graduate_seq,name,id,last_ssn,phoneNumber,complationDate,employment,salary,sugang_seq) 
                        values (51,'고차하','fle425','1317940','010-8511-9262','2021-12-28','쿠팡',20000000,8) ;
insert into tblGraduate(Graduate_seq,name,id,last_ssn,phoneNumber,complationDate,employment,salary,sugang_seq) 
                        values (52,'최다차','knq965','4369911','010-4567-6183','2021-11-06','야후',40000000,96) ;
insert into tblGraduate(Graduate_seq,name,id,last_ssn,phoneNumber,complationDate,employment,salary,sugang_seq) 
                        values (53,'박파바','cms181','2385811','010-2675-2154','2021-02-11','농심',40000000,100) ;
insert into tblGraduate(Graduate_seq,name,id,last_ssn,phoneNumber,complationDate,employment,salary,sugang_seq) 
                        values (54,'백타사','cow130','3770925','010-4074-6997','2021-04-27','현대',10000000,32) ;
insert into tblGraduate(Graduate_seq,name,id,last_ssn,phoneNumber,complationDate,employment,salary,sugang_seq) 
                        values (55,'유바마','zjh219','1640198','010-4767-5933','2021-11-18','쿠팡',10000000,83) ;
insert into tblGraduate(Graduate_seq,name,id,last_ssn,phoneNumber,complationDate,employment,salary,sugang_seq) 
                        values (56,'백사자','zmk329','2824225','010-8938-2311','2021-07-27','토스',50000000,11) ;
insert into tblGraduate(Graduate_seq,name,id,last_ssn,phoneNumber,complationDate,employment,salary,sugang_seq) 
                        values (57,'최자나','qsn712','2256381','010-1272-1143','2021-09-04','야후',10000000,42) ;
insert into tblGraduate(Graduate_seq,name,id,last_ssn,phoneNumber,complationDate,employment,salary,sugang_seq) 
                        values (58,'백하파','gip300','4855914','010-4985-4068','2021-08-05','현대',40000000,25) ;
insert into tblGraduate(Graduate_seq,name,id,last_ssn,phoneNumber,complationDate,employment,salary,sugang_seq) 
                        values (59,'박자자','lxs136','4629998','010-3409-9974','2021-11-28','농심',40000000,74) ;
insert into tblGraduate(Graduate_seq,name,id,last_ssn,phoneNumber,complationDate,employment,salary,sugang_seq) 
                        values (60,'이타파','mfz831','3129215','010-8879-7068','2021-09-19','넥슨',20000000,97) ;
insert into tblGraduate(Graduate_seq,name,id,last_ssn,phoneNumber,complationDate,employment,salary,sugang_seq) 
                        values (61,'고하사','kcv261','1477656','010-2303-8453','2021-02-21','당근',10000000,44) ;
insert into tblGraduate(Graduate_seq,name,id,last_ssn,phoneNumber,complationDate,employment,salary,sugang_seq) 
                        values (62,'이다나','aqn503','3505458','010-3770-9458','2021-02-23','현대',20000000,45) ;
insert into tblGraduate(Graduate_seq,name,id,last_ssn,phoneNumber,complationDate,employment,salary,sugang_seq) 
                        values (63,'백마사','ezt369','4408355','010-3180-2545','2021-08-23','넥슨',40000000,73) ;
insert into tblGraduate(Graduate_seq,name,id,last_ssn,phoneNumber,complationDate,employment,salary,sugang_seq) 
                        values (64,'조파다','gey953','1680598','010-8739-1942','2021-01-19','네이버',20000000,31) ;
insert into tblGraduate(Graduate_seq,name,id,last_ssn,phoneNumber,complationDate,employment,salary,sugang_seq) 
                        values (65,'유사파','hkv156','1211083','010-4333-1659','2021-11-20','애플',40000000,50) ;
insert into tblGraduate(Graduate_seq,name,id,last_ssn,phoneNumber,complationDate,employment,salary,sugang_seq) 
                        values (66,'이라나','ltt187','2111600','010-6377-3579','2021-02-17','당근',40000000,52) ;
insert into tblGraduate(Graduate_seq,name,id,last_ssn,phoneNumber,complationDate,employment,salary,sugang_seq) 
                        values (67,'유아라','cuo404','3341805','010-4696-7422','2021-10-04','삼성',10000000,32) ;
insert into tblGraduate(Graduate_seq,name,id,last_ssn,phoneNumber,complationDate,employment,salary,sugang_seq) 
                        values (68,'강가라','hkq640','4498109','010-9187-9203','2021-11-04','넥슨',30000000,59) ;
insert into tblGraduate(Graduate_seq,name,id,last_ssn,phoneNumber,complationDate,employment,salary,sugang_seq) 
                        values (69,'최마사','yys254','1338877','010-6669-5470','2021-05-21','LG',10000000,48) ;
insert into tblGraduate(Graduate_seq,name,id,last_ssn,phoneNumber,complationDate,employment,salary,sugang_seq) 
                        values (70,'최파사','jfd910','3707985','010-5813-2927','2021-10-18','애플',30000000,38) ;
insert into tblGraduate(Graduate_seq,name,id,last_ssn,phoneNumber,complationDate,employment,salary,sugang_seq) 
                        values (71,'강타자','lum933','4779623','010-2552-1879','2021-07-12','농심',40000000,7) ;
insert into tblGraduate(Graduate_seq,name,id,last_ssn,phoneNumber,complationDate,employment,salary,sugang_seq) 
                        values (72,'황마마','hwb358','4139350','010-3653-3055','2021-05-13','네이버',20000000,66) ;
insert into tblGraduate(Graduate_seq,name,id,last_ssn,phoneNumber,complationDate,employment,salary,sugang_seq) 
                        values (73,'황라자','ful942','4646665','010-5784-3855','2021-02-03','넥슨',40000000,61) ;
insert into tblGraduate(Graduate_seq,name,id,last_ssn,phoneNumber,complationDate,employment,salary,sugang_seq) 
                        values (74,'이타사','tii607','1982481','010-4803-6521','2021-04-03','쿠팡',40000000,66) ;
insert into tblGraduate(Graduate_seq,name,id,last_ssn,phoneNumber,complationDate,employment,salary,sugang_seq) 
                        values (75,'박마자','jhp390','4911613','010-2635-8958','2021-08-02','구글',50000000,33) ;
insert into tblGraduate(Graduate_seq,name,id,last_ssn,phoneNumber,complationDate,employment,salary,sugang_seq) 
                        values (76,'강자파','dst139','1789785','010-7742-6935','2021-07-03','LG',20000000,43) ;
insert into tblGraduate(Graduate_seq,name,id,last_ssn,phoneNumber,complationDate,employment,salary,sugang_seq) 
                        values (77,'고바나','azk268','2598447','010-9708-5121','2021-06-19','카카오',20000000,65) ;
insert into tblGraduate(Graduate_seq,name,id,last_ssn,phoneNumber,complationDate,employment,salary,sugang_seq) 
                        values (78,'강라라','hxc882','4606404','010-9228-4749','2021-05-10','토스',30000000,27) ;
insert into tblGraduate(Graduate_seq,name,id,last_ssn,phoneNumber,complationDate,employment,salary,sugang_seq) 
                        values (79,'박나나','qmf536','2493883','010-6219-8408','2021-03-27','카카오',50000000,73) ;
insert into tblGraduate(Graduate_seq,name,id,last_ssn,phoneNumber,complationDate,employment,salary,sugang_seq) 
                        values (80,'강자가','mdo396','3746144','010-5553-7600','2021-01-10','야후',10000000,17) ;
insert into tblGraduate(Graduate_seq,name,id,last_ssn,phoneNumber,complationDate,employment,salary,sugang_seq) 
                        values (81,'유마마','bwm085','3401016','010-1657-6821','2021-09-15','LG',20000000,79) ;
insert into tblGraduate(Graduate_seq,name,id,last_ssn,phoneNumber,complationDate,employment,salary,sugang_seq) 
                        values (82,'고사가','ido504','1273028','010-5664-3494','2021-01-27','야후',30000000,30) ;
insert into tblGraduate(Graduate_seq,name,id,last_ssn,phoneNumber,complationDate,employment,salary,sugang_seq) 
                        values (83,'이라자','cei200','2138072','010-1848-8479','2021-01-16','토스',50000000,27) ;
insert into tblGraduate(Graduate_seq,name,id,last_ssn,phoneNumber,complationDate,employment,salary,sugang_seq) 
                        values (84,'유마마','ysc840','3536129','010-2379-8210','2021-02-26','쿠팡',40000000,48) ;
insert into tblGraduate(Graduate_seq,name,id,last_ssn,phoneNumber,complationDate,employment,salary,sugang_seq) 
                        values (85,'조나다','hxj877','2261130','010-9180-9941','2021-06-24','카카오',50000000,31) ;
insert into tblGraduate(Graduate_seq,name,id,last_ssn,phoneNumber,complationDate,employment,salary,sugang_seq) 
                        values (86,'이차라','uiv389','4698368','010-1512-1884','2021-05-21','애플',30000000,97) ;
insert into tblGraduate(Graduate_seq,name,id,last_ssn,phoneNumber,complationDate,employment,salary,sugang_seq) 
                        values (87,'고타아','bwi213','3817582','010-7268-1989','2021-09-07','쿠팡',10000000,26) ;
insert into tblGraduate(Graduate_seq,name,id,last_ssn,phoneNumber,complationDate,employment,salary,sugang_seq) 
                        values (88,'고다아','llo898','4574413','010-7307-3243','2021-06-27','농심',40000000,99) ;
insert into tblGraduate(Graduate_seq,name,id,last_ssn,phoneNumber,complationDate,employment,salary,sugang_seq) 
                        values (89,'박아바','occ760','3954894','010-3142-1091','2021-12-04','애플',30000000,32) ;
insert into tblGraduate(Graduate_seq,name,id,last_ssn,phoneNumber,complationDate,employment,salary,sugang_seq) 
                        values (90,'유타하','hwb899','3529426','010-8679-4178','2021-11-21','두산',50000000,68) ;
insert into tblGraduate(Graduate_seq,name,id,last_ssn,phoneNumber,complationDate,employment,salary,sugang_seq) 
                        values (91,'강다카','rgb209','1691875','010-1416-7403','2021-06-21','토스',10000000,63) ;
insert into tblGraduate(Graduate_seq,name,id,last_ssn,phoneNumber,complationDate,employment,salary,sugang_seq) 
                        values (92,'백다차','ljb937','3363762','010-2768-9722','2021-12-02','삼성',30000000,47) ;
insert into tblGraduate(Graduate_seq,name,id,last_ssn,phoneNumber,complationDate,employment,salary,sugang_seq) 
                        values (93,'최바차','gls662','1829996','010-8612-9269','2021-04-03','당근',20000000,94) ;
insert into tblGraduate(Graduate_seq,name,id,last_ssn,phoneNumber,complationDate,employment,salary,sugang_seq) 
                        values (94,'박하카','hev134','2908984','010-8131-5448','2021-11-08','현대',50000000,43) ;
insert into tblGraduate(Graduate_seq,name,id,last_ssn,phoneNumber,complationDate,employment,salary,sugang_seq) 
                        values (95,'박라차','hnn696','1275564','010-3033-1931','2021-04-09','당근',20000000,84) ;
insert into tblGraduate(Graduate_seq,name,id,last_ssn,phoneNumber,complationDate,employment,salary,sugang_seq) 
                        values (96,'유바나','jie821','1873066','010-6957-9997','2021-04-13','애플',50000000,45) ;
insert into tblGraduate(Graduate_seq,name,id,last_ssn,phoneNumber,complationDate,employment,salary,sugang_seq) 
                        values (97,'이아마','ixg230','1456864','010-5871-8978','2021-08-16','넥슨',10000000,36) ;
insert into tblGraduate(Graduate_seq,name,id,last_ssn,phoneNumber,complationDate,employment,salary,sugang_seq) 
                        values (98,'백카차','bxl544','3134318','010-7673-4157','2021-04-08','카카오',10000000,97) ;
insert into tblGraduate(Graduate_seq,name,id,last_ssn,phoneNumber,complationDate,employment,salary,sugang_seq) 
                        values (99,'유바바','smm917','3629332','010-8607-5252','2021-02-18','삼성',50000000,17) ;
insert into tblGraduate(Graduate_seq,name,id,last_ssn,phoneNumber,complationDate,employment,salary,sugang_seq) 
                        values (100,'조마나','jwg547','2336907','010-1223-5745','2021-05-23','당근',30000000,99) ;
                        
insert into tblGraduate(Graduate_seq,name,id,last_ssn,phoneNumber,complationDate,employment,salary,sugang_seq) 
                        values (101,'김멘토','kmt547','2336407','010-1233-2245','2021-05-23','당근',30000000,41);
						
				
commit;

select * from tblGraduate;
--SugangState
------------------------------------------------------------------
insert into tblSugangState(SugangState_Seq, SugangState_Date, whether, Sugang_Seq) values(1,null,'N',1);
insert into tblSugangState(SugangState_Seq, SugangState_Date, whether, Sugang_Seq) values(2,null,'N',2);
insert into tblSugangState(SugangState_Seq, SugangState_Date, whether, Sugang_Seq) values(3,null,'N',3);
insert into tblSugangState(SugangState_Seq, SugangState_Date, whether, Sugang_Seq) values(4,null,'N',4);
insert into tblSugangState(SugangState_Seq, SugangState_Date, whether, Sugang_Seq) values(5,null,'N',5);
insert into tblSugangState(SugangState_Seq, SugangState_Date, whether, Sugang_Seq) values(6,null,'N',6);
insert into tblSugangState(SugangState_Seq, SugangState_Date, whether, Sugang_Seq) values(7,null,'N',7);
insert into tblSugangState(SugangState_Seq, SugangState_Date, whether, Sugang_Seq) values(8,null,'N',8);
insert into tblSugangState(SugangState_Seq, SugangState_Date, whether, Sugang_Seq) values(9,null,'N',9);
insert into tblSugangState(SugangState_Seq, SugangState_Date, whether, Sugang_Seq) values(10,null,'N',10);
insert into tblSugangState(SugangState_Seq, SugangState_Date, whether, Sugang_Seq) values(11,null,'N',11);
insert into tblSugangState(SugangState_Seq, SugangState_Date, whether, Sugang_Seq) values(12,'2021-09-28','Y',12);
insert into tblSugangState(SugangState_Seq, SugangState_Date, whether, Sugang_Seq) values(13,'2021-09-29','Y',13);
insert into tblSugangState(SugangState_Seq, SugangState_Date, whether, Sugang_Seq) values(14,'2021-09-30','Y',14);
insert into tblSugangState(SugangState_Seq, SugangState_Date, whether, Sugang_Seq) values(15,'2021-10-01','Y',15);
insert into tblSugangState(SugangState_Seq, SugangState_Date, whether, Sugang_Seq) values(16,'2021-10-05','Y',16);
insert into tblSugangState(SugangState_Seq, SugangState_Date, whether, Sugang_Seq) values(17,'2021-10-06','Y',17);
insert into tblSugangState(SugangState_Seq, SugangState_Date, whether, Sugang_Seq) values(18,'2021-10-07','Y',18);
insert into tblSugangState(SugangState_Seq, SugangState_Date, whether, Sugang_Seq) values(19,'2021-10-08','Y',19);
insert into tblSugangState(SugangState_Seq, SugangState_Date, whether, Sugang_Seq) values(20,'2021-10-12','Y',20);
insert into tblSugangState(SugangState_Seq, SugangState_Date, whether, Sugang_Seq) values(21,'2021-10-13','Y',21);
insert into tblSugangState(SugangState_Seq, SugangState_Date, whether, Sugang_Seq) values(22,'2021-10-14','Y',22);
insert into tblSugangState(SugangState_Seq, SugangState_Date, whether, Sugang_Seq) values(23,'2021-10-15','Y',23);
insert into tblSugangState(SugangState_Seq, SugangState_Date, whether, Sugang_Seq) values(24,null,'N',24);
insert into tblSugangState(SugangState_Seq, SugangState_Date, whether, Sugang_Seq) values(25,null,'N',25);
insert into tblSugangState(SugangState_Seq, SugangState_Date, whether, Sugang_Seq) values(26,null,'N',26);
insert into tblSugangState(SugangState_Seq, SugangState_Date, whether, Sugang_Seq) values(27,null,'N',27);
insert into tblSugangState(SugangState_Seq, SugangState_Date, whether, Sugang_Seq) values(28,null,'N',28);
insert into tblSugangState(SugangState_Seq, SugangState_Date, whether, Sugang_Seq) values(29,'2021-10-25','Y',29);
insert into tblSugangState(SugangState_Seq, SugangState_Date, whether, Sugang_Seq) values(30,'2021-10-26','Y',30);
insert into tblSugangState(SugangState_Seq, SugangState_Date, whether, Sugang_Seq) values(31,null,'N',31);
insert into tblSugangState(SugangState_Seq, SugangState_Date, whether, Sugang_Seq) values(32,'2021-10-28','Y',32);
insert into tblSugangState(SugangState_Seq, SugangState_Date, whether, Sugang_Seq) values(33,'2021-10-29','Y',33);
insert into tblSugangState(SugangState_Seq, SugangState_Date, whether, Sugang_Seq) values(34,'2021-11-01','Y',34);
insert into tblSugangState(SugangState_Seq, SugangState_Date, whether, Sugang_Seq) values(35,'2021-11-02','Y',35);
insert into tblSugangState(SugangState_Seq, SugangState_Date, whether, Sugang_Seq) values(36,'2021-11-03','Y',36);
insert into tblSugangState(SugangState_Seq, SugangState_Date, whether, Sugang_Seq) values(37,'2021-11-04','Y',37);
insert into tblSugangState(SugangState_Seq, SugangState_Date, whether, Sugang_Seq) values(38,'2021-11-05','Y',38);
insert into tblSugangState(SugangState_Seq, SugangState_Date, whether, Sugang_Seq) values(39,'2021-11-08','Y',39);
insert into tblSugangState(SugangState_Seq, SugangState_Date, whether, Sugang_Seq) values(40,null,'N',40);
insert into tblSugangState(SugangState_Seq, SugangState_Date, whether, Sugang_Seq) values(41,null,'N',41);
insert into tblSugangState(SugangState_Seq, SugangState_Date, whether, Sugang_Seq) values(42,null,'N',42);
insert into tblSugangState(SugangState_Seq, SugangState_Date, whether, Sugang_Seq) values(43,null,'N',43);
insert into tblSugangState(SugangState_Seq, SugangState_Date, whether, Sugang_Seq) values(44,null,'N',44);
insert into tblSugangState(SugangState_Seq, SugangState_Date, whether, Sugang_Seq) values(45,null,'N',45);
insert into tblSugangState(SugangState_Seq, SugangState_Date, whether, Sugang_Seq) values(46,null,'N',46);
insert into tblSugangState(SugangState_Seq, SugangState_Date, whether, Sugang_Seq) values(47,null,'N',47);
insert into tblSugangState(SugangState_Seq, SugangState_Date, whether, Sugang_Seq) values(48,'2021-11-19','Y',48);
insert into tblSugangState(SugangState_Seq, SugangState_Date, whether, Sugang_Seq) values(49,'2021-11-22','Y',49);
insert into tblSugangState(SugangState_Seq, SugangState_Date, whether, Sugang_Seq) values(50,'2021-11-23','Y',50);
insert into tblSugangState(SugangState_Seq, SugangState_Date, whether, Sugang_Seq) values(51,'2021-11-24','Y',51);
insert into tblSugangState(SugangState_Seq, SugangState_Date, whether, Sugang_Seq) values(52,'2021-11-25','Y',52);
insert into tblSugangState(SugangState_Seq, SugangState_Date, whether, Sugang_Seq) values(53,'2021-11-26','Y',53);
insert into tblSugangState(SugangState_Seq, SugangState_Date, whether, Sugang_Seq) values(54,null,'N',54);
insert into tblSugangState(SugangState_Seq, SugangState_Date, whether, Sugang_Seq) values(55,null,'N',55);
insert into tblSugangState(SugangState_Seq, SugangState_Date, whether, Sugang_Seq) values(56,null,'N',56);
insert into tblSugangState(SugangState_Seq, SugangState_Date, whether, Sugang_Seq) values(57,null,'N',57);
insert into tblSugangState(SugangState_Seq, SugangState_Date, whether, Sugang_Seq) values(58,'2021-09-06','Y',58);
insert into tblSugangState(SugangState_Seq, SugangState_Date, whether, Sugang_Seq) values(59,'2021-04-15','Y',59);
insert into tblSugangState(SugangState_Seq, SugangState_Date, whether, Sugang_Seq) values(60,'2021-10-06','Y',60);
insert into tblSugangState(SugangState_Seq, SugangState_Date, whether, Sugang_Seq) values(61,null,'N',61);
insert into tblSugangState(SugangState_Seq, SugangState_Date, whether, Sugang_Seq) values(62,'2021-06-07','Y',62);
insert into tblSugangState(SugangState_Seq, SugangState_Date, whether, Sugang_Seq) values(63,'2021-09-26','Y',63);
insert into tblSugangState(SugangState_Seq, SugangState_Date, whether, Sugang_Seq) values(64,null,'N',64);
insert into tblSugangState(SugangState_Seq, SugangState_Date, whether, Sugang_Seq) values(65,'2021-04-03','Y',65);
insert into tblSugangState(SugangState_Seq, SugangState_Date, whether, Sugang_Seq) values(66,null,'N',66);
insert into tblSugangState(SugangState_Seq, SugangState_Date, whether, Sugang_Seq) values(67,null,'N',67);
insert into tblSugangState(SugangState_Seq, SugangState_Date, whether, Sugang_Seq) values(68,null,'N',68);
insert into tblSugangState(SugangState_Seq, SugangState_Date, whether, Sugang_Seq) values(69,'2021-10-12','Y',69);
insert into tblSugangState(SugangState_Seq, SugangState_Date, whether, Sugang_Seq) values(70,null,'N',70);
insert into tblSugangState(SugangState_Seq, SugangState_Date, whether, Sugang_Seq) values(71,'2021-09-01','Y',71);
insert into tblSugangState(SugangState_Seq, SugangState_Date, whether, Sugang_Seq) values(72,null,'N',72);
insert into tblSugangState(SugangState_Seq, SugangState_Date, whether, Sugang_Seq) values(73,null,'N',73);
insert into tblSugangState(SugangState_Seq, SugangState_Date, whether, Sugang_Seq) values(74,'2021-11-29','Y',74);
insert into tblSugangState(SugangState_Seq, SugangState_Date, whether, Sugang_Seq) values(75,'2021-08-26','Y',75);
insert into tblSugangState(SugangState_Seq, SugangState_Date, whether, Sugang_Seq) values(76,'2021-02-19','Y',76);
insert into tblSugangState(SugangState_Seq, SugangState_Date, whether, Sugang_Seq) values(77,null,'N',77);
insert into tblSugangState(SugangState_Seq, SugangState_Date, whether, Sugang_Seq) values(78,'2021-08-10','Y',78);
insert into tblSugangState(SugangState_Seq, SugangState_Date, whether, Sugang_Seq) values(79,null,'N',79);
insert into tblSugangState(SugangState_Seq, SugangState_Date, whether, Sugang_Seq) values(80,null,'N',80);
insert into tblSugangState(SugangState_Seq, SugangState_Date, whether, Sugang_Seq) values(81,'2021-07-24','Y',81);
insert into tblSugangState(SugangState_Seq, SugangState_Date, whether, Sugang_Seq) values(82,'2021-02-04','Y',82);
insert into tblSugangState(SugangState_Seq, SugangState_Date, whether, Sugang_Seq) values(83,'2021-10-20','Y',83);
insert into tblSugangState(SugangState_Seq, SugangState_Date, whether, Sugang_Seq) values(84,'2021-04-12','Y',84);
insert into tblSugangState(SugangState_Seq, SugangState_Date, whether, Sugang_Seq) values(85,'2021-04-06','Y',85);
insert into tblSugangState(SugangState_Seq, SugangState_Date, whether, Sugang_Seq) values(86,'2021-08-11','Y',86);
insert into tblSugangState(SugangState_Seq, SugangState_Date, whether, Sugang_Seq) values(87,null,'N',87);
insert into tblSugangState(SugangState_Seq, SugangState_Date, whether, Sugang_Seq) values(88,null,'N',88);
insert into tblSugangState(SugangState_Seq, SugangState_Date, whether, Sugang_Seq) values(89,'2021-12-02','Y',89);
insert into tblSugangState(SugangState_Seq, SugangState_Date, whether, Sugang_Seq) values(90,null,'N',90);
insert into tblSugangState(SugangState_Seq, SugangState_Date, whether, Sugang_Seq) values(91,'2021-01-08','Y',91);
insert into tblSugangState(SugangState_Seq, SugangState_Date, whether, Sugang_Seq) values(92,null,'N',92);
insert into tblSugangState(SugangState_Seq, SugangState_Date, whether, Sugang_Seq) values(93,'2021-03-10','Y',93);
insert into tblSugangState(SugangState_Seq, SugangState_Date, whether, Sugang_Seq) values(94,null,'N',94);
insert into tblSugangState(SugangState_Seq, SugangState_Date, whether, Sugang_Seq) values(95,'2021-03-08','Y',95);
insert into tblSugangState(SugangState_Seq, SugangState_Date, whether, Sugang_Seq) values(96,'2021-01-26','Y',96);
insert into tblSugangState(SugangState_Seq, SugangState_Date, whether, Sugang_Seq) values(97,'2021-10-15','Y',97);
insert into tblSugangState(SugangState_Seq, SugangState_Date, whether, Sugang_Seq) values(98,null,'N',98);
insert into tblSugangState(SugangState_Seq, SugangState_Date, whether, Sugang_Seq) values(99,'2021-02-08','Y',99);
insert into tblSugangState(SugangState_Seq, SugangState_Date, whether, Sugang_Seq) values(100,'2021-05-11','Y',100);
commit;
SELECT * FROM TBLSUGANGSTATE;

--Attendence
insert into tblAttendence(Attendence_Seq,absence_type,Attendence_Date,Sugang_Seq,GoTowork,offWork) 
                   values(1,'조퇴','2021-03-20',93,to_date('2021-03-20 06:10:32','yyyy-mm-dd hh24:mi:ss'),to_date('2021-10-22 07:37:07','yyyy-mm-dd hh24:mi:ss')); 
insert into tblAttendence(Attendence_Seq,absence_type,Attendence_Date,Sugang_Seq,GoTowork,offWork) 
                   values(2,'지각','2021-05-20',65,to_date('2021-04-26 22:11:36','yyyy-mm-dd hh24:mi:ss'),to_date('2021-08-05 06:43:14','yyyy-mm-dd hh24:mi:ss')); 
insert into tblAttendence(Attendence_Seq,absence_type,Attendence_Date,Sugang_Seq,GoTowork,offWork) 
                   values(3,'조퇴','2021-05-15',51,to_date('2021-01-12 23:08:57','yyyy-mm-dd hh24:mi:ss'),to_date('2021-01-16 03:47:42','yyyy-mm-dd hh24:mi:ss')); 
insert into tblAttendence(Attendence_Seq,absence_type,Attendence_Date,Sugang_Seq,GoTowork,offWork) 
                   values(4,'기타','2021-04-16',9,to_date('2021-03-26 08:15:14','yyyy-mm-dd hh24:mi:ss'),to_date('2021-07-27 07:02:22','yyyy-mm-dd hh24:mi:ss')); 
insert into tblAttendence(Attendence_Seq,absence_type,Attendence_Date,Sugang_Seq,GoTowork,offWork) 
                   values(5,'기타','2021-03-25',21,to_date('2021-04-26 23:25:04','yyyy-mm-dd hh24:mi:ss'),to_date('2021-10-17 12:19:24','yyyy-mm-dd hh24:mi:ss')); 
insert into tblAttendence(Attendence_Seq,absence_type,Attendence_Date,Sugang_Seq,GoTowork,offWork) 
                   values(6,'외출','2021-11-07',69,to_date('2021-05-21 02:38:24','yyyy-mm-dd hh24:mi:ss'),to_date('2021-02-21 06:42:01','yyyy-mm-dd hh24:mi:ss')); 
insert into tblAttendence(Attendence_Seq,absence_type,Attendence_Date,Sugang_Seq,GoTowork,offWork) 
                   values(7,'기타','2021-02-01',81,to_date('2021-07-06 22:58:28','yyyy-mm-dd hh24:mi:ss'),to_date('2021-05-10 22:41:37','yyyy-mm-dd hh24:mi:ss')); 
insert into tblAttendence(Attendence_Seq,absence_type,Attendence_Date,Sugang_Seq,GoTowork,offWork) 
                   values(8,'조퇴','2021-01-05',13,to_date('2021-06-08 02:53:46','yyyy-mm-dd hh24:mi:ss'),to_date('2021-03-22 12:29:45','yyyy-mm-dd hh24:mi:ss')); 
insert into tblAttendence(Attendence_Seq,absence_type,Attendence_Date,Sugang_Seq,GoTowork,offWork) 
                   values(9,'외출','2021-11-18',29,to_date('2021-03-12 06:24:14','yyyy-mm-dd hh24:mi:ss'),to_date('2021-11-04 05:44:07','yyyy-mm-dd hh24:mi:ss')); 
insert into tblAttendence(Attendence_Seq,absence_type,Attendence_Date,Sugang_Seq,GoTowork,offWork) 
                   values(10,'지각','2021-11-01',84,to_date('2021-10-07 22:01:50','yyyy-mm-dd hh24:mi:ss'),to_date('2021-11-25 19:06:25','yyyy-mm-dd hh24:mi:ss')); 
insert into tblAttendence(Attendence_Seq,absence_type,Attendence_Date,Sugang_Seq,GoTowork,offWork) 
                   values(11,'외출','2021-04-17',61,to_date('2021-06-19 19:52:38','yyyy-mm-dd hh24:mi:ss'),to_date('2021-08-17 22:04:15','yyyy-mm-dd hh24:mi:ss')); 
insert into tblAttendence(Attendence_Seq,absence_type,Attendence_Date,Sugang_Seq,GoTowork,offWork) 
                   values(12,'지각','2021-03-27',51,to_date('2021-05-04 01:49:26','yyyy-mm-dd hh24:mi:ss'),to_date('2021-03-02 08:50:20','yyyy-mm-dd hh24:mi:ss')); 
insert into tblAttendence(Attendence_Seq,absence_type,Attendence_Date,Sugang_Seq,GoTowork,offWork) 
                   values(13,'정상','2021-05-02',69,to_date('2021-04-15 14:03:29','yyyy-mm-dd hh24:mi:ss'),to_date('2021-01-17 16:29:05','yyyy-mm-dd hh24:mi:ss')); 
insert into tblAttendence(Attendence_Seq,absence_type,Attendence_Date,Sugang_Seq,GoTowork,offWork) 
                   values(14,'기타','2021-05-20',36,to_date('2021-03-05 10:24:47','yyyy-mm-dd hh24:mi:ss'),to_date('2021-03-06 01:19:56','yyyy-mm-dd hh24:mi:ss')); 
insert into tblAttendence(Attendence_Seq,absence_type,Attendence_Date,Sugang_Seq,GoTowork,offWork) 
                   values(15,'지각','2021-10-16',72,to_date('2021-08-12 21:53:46','yyyy-mm-dd hh24:mi:ss'),to_date('2021-01-25 22:49:24','yyyy-mm-dd hh24:mi:ss')); 
insert into tblAttendence(Attendence_Seq,absence_type,Attendence_Date,Sugang_Seq,GoTowork,offWork) 
                   values(16,'병가','2021-05-09',50,to_date('2021-03-18 21:43:26','yyyy-mm-dd hh24:mi:ss'),to_date('2021-06-23 07:09:13','yyyy-mm-dd hh24:mi:ss')); 
insert into tblAttendence(Attendence_Seq,absence_type,Attendence_Date,Sugang_Seq,GoTowork,offWork) 
                   values(17,'정상','2021-04-11',43,to_date('2021-05-04 09:55:15','yyyy-mm-dd hh24:mi:ss'),to_date('2021-11-03 06:24:13','yyyy-mm-dd hh24:mi:ss')); 
insert into tblAttendence(Attendence_Seq,absence_type,Attendence_Date,Sugang_Seq,GoTowork,offWork) 
                   values(18,'병가','2021-03-05',57,to_date('2021-03-17 04:27:22','yyyy-mm-dd hh24:mi:ss'),to_date('2021-09-10 12:22:40','yyyy-mm-dd hh24:mi:ss')); 
insert into tblAttendence(Attendence_Seq,absence_type,Attendence_Date,Sugang_Seq,GoTowork,offWork) 
                   values(19,'기타','2021-06-08',85,to_date('2021-03-28 12:24:25','yyyy-mm-dd hh24:mi:ss'),to_date('2021-05-11 20:21:25','yyyy-mm-dd hh24:mi:ss')); 
insert into tblAttendence(Attendence_Seq,absence_type,Attendence_Date,Sugang_Seq,GoTowork,offWork) 
                   values(20,'정상','2021-11-16',32,to_date('2021-08-12 08:45:13','yyyy-mm-dd hh24:mi:ss'),to_date('2021-08-11 09:04:28','yyyy-mm-dd hh24:mi:ss')); 
insert into tblAttendence(Attendence_Seq,absence_type,Attendence_Date,Sugang_Seq,GoTowork,offWork) 
                   values(21,'조퇴','2021-04-05',18,to_date('2021-01-04 22:51:51','yyyy-mm-dd hh24:mi:ss'),to_date('2021-05-14 19:01:27','yyyy-mm-dd hh24:mi:ss')); 
insert into tblAttendence(Attendence_Seq,absence_type,Attendence_Date,Sugang_Seq,GoTowork,offWork) 
                   values(22,'기타','2021-08-11',53,to_date('2021-08-19 12:05:49','yyyy-mm-dd hh24:mi:ss'),to_date('2021-10-18 13:24:05','yyyy-mm-dd hh24:mi:ss')); 
insert into tblAttendence(Attendence_Seq,absence_type,Attendence_Date,Sugang_Seq,GoTowork,offWork) 
                   values(23,'기타','2021-03-07',51,to_date('2021-04-20 14:58:54','yyyy-mm-dd hh24:mi:ss'),to_date('2021-08-17 15:04:20','yyyy-mm-dd hh24:mi:ss')); 
insert into tblAttendence(Attendence_Seq,absence_type,Attendence_Date,Sugang_Seq,GoTowork,offWork) 
                   values(24,'기타','2021-03-14',26,to_date('2021-05-19 17:39:28','yyyy-mm-dd hh24:mi:ss'),to_date('2021-03-17 17:20:29','yyyy-mm-dd hh24:mi:ss')); 
insert into tblAttendence(Attendence_Seq,absence_type,Attendence_Date,Sugang_Seq,GoTowork,offWork) 
                   values(25,'병가','2021-07-15',30,to_date('2021-01-16 03:37:43','yyyy-mm-dd hh24:mi:ss'),to_date('2021-02-21 01:37:02','yyyy-mm-dd hh24:mi:ss')); 
insert into tblAttendence(Attendence_Seq,absence_type,Attendence_Date,Sugang_Seq,GoTowork,offWork) 
                   values(26,'정상','2021-10-14',53,to_date('2021-05-19 11:39:28','yyyy-mm-dd hh24:mi:ss'),to_date('2021-08-21 21:41:31','yyyy-mm-dd hh24:mi:ss')); 
insert into tblAttendence(Attendence_Seq,absence_type,Attendence_Date,Sugang_Seq,GoTowork,offWork) 
                   values(27,'기타','2021-03-08',9,to_date('2021-04-23 14:40:09','yyyy-mm-dd hh24:mi:ss'),to_date('2021-09-22 20:11:08','yyyy-mm-dd hh24:mi:ss')); 
insert into tblAttendence(Attendence_Seq,absence_type,Attendence_Date,Sugang_Seq,GoTowork,offWork) 
                   values(28,'조퇴','2021-07-17',93,to_date('2021-06-11 03:54:02','yyyy-mm-dd hh24:mi:ss'),to_date('2021-09-15 15:24:04','yyyy-mm-dd hh24:mi:ss')); 
insert into tblAttendence(Attendence_Seq,absence_type,Attendence_Date,Sugang_Seq,GoTowork,offWork) 
                   values(29,'조퇴','2021-01-20',98,to_date('2021-10-24 23:42:25','yyyy-mm-dd hh24:mi:ss'),to_date('2021-03-10 03:35:59','yyyy-mm-dd hh24:mi:ss')); 
insert into tblAttendence(Attendence_Seq,absence_type,Attendence_Date,Sugang_Seq,GoTowork,offWork) 
                   values(30,'기타','2021-08-24',29,to_date('2021-09-16 05:18:44','yyyy-mm-dd hh24:mi:ss'),to_date('2021-10-28 11:48:20','yyyy-mm-dd hh24:mi:ss')); 
insert into tblAttendence(Attendence_Seq,absence_type,Attendence_Date,Sugang_Seq,GoTowork,offWork) 
                   values(31,'조퇴','2021-11-20',45,to_date('2021-05-03 03:34:29','yyyy-mm-dd hh24:mi:ss'),to_date('2021-11-04 03:36:57','yyyy-mm-dd hh24:mi:ss')); 
insert into tblAttendence(Attendence_Seq,absence_type,Attendence_Date,Sugang_Seq,GoTowork,offWork) 
                   values(32,'병가','2021-07-27',94,to_date('2021-02-22 14:52:50','yyyy-mm-dd hh24:mi:ss'),to_date('2021-06-17 16:29:54','yyyy-mm-dd hh24:mi:ss')); 
insert into tblAttendence(Attendence_Seq,absence_type,Attendence_Date,Sugang_Seq,GoTowork,offWork) 
                   values(33,'조퇴','2021-04-22',31,to_date('2021-11-18 13:20:11','yyyy-mm-dd hh24:mi:ss'),to_date('2021-03-02 08:46:30','yyyy-mm-dd hh24:mi:ss')); 
insert into tblAttendence(Attendence_Seq,absence_type,Attendence_Date,Sugang_Seq,GoTowork,offWork) 
                   values(34,'기타','2021-02-12',81,to_date('2021-06-14 12:33:23','yyyy-mm-dd hh24:mi:ss'),to_date('2021-06-13 20:23:29','yyyy-mm-dd hh24:mi:ss')); 
insert into tblAttendence(Attendence_Seq,absence_type,Attendence_Date,Sugang_Seq,GoTowork,offWork) 
                   values(35,'병가','2021-11-17',52,to_date('2021-05-04 22:54:45','yyyy-mm-dd hh24:mi:ss'),to_date('2021-06-04 14:37:35','yyyy-mm-dd hh24:mi:ss')); 
insert into tblAttendence(Attendence_Seq,absence_type,Attendence_Date,Sugang_Seq,GoTowork,offWork) 
                   values(36,'정상','2021-10-02',93,to_date('2021-07-03 11:52:49','yyyy-mm-dd hh24:mi:ss'),to_date('2021-06-16 04:33:16','yyyy-mm-dd hh24:mi:ss')); 
insert into tblAttendence(Attendence_Seq,absence_type,Attendence_Date,Sugang_Seq,GoTowork,offWork) 
                   values(37,'외출','2021-07-19',50,to_date('2021-10-19 17:24:34','yyyy-mm-dd hh24:mi:ss'),to_date('2021-11-23 05:09:22','yyyy-mm-dd hh24:mi:ss')); 
insert into tblAttendence(Attendence_Seq,absence_type,Attendence_Date,Sugang_Seq,GoTowork,offWork) 
                   values(38,'조퇴','2021-08-14',61,to_date('2021-06-07 18:11:55','yyyy-mm-dd hh24:mi:ss'),to_date('2021-06-21 11:44:37','yyyy-mm-dd hh24:mi:ss')); 
insert into tblAttendence(Attendence_Seq,absence_type,Attendence_Date,Sugang_Seq,GoTowork,offWork) 
                   values(39,'지각','2021-05-03',76,to_date('2021-10-06 01:07:26','yyyy-mm-dd hh24:mi:ss'),to_date('2021-09-10 17:50:11','yyyy-mm-dd hh24:mi:ss')); 
insert into tblAttendence(Attendence_Seq,absence_type,Attendence_Date,Sugang_Seq,GoTowork,offWork) 
                   values(40,'병가','2021-10-27',22,to_date('2021-03-11 12:50:45','yyyy-mm-dd hh24:mi:ss'),to_date('2021-06-28 11:26:02','yyyy-mm-dd hh24:mi:ss')); 
insert into tblAttendence(Attendence_Seq,absence_type,Attendence_Date,Sugang_Seq,GoTowork,offWork) 
                   values(41,'기타','2021-03-02',32,to_date('2021-10-23 23:49:38','yyyy-mm-dd hh24:mi:ss'),to_date('2021-01-08 23:11:24','yyyy-mm-dd hh24:mi:ss')); 
insert into tblAttendence(Attendence_Seq,absence_type,Attendence_Date,Sugang_Seq,GoTowork,offWork) 
                   values(42,'병가','2021-11-03',63,to_date('2021-05-04 03:19:37','yyyy-mm-dd hh24:mi:ss'),to_date('2021-05-23 03:37:27','yyyy-mm-dd hh24:mi:ss')); 
insert into tblAttendence(Attendence_Seq,absence_type,Attendence_Date,Sugang_Seq,GoTowork,offWork) 
                   values(43,'조퇴','2021-08-21',95,to_date('2021-10-03 03:40:07','yyyy-mm-dd hh24:mi:ss'),to_date('2021-04-03 08:12:43','yyyy-mm-dd hh24:mi:ss')); 
insert into tblAttendence(Attendence_Seq,absence_type,Attendence_Date,Sugang_Seq,GoTowork,offWork) 
                   values(44,'지각','2021-05-14',49,to_date('2021-08-10 03:37:34','yyyy-mm-dd hh24:mi:ss'),to_date('2021-09-03 17:34:41','yyyy-mm-dd hh24:mi:ss')); 
insert into tblAttendence(Attendence_Seq,absence_type,Attendence_Date,Sugang_Seq,GoTowork,offWork) 
                   values(45,'기타','2021-06-14',36,to_date('2021-11-20 22:30:54','yyyy-mm-dd hh24:mi:ss'),to_date('2021-03-17 12:36:07','yyyy-mm-dd hh24:mi:ss')); 
insert into tblAttendence(Attendence_Seq,absence_type,Attendence_Date,Sugang_Seq,GoTowork,offWork) 
                   values(46,'기타','2021-02-24',94,to_date('2021-09-15 11:46:40','yyyy-mm-dd hh24:mi:ss'),to_date('2021-11-27 19:12:21','yyyy-mm-dd hh24:mi:ss')); 
insert into tblAttendence(Attendence_Seq,absence_type,Attendence_Date,Sugang_Seq,GoTowork,offWork) 
                   values(47,'정상','2021-01-19',40,to_date('2021-03-19 21:19:52','yyyy-mm-dd hh24:mi:ss'),to_date('2021-03-07 14:52:55','yyyy-mm-dd hh24:mi:ss')); 
insert into tblAttendence(Attendence_Seq,absence_type,Attendence_Date,Sugang_Seq,GoTowork,offWork) 
                   values(48,'외출','2021-04-08',52,to_date('2021-06-13 10:49:35','yyyy-mm-dd hh24:mi:ss'),to_date('2021-01-28 15:32:20','yyyy-mm-dd hh24:mi:ss')); 
insert into tblAttendence(Attendence_Seq,absence_type,Attendence_Date,Sugang_Seq,GoTowork,offWork) 
                   values(49,'기타','2021-06-04',87,to_date('2021-06-14 13:30:58','yyyy-mm-dd hh24:mi:ss'),to_date('2021-09-14 16:08:44','yyyy-mm-dd hh24:mi:ss')); 
insert into tblAttendence(Attendence_Seq,absence_type,Attendence_Date,Sugang_Seq,GoTowork,offWork) 
                   values(50,'조퇴','2021-08-14',71,to_date('2021-02-21 02:14:15','yyyy-mm-dd hh24:mi:ss'),to_date('2021-01-16 17:52:36','yyyy-mm-dd hh24:mi:ss')); 
insert into tblAttendence(Attendence_Seq,absence_type,Attendence_Date,Sugang_Seq,GoTowork,offWork) 
                   values(51,'정상','2021-09-25',69,to_date('2021-09-06 20:29:44','yyyy-mm-dd hh24:mi:ss'),to_date('2021-10-13 19:10:42','yyyy-mm-dd hh24:mi:ss')); 
insert into tblAttendence(Attendence_Seq,absence_type,Attendence_Date,Sugang_Seq,GoTowork,offWork) 
                   values(52,'지각','2021-06-02',33,to_date('2021-08-04 06:04:45','yyyy-mm-dd hh24:mi:ss'),to_date('2021-11-01 07:55:06','yyyy-mm-dd hh24:mi:ss')); 
insert into tblAttendence(Attendence_Seq,absence_type,Attendence_Date,Sugang_Seq,GoTowork,offWork) 
                   values(53,'병가','2021-07-16',57,to_date('2021-04-11 10:41:57','yyyy-mm-dd hh24:mi:ss'),to_date('2021-05-16 23:43:12','yyyy-mm-dd hh24:mi:ss')); 
insert into tblAttendence(Attendence_Seq,absence_type,Attendence_Date,Sugang_Seq,GoTowork,offWork) 
                   values(54,'병가','2021-09-10',97,to_date('2021-05-12 10:49:29','yyyy-mm-dd hh24:mi:ss'),to_date('2021-01-07 18:36:16','yyyy-mm-dd hh24:mi:ss')); 
insert into tblAttendence(Attendence_Seq,absence_type,Attendence_Date,Sugang_Seq,GoTowork,offWork) 
                   values(55,'병가','2021-11-25',21,to_date('2021-08-01 03:13:38','yyyy-mm-dd hh24:mi:ss'),to_date('2021-01-02 16:11:21','yyyy-mm-dd hh24:mi:ss')); 
insert into tblAttendence(Attendence_Seq,absence_type,Attendence_Date,Sugang_Seq,GoTowork,offWork) 
                   values(56,'정상','2021-08-26',36,to_date('2021-01-28 20:56:04','yyyy-mm-dd hh24:mi:ss'),to_date('2021-01-11 15:56:37','yyyy-mm-dd hh24:mi:ss')); 
insert into tblAttendence(Attendence_Seq,absence_type,Attendence_Date,Sugang_Seq,GoTowork,offWork) 
                   values(57,'기타','2021-11-23',9,to_date('2021-10-02 23:22:41','yyyy-mm-dd hh24:mi:ss'),to_date('2021-03-15 01:54:17','yyyy-mm-dd hh24:mi:ss')); 
insert into tblAttendence(Attendence_Seq,absence_type,Attendence_Date,Sugang_Seq,GoTowork,offWork) 
                   values(58,'외출','2021-08-01',96,to_date('2021-01-01 09:33:22','yyyy-mm-dd hh24:mi:ss'),to_date('2021-06-05 13:25:41','yyyy-mm-dd hh24:mi:ss')); 
insert into tblAttendence(Attendence_Seq,absence_type,Attendence_Date,Sugang_Seq,GoTowork,offWork) 
                   values(59,'외출','2021-06-27',50,to_date('2021-09-05 14:15:11','yyyy-mm-dd hh24:mi:ss'),to_date('2021-01-14 05:31:59','yyyy-mm-dd hh24:mi:ss')); 
insert into tblAttendence(Attendence_Seq,absence_type,Attendence_Date,Sugang_Seq,GoTowork,offWork) 
                   values(60,'정상','2021-04-20',76,to_date('2021-05-24 01:42:04','yyyy-mm-dd hh24:mi:ss'),to_date('2021-10-09 10:42:47','yyyy-mm-dd hh24:mi:ss')); 
insert into tblAttendence(Attendence_Seq,absence_type,Attendence_Date,Sugang_Seq,GoTowork,offWork) 
                   values(61,'정상','2021-06-24',24,to_date('2021-11-14 20:51:25','yyyy-mm-dd hh24:mi:ss'),to_date('2021-03-23 11:03:18','yyyy-mm-dd hh24:mi:ss')); 
insert into tblAttendence(Attendence_Seq,absence_type,Attendence_Date,Sugang_Seq,GoTowork,offWork) 
                   values(62,'정상','2021-07-23',47,to_date('2021-08-18 21:34:51','yyyy-mm-dd hh24:mi:ss'),to_date('2021-05-14 09:09:13','yyyy-mm-dd hh24:mi:ss')); 
insert into tblAttendence(Attendence_Seq,absence_type,Attendence_Date,Sugang_Seq,GoTowork,offWork) 
                   values(63,'기타','2021-03-27',82,to_date('2021-04-22 02:45:33','yyyy-mm-dd hh24:mi:ss'),to_date('2021-06-13 02:20:27','yyyy-mm-dd hh24:mi:ss')); 
insert into tblAttendence(Attendence_Seq,absence_type,Attendence_Date,Sugang_Seq,GoTowork,offWork) 
                   values(64,'기타','2021-10-24',12,to_date('2021-06-23 22:44:37','yyyy-mm-dd hh24:mi:ss'),to_date('2021-04-05 02:30:10','yyyy-mm-dd hh24:mi:ss')); 
insert into tblAttendence(Attendence_Seq,absence_type,Attendence_Date,Sugang_Seq,GoTowork,offWork) 
                   values(65,'외출','2021-01-19',19,to_date('2021-04-15 23:29:59','yyyy-mm-dd hh24:mi:ss'),to_date('2021-01-03 08:11:01','yyyy-mm-dd hh24:mi:ss')); 
insert into tblAttendence(Attendence_Seq,absence_type,Attendence_Date,Sugang_Seq,GoTowork,offWork) 
                   values(66,'외출','2021-10-11',94,to_date('2021-01-02 03:43:03','yyyy-mm-dd hh24:mi:ss'),to_date('2021-02-09 06:37:21','yyyy-mm-dd hh24:mi:ss')); 
insert into tblAttendence(Attendence_Seq,absence_type,Attendence_Date,Sugang_Seq,GoTowork,offWork) 
                   values(67,'외출','2021-05-28',45,to_date('2021-06-08 02:27:09','yyyy-mm-dd hh24:mi:ss'),to_date('2021-11-28 16:55:35','yyyy-mm-dd hh24:mi:ss')); 
insert into tblAttendence(Attendence_Seq,absence_type,Attendence_Date,Sugang_Seq,GoTowork,offWork) 
                   values(68,'기타','2021-06-28',53,to_date('2021-10-19 18:51:51','yyyy-mm-dd hh24:mi:ss'),to_date('2021-11-24 05:26:32','yyyy-mm-dd hh24:mi:ss')); 
insert into tblAttendence(Attendence_Seq,absence_type,Attendence_Date,Sugang_Seq,GoTowork,offWork) 
                   values(69,'병가','2021-10-19',9,to_date('2021-09-26 02:57:57','yyyy-mm-dd hh24:mi:ss'),to_date('2021-08-05 06:13:15','yyyy-mm-dd hh24:mi:ss')); 
insert into tblAttendence(Attendence_Seq,absence_type,Attendence_Date,Sugang_Seq,GoTowork,offWork) 
                   values(70,'기타','2021-10-20',27,to_date('2021-03-03 09:22:25','yyyy-mm-dd hh24:mi:ss'),to_date('2021-09-14 23:23:44','yyyy-mm-dd hh24:mi:ss')); 
insert into tblAttendence(Attendence_Seq,absence_type,Attendence_Date,Sugang_Seq,GoTowork,offWork) 
                   values(71,'정상','2021-08-25',94,to_date('2021-07-07 05:58:52','yyyy-mm-dd hh24:mi:ss'),to_date('2021-09-06 23:10:23','yyyy-mm-dd hh24:mi:ss')); 
insert into tblAttendence(Attendence_Seq,absence_type,Attendence_Date,Sugang_Seq,GoTowork,offWork) 
                   values(72,'병가','2021-08-18',73,to_date('2021-07-05 09:56:27','yyyy-mm-dd hh24:mi:ss'),to_date('2021-06-01 11:03:41','yyyy-mm-dd hh24:mi:ss')); 
insert into tblAttendence(Attendence_Seq,absence_type,Attendence_Date,Sugang_Seq,GoTowork,offWork) 
                   values(73,'외출','2021-11-26',80,to_date('2021-10-16 11:28:22','yyyy-mm-dd hh24:mi:ss'),to_date('2021-02-10 12:07:21','yyyy-mm-dd hh24:mi:ss')); 
insert into tblAttendence(Attendence_Seq,absence_type,Attendence_Date,Sugang_Seq,GoTowork,offWork) 
                   values(74,'정상','2021-09-07',41,to_date('2021-02-02 02:24:01','yyyy-mm-dd hh24:mi:ss'),to_date('2021-11-25 05:26:21','yyyy-mm-dd hh24:mi:ss')); 
insert into tblAttendence(Attendence_Seq,absence_type,Attendence_Date,Sugang_Seq,GoTowork,offWork) 
                   values(75,'병가','2021-08-27',85,to_date('2021-05-07 02:08:45','yyyy-mm-dd hh24:mi:ss'),to_date('2021-11-17 12:46:17','yyyy-mm-dd hh24:mi:ss')); 
insert into tblAttendence(Attendence_Seq,absence_type,Attendence_Date,Sugang_Seq,GoTowork,offWork) 
                   values(76,'지각','2021-02-26',49,to_date('2021-09-18 21:59:10','yyyy-mm-dd hh24:mi:ss'),to_date('2021-06-26 19:26:35','yyyy-mm-dd hh24:mi:ss')); 
insert into tblAttendence(Attendence_Seq,absence_type,Attendence_Date,Sugang_Seq,GoTowork,offWork) 
                   values(77,'정상','2021-05-20',42,to_date('2021-08-27 01:50:04','yyyy-mm-dd hh24:mi:ss'),to_date('2021-11-15 15:06:48','yyyy-mm-dd hh24:mi:ss')); 
insert into tblAttendence(Attendence_Seq,absence_type,Attendence_Date,Sugang_Seq,GoTowork,offWork) 
                   values(78,'정상','2021-09-10',73,to_date('2021-01-15 18:07:39','yyyy-mm-dd hh24:mi:ss'),to_date('2021-10-09 17:27:21','yyyy-mm-dd hh24:mi:ss')); 
insert into tblAttendence(Attendence_Seq,absence_type,Attendence_Date,Sugang_Seq,GoTowork,offWork) 
                   values(79,'기타','2021-05-23',74,to_date('2021-09-03 19:24:27','yyyy-mm-dd hh24:mi:ss'),to_date('2021-01-07 01:59:29','yyyy-mm-dd hh24:mi:ss')); 
insert into tblAttendence(Attendence_Seq,absence_type,Attendence_Date,Sugang_Seq,GoTowork,offWork) 
                   values(80,'조퇴','2021-06-11',47,to_date('2021-01-23 11:43:26','yyyy-mm-dd hh24:mi:ss'),to_date('2021-04-20 04:34:17','yyyy-mm-dd hh24:mi:ss')); 
insert into tblAttendence(Attendence_Seq,absence_type,Attendence_Date,Sugang_Seq,GoTowork,offWork) 
                   values(81,'지각','2021-02-17',62,to_date('2021-05-26 23:48:38','yyyy-mm-dd hh24:mi:ss'),to_date('2021-06-14 18:02:21','yyyy-mm-dd hh24:mi:ss')); 
insert into tblAttendence(Attendence_Seq,absence_type,Attendence_Date,Sugang_Seq,GoTowork,offWork) 
                   values(82,'병가','2021-01-10',52,to_date('2021-03-18 16:53:48','yyyy-mm-dd hh24:mi:ss'),to_date('2021-06-14 08:10:25','yyyy-mm-dd hh24:mi:ss')); 
insert into tblAttendence(Attendence_Seq,absence_type,Attendence_Date,Sugang_Seq,GoTowork,offWork) 
                   values(83,'정상','2021-03-11',39,to_date('2021-02-08 12:50:59','yyyy-mm-dd hh24:mi:ss'),to_date('2021-05-10 06:48:07','yyyy-mm-dd hh24:mi:ss')); 
insert into tblAttendence(Attendence_Seq,absence_type,Attendence_Date,Sugang_Seq,GoTowork,offWork) 
                   values(84,'지각','2021-09-12',20,to_date('2021-01-27 06:11:24','yyyy-mm-dd hh24:mi:ss'),to_date('2021-08-11 05:32:03','yyyy-mm-dd hh24:mi:ss')); 
insert into tblAttendence(Attendence_Seq,absence_type,Attendence_Date,Sugang_Seq,GoTowork,offWork) 
                   values(85,'기타','2021-04-02',23,to_date('2021-04-07 22:02:15','yyyy-mm-dd hh24:mi:ss'),to_date('2021-03-03 14:20:12','yyyy-mm-dd hh24:mi:ss')); 
insert into tblAttendence(Attendence_Seq,absence_type,Attendence_Date,Sugang_Seq,GoTowork,offWork) 
                   values(86,'외출','2021-08-15',91,to_date('2021-01-15 01:35:31','yyyy-mm-dd hh24:mi:ss'),to_date('2021-03-08 01:11:25','yyyy-mm-dd hh24:mi:ss')); 
insert into tblAttendence(Attendence_Seq,absence_type,Attendence_Date,Sugang_Seq,GoTowork,offWork) 
                   values(87,'외출','2021-05-20',69,to_date('2021-07-25 17:31:43','yyyy-mm-dd hh24:mi:ss'),to_date('2021-01-21 08:18:26','yyyy-mm-dd hh24:mi:ss')); 
insert into tblAttendence(Attendence_Seq,absence_type,Attendence_Date,Sugang_Seq,GoTowork,offWork) 
                   values(88,'조퇴','2021-05-03',69,to_date('2021-07-04 21:42:46','yyyy-mm-dd hh24:mi:ss'),to_date('2021-02-07 11:16:31','yyyy-mm-dd hh24:mi:ss')); 
insert into tblAttendence(Attendence_Seq,absence_type,Attendence_Date,Sugang_Seq,GoTowork,offWork) 
                   values(89,'병가','2021-01-11',52,to_date('2021-07-02 09:23:41','yyyy-mm-dd hh24:mi:ss'),to_date('2021-04-24 12:11:16','yyyy-mm-dd hh24:mi:ss')); 
insert into tblAttendence(Attendence_Seq,absence_type,Attendence_Date,Sugang_Seq,GoTowork,offWork) 
                   values(90,'병가','2021-07-10',73,to_date('2021-07-11 05:51:57','yyyy-mm-dd hh24:mi:ss'),to_date('2021-03-26 01:12:09','yyyy-mm-dd hh24:mi:ss')); 
insert into tblAttendence(Attendence_Seq,absence_type,Attendence_Date,Sugang_Seq,GoTowork,offWork) 
                   values(91,'외출','2021-01-03',56,to_date('2021-06-07 16:51:33','yyyy-mm-dd hh24:mi:ss'),to_date('2021-09-01 08:15:59','yyyy-mm-dd hh24:mi:ss')); 
insert into tblAttendence(Attendence_Seq,absence_type,Attendence_Date,Sugang_Seq,GoTowork,offWork) 
                   values(92,'조퇴','2021-02-07',84,to_date('2021-06-16 15:07:51','yyyy-mm-dd hh24:mi:ss'),to_date('2021-08-10 03:08:19','yyyy-mm-dd hh24:mi:ss')); 
insert into tblAttendence(Attendence_Seq,absence_type,Attendence_Date,Sugang_Seq,GoTowork,offWork) 
                   values(93,'정상','2021-04-08',29,to_date('2021-05-26 13:10:29','yyyy-mm-dd hh24:mi:ss'),to_date('2021-04-02 02:22:50','yyyy-mm-dd hh24:mi:ss')); 
insert into tblAttendence(Attendence_Seq,absence_type,Attendence_Date,Sugang_Seq,GoTowork,offWork) 
                   values(94,'조퇴','2021-06-05',52,to_date('2021-09-04 15:49:43','yyyy-mm-dd hh24:mi:ss'),to_date('2021-05-24 09:52:39','yyyy-mm-dd hh24:mi:ss')); 
insert into tblAttendence(Attendence_Seq,absence_type,Attendence_Date,Sugang_Seq,GoTowork,offWork) 
                   values(95,'정상','2021-01-12',80,to_date('2021-02-25 14:45:29','yyyy-mm-dd hh24:mi:ss'),to_date('2021-09-10 13:33:59','yyyy-mm-dd hh24:mi:ss')); 
insert into tblAttendence(Attendence_Seq,absence_type,Attendence_Date,Sugang_Seq,GoTowork,offWork) 
                   values(96,'지각','2021-04-05',65,to_date('2021-08-03 06:48:06','yyyy-mm-dd hh24:mi:ss'),to_date('2021-09-24 14:02:54','yyyy-mm-dd hh24:mi:ss')); 
insert into tblAttendence(Attendence_Seq,absence_type,Attendence_Date,Sugang_Seq,GoTowork,offWork) 
                   values(97,'지각','2021-04-15',66,to_date('2021-10-14 20:34:28','yyyy-mm-dd hh24:mi:ss'),to_date('2021-03-26 23:59:11','yyyy-mm-dd hh24:mi:ss')); 
insert into tblAttendence(Attendence_Seq,absence_type,Attendence_Date,Sugang_Seq,GoTowork,offWork) 
                   values(98,'병가','2021-09-24',96,to_date('2021-01-28 03:52:19','yyyy-mm-dd hh24:mi:ss'),to_date('2021-03-10 12:58:06','yyyy-mm-dd hh24:mi:ss')); 
insert into tblAttendence(Attendence_Seq,absence_type,Attendence_Date,Sugang_Seq,GoTowork,offWork) 
                   values(99,'지각','2021-01-01',16,to_date('2021-08-16 04:53:45','yyyy-mm-dd hh24:mi:ss'),to_date('2021-08-12 13:22:50','yyyy-mm-dd hh24:mi:ss')); 
insert into tblAttendence(Attendence_Seq,absence_type,Attendence_Date,Sugang_Seq,GoTowork,offWork) 
                   values(100,'기타','2021-11-06',8,to_date('2021-01-26 05:12:08','yyyy-mm-dd hh24:mi:ss'),to_date('2021-02-10 04:35:21','yyyy-mm-dd hh24:mi:ss')); 
insert into tblAttendence(Attendence_Seq,absence_type,Attendence_Date,Sugang_Seq,GoTowork,offWork) 
                   values(101,'조퇴','2021-07-11',76,to_date('2021-03-04 10:30:22','yyyy-mm-dd hh24:mi:ss'),to_date('2021-03-06 18:56:03','yyyy-mm-dd hh24:mi:ss')); 
insert into tblAttendence(Attendence_Seq,absence_type,Attendence_Date,Sugang_Seq,GoTowork,offWork) 
                   values(102,'조퇴','2021-06-19',97,to_date('2021-09-28 22:27:46','yyyy-mm-dd hh24:mi:ss'),to_date('2021-09-07 21:06:44','yyyy-mm-dd hh24:mi:ss')); 
insert into tblAttendence(Attendence_Seq,absence_type,Attendence_Date,Sugang_Seq,GoTowork,offWork) 
                   values(103,'외출','2021-09-13',77,to_date('2021-03-23 07:19:09','yyyy-mm-dd hh24:mi:ss'),to_date('2021-11-22 17:55:38','yyyy-mm-dd hh24:mi:ss')); 
insert into tblAttendence(Attendence_Seq,absence_type,Attendence_Date,Sugang_Seq,GoTowork,offWork) 
                   values(104,'병가','2021-07-01',49,to_date('2021-03-23 17:16:03','yyyy-mm-dd hh24:mi:ss'),to_date('2021-03-04 16:43:48','yyyy-mm-dd hh24:mi:ss')); 
insert into tblAttendence(Attendence_Seq,absence_type,Attendence_Date,Sugang_Seq,GoTowork,offWork) 
                   values(105,'기타','2021-07-01',62,to_date('2021-11-28 09:36:30','yyyy-mm-dd hh24:mi:ss'),to_date('2021-06-05 17:26:34','yyyy-mm-dd hh24:mi:ss')); 
insert into tblAttendence(Attendence_Seq,absence_type,Attendence_Date,Sugang_Seq,GoTowork,offWork) 
                   values(106,'외출','2021-01-06',29,to_date('2021-02-21 04:29:54','yyyy-mm-dd hh24:mi:ss'),to_date('2021-05-24 23:32:40','yyyy-mm-dd hh24:mi:ss')); 
insert into tblAttendence(Attendence_Seq,absence_type,Attendence_Date,Sugang_Seq,GoTowork,offWork) 
                   values(107,'기타','2021-01-13',24,to_date('2021-06-15 15:01:15','yyyy-mm-dd hh24:mi:ss'),to_date('2021-08-26 11:16:07','yyyy-mm-dd hh24:mi:ss')); 
insert into tblAttendence(Attendence_Seq,absence_type,Attendence_Date,Sugang_Seq,GoTowork,offWork) 
                   values(108,'정상','2021-06-05',50,to_date('2021-11-06 22:10:48','yyyy-mm-dd hh24:mi:ss'),to_date('2021-10-04 08:12:53','yyyy-mm-dd hh24:mi:ss')); 
insert into tblAttendence(Attendence_Seq,absence_type,Attendence_Date,Sugang_Seq,GoTowork,offWork) 
                   values(109,'지각','2021-08-09',35,to_date('2021-09-12 16:55:47','yyyy-mm-dd hh24:mi:ss'),to_date('2021-11-15 18:48:46','yyyy-mm-dd hh24:mi:ss')); 
insert into tblAttendence(Attendence_Seq,absence_type,Attendence_Date,Sugang_Seq,GoTowork,offWork) 
                   values(110,'지각','2021-06-10',50,to_date('2021-05-28 05:15:05','yyyy-mm-dd hh24:mi:ss'),to_date('2021-02-19 21:52:45','yyyy-mm-dd hh24:mi:ss')); 
insert into tblAttendence(Attendence_Seq,absence_type,Attendence_Date,Sugang_Seq,GoTowork,offWork) 
                   values(111,'외출','2021-03-20',56,to_date('2021-10-22 17:29:19','yyyy-mm-dd hh24:mi:ss'),to_date('2021-04-04 20:01:12','yyyy-mm-dd hh24:mi:ss')); 
insert into tblAttendence(Attendence_Seq,absence_type,Attendence_Date,Sugang_Seq,GoTowork,offWork) 
                   values(112,'외출','2021-03-10',15,to_date('2021-09-25 09:18:13','yyyy-mm-dd hh24:mi:ss'),to_date('2021-05-06 03:58:23','yyyy-mm-dd hh24:mi:ss')); 
insert into tblAttendence(Attendence_Seq,absence_type,Attendence_Date,Sugang_Seq,GoTowork,offWork) 
                   values(113,'조퇴','2021-05-08',43,to_date('2021-09-08 04:43:25','yyyy-mm-dd hh24:mi:ss'),to_date('2021-10-11 09:17:47','yyyy-mm-dd hh24:mi:ss')); 
insert into tblAttendence(Attendence_Seq,absence_type,Attendence_Date,Sugang_Seq,GoTowork,offWork) 
                   values(114,'기타','2021-06-08',12,to_date('2021-09-09 03:31:56','yyyy-mm-dd hh24:mi:ss'),to_date('2021-09-25 19:45:56','yyyy-mm-dd hh24:mi:ss')); 
insert into tblAttendence(Attendence_Seq,absence_type,Attendence_Date,Sugang_Seq,GoTowork,offWork) 
                   values(115,'기타','2021-10-22',31,to_date('2021-06-10 11:25:53','yyyy-mm-dd hh24:mi:ss'),to_date('2021-08-08 20:11:49','yyyy-mm-dd hh24:mi:ss')); 
insert into tblAttendence(Attendence_Seq,absence_type,Attendence_Date,Sugang_Seq,GoTowork,offWork) 
                   values(116,'기타','2021-10-03',37,to_date('2021-10-06 19:34:29','yyyy-mm-dd hh24:mi:ss'),to_date('2021-04-06 14:40:08','yyyy-mm-dd hh24:mi:ss')); 
insert into tblAttendence(Attendence_Seq,absence_type,Attendence_Date,Sugang_Seq,GoTowork,offWork) 
                   values(117,'외출','2021-04-07',37,to_date('2021-10-25 08:44:48','yyyy-mm-dd hh24:mi:ss'),to_date('2021-09-24 07:32:28','yyyy-mm-dd hh24:mi:ss')); 
insert into tblAttendence(Attendence_Seq,absence_type,Attendence_Date,Sugang_Seq,GoTowork,offWork) 
                   values(118,'외출','2021-02-10',7,to_date('2021-02-14 07:51:37','yyyy-mm-dd hh24:mi:ss'),to_date('2021-01-05 11:27:19','yyyy-mm-dd hh24:mi:ss')); 
insert into tblAttendence(Attendence_Seq,absence_type,Attendence_Date,Sugang_Seq,GoTowork,offWork) 
                   values(119,'병가','2021-09-20',69,to_date('2021-01-22 07:43:10','yyyy-mm-dd hh24:mi:ss'),to_date('2021-06-09 18:48:44','yyyy-mm-dd hh24:mi:ss')); 
insert into tblAttendence(Attendence_Seq,absence_type,Attendence_Date,Sugang_Seq,GoTowork,offWork) 
                   values(120,'조퇴','2021-10-05',19,to_date('2021-06-07 16:40:38','yyyy-mm-dd hh24:mi:ss'),to_date('2021-02-14 02:14:36','yyyy-mm-dd hh24:mi:ss')); 
insert into tblAttendence(Attendence_Seq,absence_type,Attendence_Date,Sugang_Seq,GoTowork,offWork) 
                   values(121,'기타','2021-10-25',95,to_date('2021-11-01 23:56:07','yyyy-mm-dd hh24:mi:ss'),to_date('2021-07-18 17:08:28','yyyy-mm-dd hh24:mi:ss')); 
insert into tblAttendence(Attendence_Seq,absence_type,Attendence_Date,Sugang_Seq,GoTowork,offWork) 
                   values(122,'병가','2021-07-10',10,to_date('2021-04-19 09:27:27','yyyy-mm-dd hh24:mi:ss'),to_date('2021-05-16 06:35:20','yyyy-mm-dd hh24:mi:ss')); 
insert into tblAttendence(Attendence_Seq,absence_type,Attendence_Date,Sugang_Seq,GoTowork,offWork) 
                   values(123,'조퇴','2021-09-05',80,to_date('2021-11-13 11:06:43','yyyy-mm-dd hh24:mi:ss'),to_date('2021-04-24 22:39:37','yyyy-mm-dd hh24:mi:ss')); 
insert into tblAttendence(Attendence_Seq,absence_type,Attendence_Date,Sugang_Seq,GoTowork,offWork) 
                   values(124,'외출','2021-07-11',59,to_date('2021-03-12 11:35:25','yyyy-mm-dd hh24:mi:ss'),to_date('2021-02-13 06:52:02','yyyy-mm-dd hh24:mi:ss')); 
insert into tblAttendence(Attendence_Seq,absence_type,Attendence_Date,Sugang_Seq,GoTowork,offWork) 
                   values(125,'정상','2021-04-27',7,to_date('2021-08-08 10:19:01','yyyy-mm-dd hh24:mi:ss'),to_date('2021-02-27 02:24:47','yyyy-mm-dd hh24:mi:ss')); 
insert into tblAttendence(Attendence_Seq,absence_type,Attendence_Date,Sugang_Seq,GoTowork,offWork) 
                   values(126,'외출','2021-08-20',8,to_date('2021-08-08 22:37:48','yyyy-mm-dd hh24:mi:ss'),to_date('2021-01-27 14:05:53','yyyy-mm-dd hh24:mi:ss')); 
insert into tblAttendence(Attendence_Seq,absence_type,Attendence_Date,Sugang_Seq,GoTowork,offWork) 
                   values(127,'정상','2021-11-09',96,to_date('2021-05-25 11:26:05','yyyy-mm-dd hh24:mi:ss'),to_date('2021-11-26 02:37:14','yyyy-mm-dd hh24:mi:ss')); 
insert into tblAttendence(Attendence_Seq,absence_type,Attendence_Date,Sugang_Seq,GoTowork,offWork) 
                   values(128,'지각','2021-07-02',46,to_date('2021-06-09 01:40:28','yyyy-mm-dd hh24:mi:ss'),to_date('2021-01-13 09:13:59','yyyy-mm-dd hh24:mi:ss')); 
insert into tblAttendence(Attendence_Seq,absence_type,Attendence_Date,Sugang_Seq,GoTowork,offWork) 
                   values(129,'조퇴','2021-04-10',81,to_date('2021-09-11 11:17:10','yyyy-mm-dd hh24:mi:ss'),to_date('2021-08-26 12:17:48','yyyy-mm-dd hh24:mi:ss')); 
insert into tblAttendence(Attendence_Seq,absence_type,Attendence_Date,Sugang_Seq,GoTowork,offWork) 
                   values(130,'병가','2021-10-10',44,to_date('2021-04-23 10:17:22','yyyy-mm-dd hh24:mi:ss'),to_date('2021-04-12 15:31:54','yyyy-mm-dd hh24:mi:ss')); 
insert into tblAttendence(Attendence_Seq,absence_type,Attendence_Date,Sugang_Seq,GoTowork,offWork) 
                   values(131,'병가','2021-09-02',87,to_date('2021-06-01 05:14:36','yyyy-mm-dd hh24:mi:ss'),to_date('2021-11-03 02:17:57','yyyy-mm-dd hh24:mi:ss')); 
insert into tblAttendence(Attendence_Seq,absence_type,Attendence_Date,Sugang_Seq,GoTowork,offWork) 
                   values(132,'외출','2021-07-05',21,to_date('2021-02-04 09:35:36','yyyy-mm-dd hh24:mi:ss'),to_date('2021-10-03 02:36:06','yyyy-mm-dd hh24:mi:ss')); 
insert into tblAttendence(Attendence_Seq,absence_type,Attendence_Date,Sugang_Seq,GoTowork,offWork) 
                   values(133,'지각','2021-06-14',79,to_date('2021-04-27 05:40:33','yyyy-mm-dd hh24:mi:ss'),to_date('2021-07-11 09:29:54','yyyy-mm-dd hh24:mi:ss')); 
insert into tblAttendence(Attendence_Seq,absence_type,Attendence_Date,Sugang_Seq,GoTowork,offWork) 
                   values(134,'조퇴','2021-02-05',73,to_date('2021-01-10 21:21:55','yyyy-mm-dd hh24:mi:ss'),to_date('2021-03-01 11:57:12','yyyy-mm-dd hh24:mi:ss')); 
insert into tblAttendence(Attendence_Seq,absence_type,Attendence_Date,Sugang_Seq,GoTowork,offWork) 
                   values(135,'기타','2021-04-06',97,to_date('2021-04-24 11:48:08','yyyy-mm-dd hh24:mi:ss'),to_date('2021-08-25 12:48:01','yyyy-mm-dd hh24:mi:ss')); 
insert into tblAttendence(Attendence_Seq,absence_type,Attendence_Date,Sugang_Seq,GoTowork,offWork) 
                   values(136,'기타','2021-05-09',40,to_date('2021-02-28 17:03:02','yyyy-mm-dd hh24:mi:ss'),to_date('2021-03-11 19:57:30','yyyy-mm-dd hh24:mi:ss')); 
insert into tblAttendence(Attendence_Seq,absence_type,Attendence_Date,Sugang_Seq,GoTowork,offWork) 
                   values(137,'외출','2021-05-11',68,to_date('2021-09-25 12:56:15','yyyy-mm-dd hh24:mi:ss'),to_date('2021-08-22 09:18:11','yyyy-mm-dd hh24:mi:ss')); 
insert into tblAttendence(Attendence_Seq,absence_type,Attendence_Date,Sugang_Seq,GoTowork,offWork) 
                   values(138,'병가','2021-06-26',77,to_date('2021-07-25 17:25:32','yyyy-mm-dd hh24:mi:ss'),to_date('2021-07-24 23:41:02','yyyy-mm-dd hh24:mi:ss')); 
insert into tblAttendence(Attendence_Seq,absence_type,Attendence_Date,Sugang_Seq,GoTowork,offWork) 
                   values(139,'조퇴','2021-10-01',87,to_date('2021-04-19 06:37:01','yyyy-mm-dd hh24:mi:ss'),to_date('2021-08-15 10:39:31','yyyy-mm-dd hh24:mi:ss')); 
insert into tblAttendence(Attendence_Seq,absence_type,Attendence_Date,Sugang_Seq,GoTowork,offWork) 
                   values(140,'지각','2021-09-20',60,to_date('2021-02-17 12:20:31','yyyy-mm-dd hh24:mi:ss'),to_date('2021-04-01 21:29:48','yyyy-mm-dd hh24:mi:ss')); 
insert into tblAttendence(Attendence_Seq,absence_type,Attendence_Date,Sugang_Seq,GoTowork,offWork) 
                   values(141,'정상','2021-09-22',66,to_date('2021-10-03 07:52:27','yyyy-mm-dd hh24:mi:ss'),to_date('2021-11-16 08:38:06','yyyy-mm-dd hh24:mi:ss')); 
insert into tblAttendence(Attendence_Seq,absence_type,Attendence_Date,Sugang_Seq,GoTowork,offWork) 
                   values(142,'기타','2021-07-25',46,to_date('2021-07-07 02:36:09','yyyy-mm-dd hh24:mi:ss'),to_date('2021-05-22 10:42:19','yyyy-mm-dd hh24:mi:ss')); 
insert into tblAttendence(Attendence_Seq,absence_type,Attendence_Date,Sugang_Seq,GoTowork,offWork) 
                   values(143,'정상','2021-01-02',39,to_date('2021-06-06 10:15:25','yyyy-mm-dd hh24:mi:ss'),to_date('2021-08-04 15:57:50','yyyy-mm-dd hh24:mi:ss')); 
insert into tblAttendence(Attendence_Seq,absence_type,Attendence_Date,Sugang_Seq,GoTowork,offWork) 
                   values(144,'조퇴','2021-06-25',73,to_date('2021-09-05 10:21:18','yyyy-mm-dd hh24:mi:ss'),to_date('2021-08-07 06:30:25','yyyy-mm-dd hh24:mi:ss')); 
insert into tblAttendence(Attendence_Seq,absence_type,Attendence_Date,Sugang_Seq,GoTowork,offWork) 
                   values(145,'정상','2021-07-03',36,to_date('2021-11-24 20:10:18','yyyy-mm-dd hh24:mi:ss'),to_date('2021-07-15 13:48:46','yyyy-mm-dd hh24:mi:ss')); 
insert into tblAttendence(Attendence_Seq,absence_type,Attendence_Date,Sugang_Seq,GoTowork,offWork) 
                   values(146,'정상','2021-09-04',50,to_date('2021-02-04 07:56:59','yyyy-mm-dd hh24:mi:ss'),to_date('2021-06-21 14:58:25','yyyy-mm-dd hh24:mi:ss')); 
insert into tblAttendence(Attendence_Seq,absence_type,Attendence_Date,Sugang_Seq,GoTowork,offWork) 
                   values(147,'외출','2021-11-18',59,to_date('2021-02-04 05:21:06','yyyy-mm-dd hh24:mi:ss'),to_date('2021-01-24 09:56:10','yyyy-mm-dd hh24:mi:ss')); 
insert into tblAttendence(Attendence_Seq,absence_type,Attendence_Date,Sugang_Seq,GoTowork,offWork) 
                   values(148,'외출','2021-06-13',62,to_date('2021-06-07 10:51:15','yyyy-mm-dd hh24:mi:ss'),to_date('2021-01-25 10:44:26','yyyy-mm-dd hh24:mi:ss')); 
insert into tblAttendence(Attendence_Seq,absence_type,Attendence_Date,Sugang_Seq,GoTowork,offWork) 
                   values(149,'병가','2021-03-03',99,to_date('2021-04-02 14:14:12','yyyy-mm-dd hh24:mi:ss'),to_date('2021-05-03 09:49:40','yyyy-mm-dd hh24:mi:ss')); 
insert into tblAttendence(Attendence_Seq,absence_type,Attendence_Date,Sugang_Seq,GoTowork,offWork) 
                   values(150,'정상','2021-07-26',23,to_date('2021-07-23 13:47:46','yyyy-mm-dd hh24:mi:ss'),to_date('2021-11-08 15:19:53','yyyy-mm-dd hh24:mi:ss')); 


--실제 데이터
insert into tblAttendence(Attendence_Seq,absence_type,Attendence_Date,Sugang_Seq,GoTowork,offWork) 
                   values(151,'정상','2021-09-08',1,to_date('2021-09-08 09:00:00','yyyy-mm-dd hh24:mi:ss'),to_date('2021-09-08 18:00:00','yyyy-mm-dd hh24:mi:ss'));
insert into tblAttendence(Attendence_Seq,absence_type,Attendence_Date,Sugang_Seq,GoTowork,offWork) 
                   values(152,'정상','2021-09-09',1,to_date('2021-09-09 09:00:00','yyyy-mm-dd hh24:mi:ss'),to_date('2021-09-09 18:00:00','yyyy-mm-dd hh24:mi:ss'));
insert into tblAttendence(Attendence_Seq,absence_type,Attendence_Date,Sugang_Seq,GoTowork,offWork) 
                   values(153,'정상','2021-09-10',1,to_date('2021-09-10 09:00:00','yyyy-mm-dd hh24:mi:ss'),to_date('2021-09-10 18:00:00','yyyy-mm-dd hh24:mi:ss'));
insert into tblAttendence(Attendence_Seq,absence_type,Attendence_Date,Sugang_Seq,GoTowork,offWork) 
                   values(154,'정상','2021-09-13',1,to_date('2021-09-13 09:00:00','yyyy-mm-dd hh24:mi:ss'),to_date('2021-09-13 18:00:00','yyyy-mm-dd hh24:mi:ss'));
insert into tblAttendence(Attendence_Seq,absence_type,Attendence_Date,Sugang_Seq,GoTowork,offWork) 
                   values(155,'정상','2021-09-14',1,to_date('2021-09-14 09:00:00','yyyy-mm-dd hh24:mi:ss'),to_date('2021-09-14 18:00:00','yyyy-mm-dd hh24:mi:ss'));
insert into tblAttendence(Attendence_Seq,absence_type,Attendence_Date,Sugang_Seq,GoTowork,offWork) 
                   values(156,'정상','2021-09-15',1,to_date('2021-09-15 09:00:00','yyyy-mm-dd hh24:mi:ss'),to_date('2021-09-15 18:00:00','yyyy-mm-dd hh24:mi:ss'));
insert into tblAttendence(Attendence_Seq,absence_type,Attendence_Date,Sugang_Seq,GoTowork,offWork) 
                   values(157,'정상','2021-09-16',1,to_date('2021-09-16 09:00:00','yyyy-mm-dd hh24:mi:ss'),to_date('2021-09-16 18:00:00','yyyy-mm-dd hh24:mi:ss'));
insert into tblAttendence(Attendence_Seq,absence_type,Attendence_Date,Sugang_Seq,GoTowork,offWork) 
                   values(158,'정상','2021-09-17',1,to_date('2021-09-17 09:00:00','yyyy-mm-dd hh24:mi:ss'),to_date('2021-09-17 18:00:00','yyyy-mm-dd hh24:mi:ss'));
insert into tblAttendence(Attendence_Seq,absence_type,Attendence_Date,Sugang_Seq,GoTowork,offWork) 
                   values(159,'정상','2021-09-23',1,to_date('2021-09-23 09:00:00','yyyy-mm-dd hh24:mi:ss'),to_date('2021-09-23 18:00:00','yyyy-mm-dd hh24:mi:ss'));
insert into tblAttendence(Attendence_Seq,absence_type,Attendence_Date,Sugang_Seq,GoTowork,offWork) 
                   values(160,'정상','2021-09-24',1,to_date('2021-09-24 09:00:00','yyyy-mm-dd hh24:mi:ss'),to_date('2021-09-24 18:00:00','yyyy-mm-dd hh24:mi:ss'));
insert into tblAttendence(Attendence_Seq,absence_type,Attendence_Date,Sugang_Seq,GoTowork,offWork) 
                   values(161,'정상','2021-09-27',1,to_date('2021-09-27 09:00:00','yyyy-mm-dd hh24:mi:ss'),to_date('2021-09-27 18:00:00','yyyy-mm-dd hh24:mi:ss'));
insert into tblAttendence(Attendence_Seq,absence_type,Attendence_Date,Sugang_Seq,GoTowork,offWork) 
                   values(162,'정상','2021-09-28',1,to_date('2021-09-28 09:00:00','yyyy-mm-dd hh24:mi:ss'),to_date('2021-09-28 18:00:00','yyyy-mm-dd hh24:mi:ss'));
insert into tblAttendence(Attendence_Seq,absence_type,Attendence_Date,Sugang_Seq,GoTowork,offWork) 
                   values(163,'정상','2021-09-29',1,to_date('2021-09-29 09:00:00','yyyy-mm-dd hh24:mi:ss'),to_date('2021-09-29 18:00:00','yyyy-mm-dd hh24:mi:ss'));
insert into tblAttendence(Attendence_Seq,absence_type,Attendence_Date,Sugang_Seq,GoTowork,offWork) 
                   values(164,'정상','2021-09-30',1,to_date('2021-09-30 09:00:00','yyyy-mm-dd hh24:mi:ss'),to_date('2021-09-30 18:00:00','yyyy-mm-dd hh24:mi:ss'));
insert into tblAttendence(Attendence_Seq,absence_type,Attendence_Date,Sugang_Seq,GoTowork,offWork) 
                   values(165,'정상','2021-10-01',1,to_date('2021-10-01 09:00:00','yyyy-mm-dd hh24:mi:ss'),to_date('2021-10-01 18:00:00','yyyy-mm-dd hh24:mi:ss'));
insert into tblAttendence(Attendence_Seq,absence_type,Attendence_Date,Sugang_Seq,GoTowork,offWork) 
                   values(166,'정상','2021-10-06',1,to_date('2021-10-06 09:00:00','yyyy-mm-dd hh24:mi:ss'),to_date('2021-10-06 18:00:00','yyyy-mm-dd hh24:mi:ss'));
insert into tblAttendence(Attendence_Seq,absence_type,Attendence_Date,Sugang_Seq,GoTowork,offWork) 
                   values(167,'정상','2021-10-07',1,to_date('2021-10-07 09:00:00','yyyy-mm-dd hh24:mi:ss'),to_date('2021-10-07 18:00:00','yyyy-mm-dd hh24:mi:ss'));
insert into tblAttendence(Attendence_Seq,absence_type,Attendence_Date,Sugang_Seq,GoTowork,offWork) 
                   values(168,'정상','2021-10-08',1,to_date('2021-10-08 09:00:00','yyyy-mm-dd hh24:mi:ss'),to_date('2021-10-08 18:00:00','yyyy-mm-dd hh24:mi:ss'));
insert into tblAttendence(Attendence_Seq,absence_type,Attendence_Date,Sugang_Seq,GoTowork,offWork) 
                   values(169,'정상','2021-10-12',1,to_date('2021-10-12 09:00:00','yyyy-mm-dd hh24:mi:ss'),to_date('2021-10-12 18:00:00','yyyy-mm-dd hh24:mi:ss'));
insert into tblAttendence(Attendence_Seq,absence_type,Attendence_Date,Sugang_Seq,GoTowork,offWork) 
                   values(170,'정상','2021-10-13',1,to_date('2021-10-13 09:00:00','yyyy-mm-dd hh24:mi:ss'),to_date('2021-10-13 18:00:00','yyyy-mm-dd hh24:mi:ss'));
insert into tblAttendence(Attendence_Seq,absence_type,Attendence_Date,Sugang_Seq,GoTowork,offWork) 
                   values(171,'정상','2021-10-14',1,to_date('2021-10-14 09:00:00','yyyy-mm-dd hh24:mi:ss'),to_date('2021-10-14 18:00:00','yyyy-mm-dd hh24:mi:ss'));
insert into tblAttendence(Attendence_Seq,absence_type,Attendence_Date,Sugang_Seq,GoTowork,offWork) 
                   values(172,'정상','2021-10-15',1,to_date('2021-10-15 09:00:00','yyyy-mm-dd hh24:mi:ss'),to_date('2021-10-15 18:00:00','yyyy-mm-dd hh24:mi:ss'));
insert into tblAttendence(Attendence_Seq,absence_type,Attendence_Date,Sugang_Seq,GoTowork,offWork) 
                   values(173,'정상','2021-10-18',1,to_date('2021-10-18 09:00:00','yyyy-mm-dd hh24:mi:ss'),to_date('2021-10-18 18:00:00','yyyy-mm-dd hh24:mi:ss'));
insert into tblAttendence(Attendence_Seq,absence_type,Attendence_Date,Sugang_Seq,GoTowork,offWork) 
                   values(174,'정상','2021-10-19',1,to_date('2021-10-19 09:00:00','yyyy-mm-dd hh24:mi:ss'),to_date('2021-10-19 18:00:00','yyyy-mm-dd hh24:mi:ss'));
insert into tblAttendence(Attendence_Seq,absence_type,Attendence_Date,Sugang_Seq,GoTowork,offWork) 
                   values(175,'정상','2021-10-20',1,to_date('2021-10-20 09:00:00','yyyy-mm-dd hh24:mi:ss'),to_date('2021-10-20 18:00:00','yyyy-mm-dd hh24:mi:ss'));
insert into tblAttendence(Attendence_Seq,absence_type,Attendence_Date,Sugang_Seq,GoTowork,offWork) 
                   values(176,'정상','2021-10-21',1,to_date('2021-10-21 09:00:00','yyyy-mm-dd hh24:mi:ss'),to_date('2021-10-21 18:00:00','yyyy-mm-dd hh24:mi:ss'));
insert into tblAttendence(Attendence_Seq,absence_type,Attendence_Date,Sugang_Seq,GoTowork,offWork) 
                   values(177,'정상','2021-10-22',1,to_date('2021-10-22 09:00:00','yyyy-mm-dd hh24:mi:ss'),to_date('2021-10-22 18:00:00','yyyy-mm-dd hh24:mi:ss'));
insert into tblAttendence(Attendence_Seq,absence_type,Attendence_Date,Sugang_Seq,GoTowork,offWork) 
                   values(178,'정상','2021-10-25',1,to_date('2021-10-25 09:00:00','yyyy-mm-dd hh24:mi:ss'),to_date('2021-10-25 18:00:00','yyyy-mm-dd hh24:mi:ss'));
insert into tblAttendence(Attendence_Seq,absence_type,Attendence_Date,Sugang_Seq,GoTowork,offWork) 
                   values(179,'정상','2021-10-26',1,to_date('2021-10-26 09:00:00','yyyy-mm-dd hh24:mi:ss'),to_date('2021-10-26 18:00:00','yyyy-mm-dd hh24:mi:ss'));
insert into tblAttendence(Attendence_Seq,absence_type,Attendence_Date,Sugang_Seq,GoTowork,offWork) 
                   values(180,'정상','2021-10-27',1,to_date('2021-10-27 09:00:00','yyyy-mm-dd hh24:mi:ss'),to_date('2021-10-27 18:00:00','yyyy-mm-dd hh24:mi:ss'));
insert into tblAttendence(Attendence_Seq,absence_type,Attendence_Date,Sugang_Seq,GoTowork,offWork) 
                   values(181,'정상','2021-10-28',1,to_date('2021-10-28 09:00:00','yyyy-mm-dd hh24:mi:ss'),to_date('2021-10-28 18:00:00','yyyy-mm-dd hh24:mi:ss'));
insert into tblAttendence(Attendence_Seq,absence_type,Attendence_Date,Sugang_Seq,GoTowork,offWork) 
                   values(182,'정상','2021-10-29',1,to_date('2021-10-29 09:00:00','yyyy-mm-dd hh24:mi:ss'),to_date('2021-10-29 18:00:00','yyyy-mm-dd hh24:mi:ss'));
insert into tblAttendence(Attendence_Seq,absence_type,Attendence_Date,Sugang_Seq,GoTowork,offWork) 
                   values(183,'정상','2021-11-01',1,to_date('2021-11-01 09:00:00','yyyy-mm-dd hh24:mi:ss'),to_date('2021-11-01 18:00:00','yyyy-mm-dd hh24:mi:ss'));
insert into tblAttendence(Attendence_Seq,absence_type,Attendence_Date,Sugang_Seq,GoTowork,offWork) 
                   values(184,'정상','2021-11-02',1,to_date('2021-11-02 09:00:00','yyyy-mm-dd hh24:mi:ss'),to_date('2021-11-02 18:00:00','yyyy-mm-dd hh24:mi:ss'));
insert into tblAttendence(Attendence_Seq,absence_type,Attendence_Date,Sugang_Seq,GoTowork,offWork) 
                   values(185,'정상','2021-11-03',1,to_date('2021-11-03 09:00:00','yyyy-mm-dd hh24:mi:ss'),to_date('2021-11-03 18:00:00','yyyy-mm-dd hh24:mi:ss'));
insert into tblAttendence(Attendence_Seq,absence_type,Attendence_Date,Sugang_Seq,GoTowork,offWork) 
                   values(186,'정상','2021-11-04',1,to_date('2021-11-04 09:00:00','yyyy-mm-dd hh24:mi:ss'),to_date('2021-11-04 18:00:00','yyyy-mm-dd hh24:mi:ss'));
insert into tblAttendence(Attendence_Seq,absence_type,Attendence_Date,Sugang_Seq,GoTowork,offWork) 
                   values(187,'정상','2021-11-05',1,to_date('2021-11-05 09:00:00','yyyy-mm-dd hh24:mi:ss'),to_date('2021-11-05 18:00:00','yyyy-mm-dd hh24:mi:ss'));
insert into tblAttendence(Attendence_Seq,absence_type,Attendence_Date,Sugang_Seq,GoTowork,offWork) 
                   values(188,'정상','2021-11-08',1,to_date('2021-11-08 09:00:00','yyyy-mm-dd hh24:mi:ss'),to_date('2021-11-08 18:00:00','yyyy-mm-dd hh24:mi:ss'));
insert into tblAttendence(Attendence_Seq,absence_type,Attendence_Date,Sugang_Seq,GoTowork,offWork) 
                   values(189,'정상','2021-11-09',1,to_date('2021-11-09 09:00:00','yyyy-mm-dd hh24:mi:ss'),to_date('2021-11-09 18:00:00','yyyy-mm-dd hh24:mi:ss'));
insert into tblAttendence(Attendence_Seq,absence_type,Attendence_Date,Sugang_Seq,GoTowork,offWork) 
                   values(190,'정상','2021-11-10',1,to_date('2021-11-10 09:00:00','yyyy-mm-dd hh24:mi:ss'),to_date('2021-11-10 18:00:00','yyyy-mm-dd hh24:mi:ss'));
insert into tblAttendence(Attendence_Seq,absence_type,Attendence_Date,Sugang_Seq,GoTowork,offWork) 
                   values(191,'정상','2021-11-11',1,to_date('2021-11-11 09:00:00','yyyy-mm-dd hh24:mi:ss'),to_date('2021-11-11 18:00:00','yyyy-mm-dd hh24:mi:ss'));
insert into tblAttendence(Attendence_Seq,absence_type,Attendence_Date,Sugang_Seq,GoTowork,offWork) 
                   values(192,'정상','2021-11-12',1,to_date('2021-11-12 09:00:00','yyyy-mm-dd hh24:mi:ss'),to_date('2021-11-12 18:00:00','yyyy-mm-dd hh24:mi:ss'));
insert into tblAttendence(Attendence_Seq,absence_type,Attendence_Date,Sugang_Seq,GoTowork,offWork) 
                   values(193,'정상','2021-11-15',1,to_date('2021-11-15 09:00:00','yyyy-mm-dd hh24:mi:ss'),to_date('2021-11-15 18:00:00','yyyy-mm-dd hh24:mi:ss'));
insert into tblAttendence(Attendence_Seq,absence_type,Attendence_Date,Sugang_Seq,GoTowork,offWork) 
                   values(194,'정상','2021-11-16',1,to_date('2021-11-16 09:00:00','yyyy-mm-dd hh24:mi:ss'),to_date('2021-11-16 18:00:00','yyyy-mm-dd hh24:mi:ss'));
insert into tblAttendence(Attendence_Seq,absence_type,Attendence_Date,Sugang_Seq,GoTowork,offWork) 
                   values(195,'정상','2021-11-17',1,to_date('2021-11-17 09:00:00','yyyy-mm-dd hh24:mi:ss'),to_date('2021-11-17 18:00:00','yyyy-mm-dd hh24:mi:ss'));
insert into tblAttendence(Attendence_Seq,absence_type,Attendence_Date,Sugang_Seq,GoTowork,offWork) 
                   values(196,'정상','2021-11-18',1,to_date('2021-11-18 09:00:00','yyyy-mm-dd hh24:mi:ss'),to_date('2021-11-18 18:00:00','yyyy-mm-dd hh24:mi:ss'));
insert into tblAttendence(Attendence_Seq,absence_type,Attendence_Date,Sugang_Seq,GoTowork,offWork) 
                   values(197,'정상','2021-11-19',1,to_date('2021-11-19 09:00:00','yyyy-mm-dd hh24:mi:ss'),to_date('2021-11-19 18:00:00','yyyy-mm-dd hh24:mi:ss'));
insert into tblAttendence(Attendence_Seq,absence_type,Attendence_Date,Sugang_Seq,GoTowork,offWork) 
                   values(198,'정상','2021-11-22',1,to_date('2021-11-22 09:00:00','yyyy-mm-dd hh24:mi:ss'),to_date('2021-11-22 18:00:00','yyyy-mm-dd hh24:mi:ss'));
insert into tblAttendence(Attendence_Seq,absence_type,Attendence_Date,Sugang_Seq,GoTowork,offWork) 
                   values(199,'정상','2021-11-23',1,to_date('2021-11-23 09:00:00','yyyy-mm-dd hh24:mi:ss'),to_date('2021-11-23 18:00:00','yyyy-mm-dd hh24:mi:ss'));
insert into tblAttendence(Attendence_Seq,absence_type,Attendence_Date,Sugang_Seq,GoTowork,offWork) 
                   values(200,'정상','2021-11-24',1,to_date('2021-11-24 09:00:00','yyyy-mm-dd hh24:mi:ss'),to_date('2021-11-24 18:00:00','yyyy-mm-dd hh24:mi:ss'));
insert into tblAttendence(Attendence_Seq,absence_type,Attendence_Date,Sugang_Seq,GoTowork,offWork) 
                   values(201,'정상','2021-11-25',1,to_date('2021-11-25 09:00:00','yyyy-mm-dd hh24:mi:ss'),to_date('2021-11-25 18:00:00','yyyy-mm-dd hh24:mi:ss'));
insert into tblAttendence(Attendence_Seq,absence_type,Attendence_Date,Sugang_Seq,GoTowork,offWork) 
                   values(202,'정상','2021-11-26',1,to_date('2021-11-26 09:00:00','yyyy-mm-dd hh24:mi:ss'),to_date('2021-11-26 18:00:00','yyyy-mm-dd hh24:mi:ss'));
insert into tblAttendence(Attendence_Seq,absence_type,Attendence_Date,Sugang_Seq,GoTowork,offWork) 
                   values(203,'정상','2021-11-29',1,to_date('2021-11-29 09:00:00','yyyy-mm-dd hh24:mi:ss'),to_date('2021-11-29 18:00:00','yyyy-mm-dd hh24:mi:ss'));
insert into tblAttendence(Attendence_Seq,absence_type,Attendence_Date,Sugang_Seq,GoTowork,offWork) 
                   values(204,'정상','2021-11-30',1,to_date('2021-11-30 09:00:00','yyyy-mm-dd hh24:mi:ss'),to_date('2021-11-30 18:00:00','yyyy-mm-dd hh24:mi:ss'));
insert into tblAttendence(Attendence_Seq,absence_type,Attendence_Date,Sugang_Seq,GoTowork,offWork) 
                   values(205,'정상','2021-12-01',1,to_date('2021-12-01 09:00:00','yyyy-mm-dd hh24:mi:ss'),to_date('2021-12-01 18:00:00','yyyy-mm-dd hh24:mi:ss'));
insert into tblAttendence(Attendence_Seq,absence_type,Attendence_Date,Sugang_Seq,GoTowork,offWork) 
                   values(206,'정상','2021-12-02',1,to_date('2021-12-02 09:00:00','yyyy-mm-dd hh24:mi:ss'),to_date('2021-12-02 18:00:00','yyyy-mm-dd hh24:mi:ss'));
insert into tblAttendence(Attendence_Seq,absence_type,Attendence_Date,Sugang_Seq,GoTowork,offWork) 
                   values(207,'정상','2021-12-03',1,to_date('2021-12-03 09:00:00','yyyy-mm-dd hh24:mi:ss'),to_date('2021-12-03 18:00:00','yyyy-mm-dd hh24:mi:ss'));
insert into tblAttendence(Attendence_Seq,absence_type,Attendence_Date,Sugang_Seq,GoTowork,offWork) 
                   values(208,'정상','2021-12-06',1,to_date('2021-12-06 09:00:00','yyyy-mm-dd hh24:mi:ss'),to_date('2021-12-06 18:00:00','yyyy-mm-dd hh24:mi:ss'));

insert into tblAttendence(Attendence_Seq,absence_type,Attendence_Date,Sugang_Seq,GoTowork,offWork) 
                   values(209,'정상','2021-09-08',2,to_date('2021-09-08 09:00:00','yyyy-mm-dd hh24:mi:ss'),to_date('2021-09-08 18:00:00','yyyy-mm-dd hh24:mi:ss'));
insert into tblAttendence(Attendence_Seq,absence_type,Attendence_Date,Sugang_Seq,GoTowork,offWork) 
                   values(210,'정상','2021-09-09',2,to_date('2021-09-09 09:00:00','yyyy-mm-dd hh24:mi:ss'),to_date('2021-09-09 18:00:00','yyyy-mm-dd hh24:mi:ss'));
insert into tblAttendence(Attendence_Seq,absence_type,Attendence_Date,Sugang_Seq,GoTowork,offWork) 
                   values(211,'정상','2021-09-10',2,to_date('2021-09-10 09:00:00','yyyy-mm-dd hh24:mi:ss'),to_date('2021-09-10 18:00:00','yyyy-mm-dd hh24:mi:ss'));
insert into tblAttendence(Attendence_Seq,absence_type,Attendence_Date,Sugang_Seq,GoTowork,offWork) 
                   values(212,'정상','2021-09-13',2,to_date('2021-09-13 09:00:00','yyyy-mm-dd hh24:mi:ss'),to_date('2021-09-13 18:00:00','yyyy-mm-dd hh24:mi:ss'));
insert into tblAttendence(Attendence_Seq,absence_type,Attendence_Date,Sugang_Seq,GoTowork,offWork) 
                   values(213,'정상','2021-09-14',2,to_date('2021-09-14 09:00:00','yyyy-mm-dd hh24:mi:ss'),to_date('2021-09-14 18:00:00','yyyy-mm-dd hh24:mi:ss'));
insert into tblAttendence(Attendence_Seq,absence_type,Attendence_Date,Sugang_Seq,GoTowork,offWork) 
                   values(214,'정상','2021-09-15',2,to_date('2021-09-15 09:00:00','yyyy-mm-dd hh24:mi:ss'),to_date('2021-09-15 18:00:00','yyyy-mm-dd hh24:mi:ss'));
insert into tblAttendence(Attendence_Seq,absence_type,Attendence_Date,Sugang_Seq,GoTowork,offWork) 
                   values(215,'정상','2021-09-16',2,to_date('2021-09-16 09:00:00','yyyy-mm-dd hh24:mi:ss'),to_date('2021-09-16 18:00:00','yyyy-mm-dd hh24:mi:ss'));
insert into tblAttendence(Attendence_Seq,absence_type,Attendence_Date,Sugang_Seq,GoTowork,offWork) 
                   values(216,'정상','2021-09-17',2,to_date('2021-09-17 09:00:00','yyyy-mm-dd hh24:mi:ss'),to_date('2021-09-17 18:00:00','yyyy-mm-dd hh24:mi:ss'));
insert into tblAttendence(Attendence_Seq,absence_type,Attendence_Date,Sugang_Seq,GoTowork,offWork) 
                   values(217,'정상','2021-09-23',2,to_date('2021-09-23 09:00:00','yyyy-mm-dd hh24:mi:ss'),to_date('2021-09-23 18:00:00','yyyy-mm-dd hh24:mi:ss'));
insert into tblAttendence(Attendence_Seq,absence_type,Attendence_Date,Sugang_Seq,GoTowork,offWork) 
                   values(218,'정상','2021-09-24',2,to_date('2021-09-24 09:00:00','yyyy-mm-dd hh24:mi:ss'),to_date('2021-09-24 18:00:00','yyyy-mm-dd hh24:mi:ss'));
insert into tblAttendence(Attendence_Seq,absence_type,Attendence_Date,Sugang_Seq,GoTowork,offWork) 
                   values(219,'정상','2021-09-27',2,to_date('2021-09-27 09:00:00','yyyy-mm-dd hh24:mi:ss'),to_date('2021-09-27 18:00:00','yyyy-mm-dd hh24:mi:ss'));
insert into tblAttendence(Attendence_Seq,absence_type,Attendence_Date,Sugang_Seq,GoTowork,offWork) 
                   values(220,'정상','2021-09-28',2,to_date('2021-09-28 09:00:00','yyyy-mm-dd hh24:mi:ss'),to_date('2021-09-28 18:00:00','yyyy-mm-dd hh24:mi:ss'));
insert into tblAttendence(Attendence_Seq,absence_type,Attendence_Date,Sugang_Seq,GoTowork,offWork) 
                   values(221,'정상','2021-09-29',2,to_date('2021-09-29 09:00:00','yyyy-mm-dd hh24:mi:ss'),to_date('2021-09-29 18:00:00','yyyy-mm-dd hh24:mi:ss'));
insert into tblAttendence(Attendence_Seq,absence_type,Attendence_Date,Sugang_Seq,GoTowork,offWork) 
                   values(222,'정상','2021-09-30',2,to_date('2021-09-30 09:00:00','yyyy-mm-dd hh24:mi:ss'),to_date('2021-09-30 18:00:00','yyyy-mm-dd hh24:mi:ss'));
insert into tblAttendence(Attendence_Seq,absence_type,Attendence_Date,Sugang_Seq,GoTowork,offWork) 
                   values(223,'정상','2021-10-01',2,to_date('2021-10-01 09:00:00','yyyy-mm-dd hh24:mi:ss'),to_date('2021-10-01 18:00:00','yyyy-mm-dd hh24:mi:ss'));
insert into tblAttendence(Attendence_Seq,absence_type,Attendence_Date,Sugang_Seq,GoTowork,offWork) 
                   values(224,'정상','2021-10-06',2,to_date('2021-10-06 09:00:00','yyyy-mm-dd hh24:mi:ss'),to_date('2021-10-06 18:00:00','yyyy-mm-dd hh24:mi:ss'));
insert into tblAttendence(Attendence_Seq,absence_type,Attendence_Date,Sugang_Seq,GoTowork,offWork) 
                   values(225,'정상','2021-10-07',2,to_date('2021-10-07 09:00:00','yyyy-mm-dd hh24:mi:ss'),to_date('2021-10-07 18:00:00','yyyy-mm-dd hh24:mi:ss'));
insert into tblAttendence(Attendence_Seq,absence_type,Attendence_Date,Sugang_Seq,GoTowork,offWork) 
                   values(226,'정상','2021-10-08',2,to_date('2021-10-08 09:00:00','yyyy-mm-dd hh24:mi:ss'),to_date('2021-10-08 18:00:00','yyyy-mm-dd hh24:mi:ss'));
insert into tblAttendence(Attendence_Seq,absence_type,Attendence_Date,Sugang_Seq,GoTowork,offWork) 
                   values(227,'정상','2021-10-12',2,to_date('2021-10-12 09:00:00','yyyy-mm-dd hh24:mi:ss'),to_date('2021-10-12 18:00:00','yyyy-mm-dd hh24:mi:ss'));
insert into tblAttendence(Attendence_Seq,absence_type,Attendence_Date,Sugang_Seq,GoTowork,offWork) 
                   values(228,'정상','2021-10-13',2,to_date('2021-10-13 09:00:00','yyyy-mm-dd hh24:mi:ss'),to_date('2021-10-13 18:00:00','yyyy-mm-dd hh24:mi:ss'));
insert into tblAttendence(Attendence_Seq,absence_type,Attendence_Date,Sugang_Seq,GoTowork,offWork) 
                   values(229,'정상','2021-10-14',2,to_date('2021-10-14 09:00:00','yyyy-mm-dd hh24:mi:ss'),to_date('2021-10-14 18:00:00','yyyy-mm-dd hh24:mi:ss'));
insert into tblAttendence(Attendence_Seq,absence_type,Attendence_Date,Sugang_Seq,GoTowork,offWork) 
                   values(230,'정상','2021-10-15',2,to_date('2021-10-15 09:00:00','yyyy-mm-dd hh24:mi:ss'),to_date('2021-10-15 18:00:00','yyyy-mm-dd hh24:mi:ss'));
insert into tblAttendence(Attendence_Seq,absence_type,Attendence_Date,Sugang_Seq,GoTowork,offWork) 
                   values(231,'정상','2021-10-18',2,to_date('2021-10-18 09:00:00','yyyy-mm-dd hh24:mi:ss'),to_date('2021-10-18 18:00:00','yyyy-mm-dd hh24:mi:ss'));
insert into tblAttendence(Attendence_Seq,absence_type,Attendence_Date,Sugang_Seq,GoTowork,offWork) 
                   values(232,'정상','2021-10-19',2,to_date('2021-10-19 09:00:00','yyyy-mm-dd hh24:mi:ss'),to_date('2021-10-19 18:00:00','yyyy-mm-dd hh24:mi:ss'));
insert into tblAttendence(Attendence_Seq,absence_type,Attendence_Date,Sugang_Seq,GoTowork,offWork) 
                   values(233,'정상','2021-10-20',2,to_date('2021-10-20 09:00:00','yyyy-mm-dd hh24:mi:ss'),to_date('2021-10-20 18:00:00','yyyy-mm-dd hh24:mi:ss'));
insert into tblAttendence(Attendence_Seq,absence_type,Attendence_Date,Sugang_Seq,GoTowork,offWork) 
                   values(234,'정상','2021-10-21',2,to_date('2021-10-21 09:00:00','yyyy-mm-dd hh24:mi:ss'),to_date('2021-10-21 18:00:00','yyyy-mm-dd hh24:mi:ss'));
insert into tblAttendence(Attendence_Seq,absence_type,Attendence_Date,Sugang_Seq,GoTowork,offWork) 
                   values(235,'정상','2021-10-22',2,to_date('2021-10-22 09:00:00','yyyy-mm-dd hh24:mi:ss'),to_date('2021-10-22 18:00:00','yyyy-mm-dd hh24:mi:ss'));
insert into tblAttendence(Attendence_Seq,absence_type,Attendence_Date,Sugang_Seq,GoTowork,offWork) 
                   values(236,'정상','2021-10-25',2,to_date('2021-10-25 09:00:00','yyyy-mm-dd hh24:mi:ss'),to_date('2021-10-25 18:00:00','yyyy-mm-dd hh24:mi:ss'));
insert into tblAttendence(Attendence_Seq,absence_type,Attendence_Date,Sugang_Seq,GoTowork,offWork) 
                   values(237,'정상','2021-10-26',2,to_date('2021-10-26 09:00:00','yyyy-mm-dd hh24:mi:ss'),to_date('2021-10-26 18:00:00','yyyy-mm-dd hh24:mi:ss'));
insert into tblAttendence(Attendence_Seq,absence_type,Attendence_Date,Sugang_Seq,GoTowork,offWork) 
                   values(238,'정상','2021-10-27',2,to_date('2021-10-27 09:00:00','yyyy-mm-dd hh24:mi:ss'),to_date('2021-10-27 18:00:00','yyyy-mm-dd hh24:mi:ss'));
insert into tblAttendence(Attendence_Seq,absence_type,Attendence_Date,Sugang_Seq,GoTowork,offWork) 
                   values(239,'정상','2021-10-28',2,to_date('2021-10-28 09:00:00','yyyy-mm-dd hh24:mi:ss'),to_date('2021-10-28 18:00:00','yyyy-mm-dd hh24:mi:ss'));
insert into tblAttendence(Attendence_Seq,absence_type,Attendence_Date,Sugang_Seq,GoTowork,offWork) 
                   values(240,'정상','2021-10-29',2,to_date('2021-10-29 09:00:00','yyyy-mm-dd hh24:mi:ss'),to_date('2021-10-29 18:00:00','yyyy-mm-dd hh24:mi:ss'));
insert into tblAttendence(Attendence_Seq,absence_type,Attendence_Date,Sugang_Seq,GoTowork,offWork) 
                   values(241,'정상','2021-11-01',2,to_date('2021-11-01 09:00:00','yyyy-mm-dd hh24:mi:ss'),to_date('2021-11-01 18:00:00','yyyy-mm-dd hh24:mi:ss'));
insert into tblAttendence(Attendence_Seq,absence_type,Attendence_Date,Sugang_Seq,GoTowork,offWork) 
                   values(242,'정상','2021-11-02',2,to_date('2021-11-02 09:00:00','yyyy-mm-dd hh24:mi:ss'),to_date('2021-11-02 18:00:00','yyyy-mm-dd hh24:mi:ss'));
insert into tblAttendence(Attendence_Seq,absence_type,Attendence_Date,Sugang_Seq,GoTowork,offWork) 
                   values(243,'정상','2021-11-03',2,to_date('2021-11-03 09:00:00','yyyy-mm-dd hh24:mi:ss'),to_date('2021-11-03 18:00:00','yyyy-mm-dd hh24:mi:ss'));
insert into tblAttendence(Attendence_Seq,absence_type,Attendence_Date,Sugang_Seq,GoTowork,offWork) 
                   values(244,'정상','2021-11-04',2,to_date('2021-11-04 09:00:00','yyyy-mm-dd hh24:mi:ss'),to_date('2021-11-04 18:00:00','yyyy-mm-dd hh24:mi:ss'));
insert into tblAttendence(Attendence_Seq,absence_type,Attendence_Date,Sugang_Seq,GoTowork,offWork) 
                   values(245,'정상','2021-11-05',2,to_date('2021-11-05 09:00:00','yyyy-mm-dd hh24:mi:ss'),to_date('2021-11-05 18:00:00','yyyy-mm-dd hh24:mi:ss'));
insert into tblAttendence(Attendence_Seq,absence_type,Attendence_Date,Sugang_Seq,GoTowork,offWork) 
                   values(246,'정상','2021-11-08',2,to_date('2021-11-08 09:00:00','yyyy-mm-dd hh24:mi:ss'),to_date('2021-11-08 18:00:00','yyyy-mm-dd hh24:mi:ss'));
insert into tblAttendence(Attendence_Seq,absence_type,Attendence_Date,Sugang_Seq,GoTowork,offWork) 
                   values(247,'정상','2021-11-09',2,to_date('2021-11-09 09:00:00','yyyy-mm-dd hh24:mi:ss'),to_date('2021-11-09 18:00:00','yyyy-mm-dd hh24:mi:ss'));
insert into tblAttendence(Attendence_Seq,absence_type,Attendence_Date,Sugang_Seq,GoTowork,offWork) 
                   values(248,'정상','2021-11-10',2,to_date('2021-11-10 09:00:00','yyyy-mm-dd hh24:mi:ss'),to_date('2021-11-10 18:00:00','yyyy-mm-dd hh24:mi:ss'));
insert into tblAttendence(Attendence_Seq,absence_type,Attendence_Date,Sugang_Seq,GoTowork,offWork) 
                   values(249,'정상','2021-11-11',2,to_date('2021-11-11 09:00:00','yyyy-mm-dd hh24:mi:ss'),to_date('2021-11-11 18:00:00','yyyy-mm-dd hh24:mi:ss'));
insert into tblAttendence(Attendence_Seq,absence_type,Attendence_Date,Sugang_Seq,GoTowork,offWork) 
                   values(250,'정상','2021-11-12',2,to_date('2021-11-12 09:00:00','yyyy-mm-dd hh24:mi:ss'),to_date('2021-11-12 18:00:00','yyyy-mm-dd hh24:mi:ss'));
insert into tblAttendence(Attendence_Seq,absence_type,Attendence_Date,Sugang_Seq,GoTowork,offWork) 
                   values(251,'정상','2021-11-15',2,to_date('2021-11-15 09:00:00','yyyy-mm-dd hh24:mi:ss'),to_date('2021-11-15 18:00:00','yyyy-mm-dd hh24:mi:ss'));
insert into tblAttendence(Attendence_Seq,absence_type,Attendence_Date,Sugang_Seq,GoTowork,offWork) 
                   values(252,'정상','2021-11-16',2,to_date('2021-11-16 09:00:00','yyyy-mm-dd hh24:mi:ss'),to_date('2021-11-16 18:00:00','yyyy-mm-dd hh24:mi:ss'));
insert into tblAttendence(Attendence_Seq,absence_type,Attendence_Date,Sugang_Seq,GoTowork,offWork) 
                   values(253,'정상','2021-11-17',2,to_date('2021-11-17 09:00:00','yyyy-mm-dd hh24:mi:ss'),to_date('2021-11-17 18:00:00','yyyy-mm-dd hh24:mi:ss'));
insert into tblAttendence(Attendence_Seq,absence_type,Attendence_Date,Sugang_Seq,GoTowork,offWork) 
                   values(254,'정상','2021-11-18',2,to_date('2021-11-18 09:00:00','yyyy-mm-dd hh24:mi:ss'),to_date('2021-11-18 18:00:00','yyyy-mm-dd hh24:mi:ss'));
insert into tblAttendence(Attendence_Seq,absence_type,Attendence_Date,Sugang_Seq,GoTowork,offWork) 
                   values(255,'정상','2021-11-19',2,to_date('2021-11-19 09:00:00','yyyy-mm-dd hh24:mi:ss'),to_date('2021-11-19 18:00:00','yyyy-mm-dd hh24:mi:ss'));
insert into tblAttendence(Attendence_Seq,absence_type,Attendence_Date,Sugang_Seq,GoTowork,offWork) 
                   values(256,'정상','2021-11-22',2,to_date('2021-11-22 09:00:00','yyyy-mm-dd hh24:mi:ss'),to_date('2021-11-22 18:00:00','yyyy-mm-dd hh24:mi:ss'));
insert into tblAttendence(Attendence_Seq,absence_type,Attendence_Date,Sugang_Seq,GoTowork,offWork) 
                   values(257,'정상','2021-11-23',2,to_date('2021-11-23 09:00:00','yyyy-mm-dd hh24:mi:ss'),to_date('2021-11-23 18:00:00','yyyy-mm-dd hh24:mi:ss'));
insert into tblAttendence(Attendence_Seq,absence_type,Attendence_Date,Sugang_Seq,GoTowork,offWork) 
                   values(258,'정상','2021-11-24',2,to_date('2021-11-24 09:00:00','yyyy-mm-dd hh24:mi:ss'),to_date('2021-11-24 18:00:00','yyyy-mm-dd hh24:mi:ss'));
insert into tblAttendence(Attendence_Seq,absence_type,Attendence_Date,Sugang_Seq,GoTowork,offWork) 
                   values(259,'정상','2021-11-25',2,to_date('2021-11-25 09:00:00','yyyy-mm-dd hh24:mi:ss'),to_date('2021-11-25 18:00:00','yyyy-mm-dd hh24:mi:ss'));
insert into tblAttendence(Attendence_Seq,absence_type,Attendence_Date,Sugang_Seq,GoTowork,offWork) 
                   values(260,'정상','2021-11-26',2,to_date('2021-11-26 09:00:00','yyyy-mm-dd hh24:mi:ss'),to_date('2021-11-26 18:00:00','yyyy-mm-dd hh24:mi:ss'));
insert into tblAttendence(Attendence_Seq,absence_type,Attendence_Date,Sugang_Seq,GoTowork,offWork) 
                   values(261,'정상','2021-11-29',2,to_date('2021-11-29 09:00:00','yyyy-mm-dd hh24:mi:ss'),to_date('2021-11-29 18:00:00','yyyy-mm-dd hh24:mi:ss'));
insert into tblAttendence(Attendence_Seq,absence_type,Attendence_Date,Sugang_Seq,GoTowork,offWork) 
                   values(262,'정상','2021-11-30',2,to_date('2021-11-30 09:00:00','yyyy-mm-dd hh24:mi:ss'),to_date('2021-11-30 18:00:00','yyyy-mm-dd hh24:mi:ss'));
insert into tblAttendence(Attendence_Seq,absence_type,Attendence_Date,Sugang_Seq,GoTowork,offWork) 
                   values(263,'정상','2021-12-01',2,to_date('2021-12-01 09:00:00','yyyy-mm-dd hh24:mi:ss'),to_date('2021-12-01 18:00:00','yyyy-mm-dd hh24:mi:ss'));
insert into tblAttendence(Attendence_Seq,absence_type,Attendence_Date,Sugang_Seq,GoTowork,offWork) 
                   values(264,'정상','2021-12-02',2,to_date('2021-12-02 09:00:00','yyyy-mm-dd hh24:mi:ss'),to_date('2021-12-02 18:00:00','yyyy-mm-dd hh24:mi:ss'));
insert into tblAttendence(Attendence_Seq,absence_type,Attendence_Date,Sugang_Seq,GoTowork,offWork) 
                   values(265,'정상','2021-12-03',2,to_date('2021-12-03 09:00:00','yyyy-mm-dd hh24:mi:ss'),to_date('2021-12-03 18:00:00','yyyy-mm-dd hh24:mi:ss'));
insert into tblAttendence(Attendence_Seq,absence_type,Attendence_Date,Sugang_Seq,GoTowork,offWork) 
                   values(266,'정상','2021-12-06',2,to_date('2021-12-06 09:00:00','yyyy-mm-dd hh24:mi:ss'),to_date('2021-12-06 18:00:00','yyyy-mm-dd hh24:mi:ss'));

insert into tblAttendence(Attendence_Seq,absence_type,Attendence_Date,Sugang_Seq,GoTowork,offWork) 
                   values(267,'정상','2021-09-08',3,to_date('2021-09-08 09:00:00','yyyy-mm-dd hh24:mi:ss'),to_date('2021-09-08 18:00:00','yyyy-mm-dd hh24:mi:ss'));
insert into tblAttendence(Attendence_Seq,absence_type,Attendence_Date,Sugang_Seq,GoTowork,offWork) 
                   values(268,'정상','2021-09-09',3,to_date('2021-09-09 09:00:00','yyyy-mm-dd hh24:mi:ss'),to_date('2021-09-09 18:00:00','yyyy-mm-dd hh24:mi:ss'));
insert into tblAttendence(Attendence_Seq,absence_type,Attendence_Date,Sugang_Seq,GoTowork,offWork) 
                   values(269,'정상','2021-09-10',3,to_date('2021-09-10 09:00:00','yyyy-mm-dd hh24:mi:ss'),to_date('2021-09-10 18:00:00','yyyy-mm-dd hh24:mi:ss'));
insert into tblAttendence(Attendence_Seq,absence_type,Attendence_Date,Sugang_Seq,GoTowork,offWork) 
                   values(270,'정상','2021-09-13',3,to_date('2021-09-13 09:00:00','yyyy-mm-dd hh24:mi:ss'),to_date('2021-09-13 18:00:00','yyyy-mm-dd hh24:mi:ss'));
insert into tblAttendence(Attendence_Seq,absence_type,Attendence_Date,Sugang_Seq,GoTowork,offWork) 
                   values(271,'정상','2021-09-14',3,to_date('2021-09-14 09:00:00','yyyy-mm-dd hh24:mi:ss'),to_date('2021-09-14 18:00:00','yyyy-mm-dd hh24:mi:ss'));
insert into tblAttendence(Attendence_Seq,absence_type,Attendence_Date,Sugang_Seq,GoTowork,offWork) 
                   values(272,'정상','2021-09-15',3,to_date('2021-09-15 09:00:00','yyyy-mm-dd hh24:mi:ss'),to_date('2021-09-15 18:00:00','yyyy-mm-dd hh24:mi:ss'));
insert into tblAttendence(Attendence_Seq,absence_type,Attendence_Date,Sugang_Seq,GoTowork,offWork) 
                   values(273,'정상','2021-09-16',3,to_date('2021-09-16 09:00:00','yyyy-mm-dd hh24:mi:ss'),to_date('2021-09-16 18:00:00','yyyy-mm-dd hh24:mi:ss'));
insert into tblAttendence(Attendence_Seq,absence_type,Attendence_Date,Sugang_Seq,GoTowork,offWork) 
                   values(274,'정상','2021-09-17',3,to_date('2021-09-17 09:00:00','yyyy-mm-dd hh24:mi:ss'),to_date('2021-09-17 18:00:00','yyyy-mm-dd hh24:mi:ss'));
insert into tblAttendence(Attendence_Seq,absence_type,Attendence_Date,Sugang_Seq,GoTowork,offWork) 
                   values(275,'정상','2021-09-23',3,to_date('2021-09-23 09:00:00','yyyy-mm-dd hh24:mi:ss'),to_date('2021-09-23 18:00:00','yyyy-mm-dd hh24:mi:ss'));
insert into tblAttendence(Attendence_Seq,absence_type,Attendence_Date,Sugang_Seq,GoTowork,offWork) 
                   values(276,'정상','2021-09-24',3,to_date('2021-09-24 09:00:00','yyyy-mm-dd hh24:mi:ss'),to_date('2021-09-24 18:00:00','yyyy-mm-dd hh24:mi:ss'));
insert into tblAttendence(Attendence_Seq,absence_type,Attendence_Date,Sugang_Seq,GoTowork,offWork) 
                   values(277,'정상','2021-09-27',3,to_date('2021-09-27 09:00:00','yyyy-mm-dd hh24:mi:ss'),to_date('2021-09-27 18:00:00','yyyy-mm-dd hh24:mi:ss'));
insert into tblAttendence(Attendence_Seq,absence_type,Attendence_Date,Sugang_Seq,GoTowork,offWork) 
                   values(278,'정상','2021-09-28',3,to_date('2021-09-28 09:00:00','yyyy-mm-dd hh24:mi:ss'),to_date('2021-09-28 18:00:00','yyyy-mm-dd hh24:mi:ss'));
insert into tblAttendence(Attendence_Seq,absence_type,Attendence_Date,Sugang_Seq,GoTowork,offWork) 
                   values(279,'정상','2021-09-29',3,to_date('2021-09-29 09:00:00','yyyy-mm-dd hh24:mi:ss'),to_date('2021-09-29 18:00:00','yyyy-mm-dd hh24:mi:ss'));
insert into tblAttendence(Attendence_Seq,absence_type,Attendence_Date,Sugang_Seq,GoTowork,offWork) 
                   values(280,'정상','2021-09-30',3,to_date('2021-09-30 09:00:00','yyyy-mm-dd hh24:mi:ss'),to_date('2021-09-30 18:00:00','yyyy-mm-dd hh24:mi:ss'));
insert into tblAttendence(Attendence_Seq,absence_type,Attendence_Date,Sugang_Seq,GoTowork,offWork) 
                   values(281,'정상','2021-10-01',3,to_date('2021-10-01 09:00:00','yyyy-mm-dd hh24:mi:ss'),to_date('2021-10-01 18:00:00','yyyy-mm-dd hh24:mi:ss'));
insert into tblAttendence(Attendence_Seq,absence_type,Attendence_Date,Sugang_Seq,GoTowork,offWork) 
                   values(282,'정상','2021-10-06',3,to_date('2021-10-06 09:00:00','yyyy-mm-dd hh24:mi:ss'),to_date('2021-10-06 18:00:00','yyyy-mm-dd hh24:mi:ss'));
insert into tblAttendence(Attendence_Seq,absence_type,Attendence_Date,Sugang_Seq,GoTowork,offWork) 
                   values(283,'정상','2021-10-07',3,to_date('2021-10-07 09:00:00','yyyy-mm-dd hh24:mi:ss'),to_date('2021-10-07 18:00:00','yyyy-mm-dd hh24:mi:ss'));
insert into tblAttendence(Attendence_Seq,absence_type,Attendence_Date,Sugang_Seq,GoTowork,offWork) 
                   values(284,'정상','2021-10-08',3,to_date('2021-10-08 09:00:00','yyyy-mm-dd hh24:mi:ss'),to_date('2021-10-08 18:00:00','yyyy-mm-dd hh24:mi:ss'));
insert into tblAttendence(Attendence_Seq,absence_type,Attendence_Date,Sugang_Seq,GoTowork,offWork) 
                   values(285,'정상','2021-10-12',3,to_date('2021-10-12 09:00:00','yyyy-mm-dd hh24:mi:ss'),to_date('2021-10-12 18:00:00','yyyy-mm-dd hh24:mi:ss'));
insert into tblAttendence(Attendence_Seq,absence_type,Attendence_Date,Sugang_Seq,GoTowork,offWork) 
                   values(286,'정상','2021-10-13',3,to_date('2021-10-13 09:00:00','yyyy-mm-dd hh24:mi:ss'),to_date('2021-10-13 18:00:00','yyyy-mm-dd hh24:mi:ss'));
insert into tblAttendence(Attendence_Seq,absence_type,Attendence_Date,Sugang_Seq,GoTowork,offWork) 
                   values(287,'정상','2021-10-14',3,to_date('2021-10-14 09:00:00','yyyy-mm-dd hh24:mi:ss'),to_date('2021-10-14 18:00:00','yyyy-mm-dd hh24:mi:ss'));
insert into tblAttendence(Attendence_Seq,absence_type,Attendence_Date,Sugang_Seq,GoTowork,offWork) 
                   values(288,'정상','2021-10-15',3,to_date('2021-10-15 09:00:00','yyyy-mm-dd hh24:mi:ss'),to_date('2021-10-15 18:00:00','yyyy-mm-dd hh24:mi:ss'));
insert into tblAttendence(Attendence_Seq,absence_type,Attendence_Date,Sugang_Seq,GoTowork,offWork) 
                   values(289,'정상','2021-10-18',3,to_date('2021-10-18 09:00:00','yyyy-mm-dd hh24:mi:ss'),to_date('2021-10-18 18:00:00','yyyy-mm-dd hh24:mi:ss'));
insert into tblAttendence(Attendence_Seq,absence_type,Attendence_Date,Sugang_Seq,GoTowork,offWork) 
                   values(290,'정상','2021-10-19',3,to_date('2021-10-19 09:00:00','yyyy-mm-dd hh24:mi:ss'),to_date('2021-10-19 18:00:00','yyyy-mm-dd hh24:mi:ss'));
insert into tblAttendence(Attendence_Seq,absence_type,Attendence_Date,Sugang_Seq,GoTowork,offWork) 
                   values(291,'정상','2021-10-20',3,to_date('2021-10-20 09:00:00','yyyy-mm-dd hh24:mi:ss'),to_date('2021-10-20 18:00:00','yyyy-mm-dd hh24:mi:ss'));
insert into tblAttendence(Attendence_Seq,absence_type,Attendence_Date,Sugang_Seq,GoTowork,offWork) 
                   values(292,'정상','2021-10-21',3,to_date('2021-10-21 09:00:00','yyyy-mm-dd hh24:mi:ss'),to_date('2021-10-21 18:00:00','yyyy-mm-dd hh24:mi:ss'));
insert into tblAttendence(Attendence_Seq,absence_type,Attendence_Date,Sugang_Seq,GoTowork,offWork) 
                   values(293,'정상','2021-10-22',3,to_date('2021-10-22 09:00:00','yyyy-mm-dd hh24:mi:ss'),to_date('2021-10-22 18:00:00','yyyy-mm-dd hh24:mi:ss'));
insert into tblAttendence(Attendence_Seq,absence_type,Attendence_Date,Sugang_Seq,GoTowork,offWork) 
                   values(294,'정상','2021-10-25',3,to_date('2021-10-25 09:00:00','yyyy-mm-dd hh24:mi:ss'),to_date('2021-10-25 18:00:00','yyyy-mm-dd hh24:mi:ss'));
insert into tblAttendence(Attendence_Seq,absence_type,Attendence_Date,Sugang_Seq,GoTowork,offWork) 
                   values(295,'정상','2021-10-26',3,to_date('2021-10-26 09:00:00','yyyy-mm-dd hh24:mi:ss'),to_date('2021-10-26 18:00:00','yyyy-mm-dd hh24:mi:ss'));
insert into tblAttendence(Attendence_Seq,absence_type,Attendence_Date,Sugang_Seq,GoTowork,offWork) 
                   values(296,'정상','2021-10-27',3,to_date('2021-10-27 09:00:00','yyyy-mm-dd hh24:mi:ss'),to_date('2021-10-27 18:00:00','yyyy-mm-dd hh24:mi:ss'));
insert into tblAttendence(Attendence_Seq,absence_type,Attendence_Date,Sugang_Seq,GoTowork,offWork) 
                   values(297,'정상','2021-10-28',3,to_date('2021-10-28 09:00:00','yyyy-mm-dd hh24:mi:ss'),to_date('2021-10-28 18:00:00','yyyy-mm-dd hh24:mi:ss'));
insert into tblAttendence(Attendence_Seq,absence_type,Attendence_Date,Sugang_Seq,GoTowork,offWork) 
                   values(298,'정상','2021-10-29',3,to_date('2021-10-29 09:00:00','yyyy-mm-dd hh24:mi:ss'),to_date('2021-10-29 18:00:00','yyyy-mm-dd hh24:mi:ss'));
insert into tblAttendence(Attendence_Seq,absence_type,Attendence_Date,Sugang_Seq,GoTowork,offWork) 
                   values(299,'정상','2021-11-01',3,to_date('2021-11-01 09:00:00','yyyy-mm-dd hh24:mi:ss'),to_date('2021-11-01 18:00:00','yyyy-mm-dd hh24:mi:ss'));
insert into tblAttendence(Attendence_Seq,absence_type,Attendence_Date,Sugang_Seq,GoTowork,offWork) 
                   values(300,'정상','2021-11-02',3,to_date('2021-11-02 09:00:00','yyyy-mm-dd hh24:mi:ss'),to_date('2021-11-02 18:00:00','yyyy-mm-dd hh24:mi:ss'));
insert into tblAttendence(Attendence_Seq,absence_type,Attendence_Date,Sugang_Seq,GoTowork,offWork) 
                   values(301,'정상','2021-11-03',3,to_date('2021-11-03 09:00:00','yyyy-mm-dd hh24:mi:ss'),to_date('2021-11-03 18:00:00','yyyy-mm-dd hh24:mi:ss'));
insert into tblAttendence(Attendence_Seq,absence_type,Attendence_Date,Sugang_Seq,GoTowork,offWork) 
                   values(302,'정상','2021-11-04',3,to_date('2021-11-04 09:00:00','yyyy-mm-dd hh24:mi:ss'),to_date('2021-11-04 18:00:00','yyyy-mm-dd hh24:mi:ss'));
insert into tblAttendence(Attendence_Seq,absence_type,Attendence_Date,Sugang_Seq,GoTowork,offWork) 
                   values(303,'정상','2021-11-05',3,to_date('2021-11-05 09:00:00','yyyy-mm-dd hh24:mi:ss'),to_date('2021-11-05 18:00:00','yyyy-mm-dd hh24:mi:ss'));
insert into tblAttendence(Attendence_Seq,absence_type,Attendence_Date,Sugang_Seq,GoTowork,offWork) 
                   values(304,'정상','2021-11-08',3,to_date('2021-11-08 09:00:00','yyyy-mm-dd hh24:mi:ss'),to_date('2021-11-08 18:00:00','yyyy-mm-dd hh24:mi:ss'));
insert into tblAttendence(Attendence_Seq,absence_type,Attendence_Date,Sugang_Seq,GoTowork,offWork) 
                   values(305,'정상','2021-11-09',3,to_date('2021-11-09 09:00:00','yyyy-mm-dd hh24:mi:ss'),to_date('2021-11-09 18:00:00','yyyy-mm-dd hh24:mi:ss'));
insert into tblAttendence(Attendence_Seq,absence_type,Attendence_Date,Sugang_Seq,GoTowork,offWork) 
                   values(306,'정상','2021-11-10',3,to_date('2021-11-10 09:00:00','yyyy-mm-dd hh24:mi:ss'),to_date('2021-11-10 18:00:00','yyyy-mm-dd hh24:mi:ss'));
insert into tblAttendence(Attendence_Seq,absence_type,Attendence_Date,Sugang_Seq,GoTowork,offWork) 
                   values(307,'정상','2021-11-11',3,to_date('2021-11-11 09:00:00','yyyy-mm-dd hh24:mi:ss'),to_date('2021-11-11 18:00:00','yyyy-mm-dd hh24:mi:ss'));
insert into tblAttendence(Attendence_Seq,absence_type,Attendence_Date,Sugang_Seq,GoTowork,offWork) 
                   values(308,'정상','2021-11-12',3,to_date('2021-11-12 09:00:00','yyyy-mm-dd hh24:mi:ss'),to_date('2021-11-12 18:00:00','yyyy-mm-dd hh24:mi:ss'));
insert into tblAttendence(Attendence_Seq,absence_type,Attendence_Date,Sugang_Seq,GoTowork,offWork) 
                   values(309,'정상','2021-11-15',3,to_date('2021-11-15 09:00:00','yyyy-mm-dd hh24:mi:ss'),to_date('2021-11-15 18:00:00','yyyy-mm-dd hh24:mi:ss'));
insert into tblAttendence(Attendence_Seq,absence_type,Attendence_Date,Sugang_Seq,GoTowork,offWork) 
                   values(310,'정상','2021-11-16',3,to_date('2021-11-16 09:00:00','yyyy-mm-dd hh24:mi:ss'),to_date('2021-11-16 18:00:00','yyyy-mm-dd hh24:mi:ss'));
insert into tblAttendence(Attendence_Seq,absence_type,Attendence_Date,Sugang_Seq,GoTowork,offWork) 
                   values(311,'정상','2021-11-17',3,to_date('2021-11-17 09:00:00','yyyy-mm-dd hh24:mi:ss'),to_date('2021-11-17 18:00:00','yyyy-mm-dd hh24:mi:ss'));
insert into tblAttendence(Attendence_Seq,absence_type,Attendence_Date,Sugang_Seq,GoTowork,offWork) 
                   values(312,'정상','2021-11-18',3,to_date('2021-11-18 09:00:00','yyyy-mm-dd hh24:mi:ss'),to_date('2021-11-18 18:00:00','yyyy-mm-dd hh24:mi:ss'));
insert into tblAttendence(Attendence_Seq,absence_type,Attendence_Date,Sugang_Seq,GoTowork,offWork) 
                   values(313,'정상','2021-11-19',3,to_date('2021-11-19 09:00:00','yyyy-mm-dd hh24:mi:ss'),to_date('2021-11-19 18:00:00','yyyy-mm-dd hh24:mi:ss'));
insert into tblAttendence(Attendence_Seq,absence_type,Attendence_Date,Sugang_Seq,GoTowork,offWork) 
                   values(314,'정상','2021-11-22',3,to_date('2021-11-22 09:00:00','yyyy-mm-dd hh24:mi:ss'),to_date('2021-11-22 18:00:00','yyyy-mm-dd hh24:mi:ss'));
insert into tblAttendence(Attendence_Seq,absence_type,Attendence_Date,Sugang_Seq,GoTowork,offWork) 
                   values(315,'정상','2021-11-23',3,to_date('2021-11-23 09:00:00','yyyy-mm-dd hh24:mi:ss'),to_date('2021-11-23 18:00:00','yyyy-mm-dd hh24:mi:ss'));
insert into tblAttendence(Attendence_Seq,absence_type,Attendence_Date,Sugang_Seq,GoTowork,offWork) 
                   values(316,'정상','2021-11-24',3,to_date('2021-11-24 09:00:00','yyyy-mm-dd hh24:mi:ss'),to_date('2021-11-24 18:00:00','yyyy-mm-dd hh24:mi:ss'));
insert into tblAttendence(Attendence_Seq,absence_type,Attendence_Date,Sugang_Seq,GoTowork,offWork) 
                   values(317,'정상','2021-11-25',3,to_date('2021-11-25 09:00:00','yyyy-mm-dd hh24:mi:ss'),to_date('2021-11-25 18:00:00','yyyy-mm-dd hh24:mi:ss'));
insert into tblAttendence(Attendence_Seq,absence_type,Attendence_Date,Sugang_Seq,GoTowork,offWork) 
                   values(318,'정상','2021-11-26',3,to_date('2021-11-26 09:00:00','yyyy-mm-dd hh24:mi:ss'),to_date('2021-11-26 18:00:00','yyyy-mm-dd hh24:mi:ss'));
insert into tblAttendence(Attendence_Seq,absence_type,Attendence_Date,Sugang_Seq,GoTowork,offWork) 
                   values(319,'정상','2021-11-29',3,to_date('2021-11-29 09:00:00','yyyy-mm-dd hh24:mi:ss'),to_date('2021-11-29 18:00:00','yyyy-mm-dd hh24:mi:ss'));
insert into tblAttendence(Attendence_Seq,absence_type,Attendence_Date,Sugang_Seq,GoTowork,offWork) 
                   values(320,'정상','2021-11-30',3,to_date('2021-11-30 09:00:00','yyyy-mm-dd hh24:mi:ss'),to_date('2021-11-30 18:00:00','yyyy-mm-dd hh24:mi:ss'));
insert into tblAttendence(Attendence_Seq,absence_type,Attendence_Date,Sugang_Seq,GoTowork,offWork) 
                   values(321,'정상','2021-12-01',3,to_date('2021-12-01 09:00:00','yyyy-mm-dd hh24:mi:ss'),to_date('2021-12-01 18:00:00','yyyy-mm-dd hh24:mi:ss'));
insert into tblAttendence(Attendence_Seq,absence_type,Attendence_Date,Sugang_Seq,GoTowork,offWork) 
                   values(322,'정상','2021-12-02',3,to_date('2021-12-02 09:00:00','yyyy-mm-dd hh24:mi:ss'),to_date('2021-12-02 18:00:00','yyyy-mm-dd hh24:mi:ss'));
insert into tblAttendence(Attendence_Seq,absence_type,Attendence_Date,Sugang_Seq,GoTowork,offWork) 
                   values(323,'정상','2021-12-03',3,to_date('2021-12-03 09:00:00','yyyy-mm-dd hh24:mi:ss'),to_date('2021-12-03 18:00:00','yyyy-mm-dd hh24:mi:ss'));
insert into tblAttendence(Attendence_Seq,absence_type,Attendence_Date,Sugang_Seq,GoTowork,offWork) 
                   values(324,'정상','2021-12-06',3,to_date('2021-12-06 09:00:00','yyyy-mm-dd hh24:mi:ss'),to_date('2021-12-06 18:00:00','yyyy-mm-dd hh24:mi:ss'));

insert into tblAttendence(Attendence_Seq,absence_type,Attendence_Date,Sugang_Seq,GoTowork,offWork) 
                   values(325,'정상','2021-09-08',4,to_date('2021-09-08 09:00:00','yyyy-mm-dd hh24:mi:ss'),to_date('2021-09-08 18:00:00','yyyy-mm-dd hh24:mi:ss'));
insert into tblAttendence(Attendence_Seq,absence_type,Attendence_Date,Sugang_Seq,GoTowork,offWork) 
                   values(326,'정상','2021-09-09',4,to_date('2021-09-09 09:00:00','yyyy-mm-dd hh24:mi:ss'),to_date('2021-09-09 18:00:00','yyyy-mm-dd hh24:mi:ss'));
insert into tblAttendence(Attendence_Seq,absence_type,Attendence_Date,Sugang_Seq,GoTowork,offWork) 
                   values(327,'정상','2021-09-10',4,to_date('2021-09-10 09:00:00','yyyy-mm-dd hh24:mi:ss'),to_date('2021-09-10 18:00:00','yyyy-mm-dd hh24:mi:ss'));
insert into tblAttendence(Attendence_Seq,absence_type,Attendence_Date,Sugang_Seq,GoTowork,offWork) 
                   values(328,'정상','2021-09-13',4,to_date('2021-09-13 09:00:00','yyyy-mm-dd hh24:mi:ss'),to_date('2021-09-13 18:00:00','yyyy-mm-dd hh24:mi:ss'));
insert into tblAttendence(Attendence_Seq,absence_type,Attendence_Date,Sugang_Seq,GoTowork,offWork) 
                   values(329,'정상','2021-09-14',4,to_date('2021-09-14 09:00:00','yyyy-mm-dd hh24:mi:ss'),to_date('2021-09-14 18:00:00','yyyy-mm-dd hh24:mi:ss'));
insert into tblAttendence(Attendence_Seq,absence_type,Attendence_Date,Sugang_Seq,GoTowork,offWork) 
                   values(330,'정상','2021-09-15',4,to_date('2021-09-15 09:00:00','yyyy-mm-dd hh24:mi:ss'),to_date('2021-09-15 18:00:00','yyyy-mm-dd hh24:mi:ss'));
insert into tblAttendence(Attendence_Seq,absence_type,Attendence_Date,Sugang_Seq,GoTowork,offWork) 
                   values(331,'정상','2021-09-16',4,to_date('2021-09-16 09:00:00','yyyy-mm-dd hh24:mi:ss'),to_date('2021-09-16 18:00:00','yyyy-mm-dd hh24:mi:ss'));
insert into tblAttendence(Attendence_Seq,absence_type,Attendence_Date,Sugang_Seq,GoTowork,offWork) 
                   values(332,'정상','2021-09-17',4,to_date('2021-09-17 09:00:00','yyyy-mm-dd hh24:mi:ss'),to_date('2021-09-17 18:00:00','yyyy-mm-dd hh24:mi:ss'));
insert into tblAttendence(Attendence_Seq,absence_type,Attendence_Date,Sugang_Seq,GoTowork,offWork) 
                   values(333,'정상','2021-09-23',4,to_date('2021-09-23 09:00:00','yyyy-mm-dd hh24:mi:ss'),to_date('2021-09-23 18:00:00','yyyy-mm-dd hh24:mi:ss'));
insert into tblAttendence(Attendence_Seq,absence_type,Attendence_Date,Sugang_Seq,GoTowork,offWork) 
                   values(334,'정상','2021-09-24',4,to_date('2021-09-24 09:00:00','yyyy-mm-dd hh24:mi:ss'),to_date('2021-09-24 18:00:00','yyyy-mm-dd hh24:mi:ss'));
insert into tblAttendence(Attendence_Seq,absence_type,Attendence_Date,Sugang_Seq,GoTowork,offWork) 
                   values(335,'정상','2021-09-27',4,to_date('2021-09-27 09:00:00','yyyy-mm-dd hh24:mi:ss'),to_date('2021-09-27 18:00:00','yyyy-mm-dd hh24:mi:ss'));
insert into tblAttendence(Attendence_Seq,absence_type,Attendence_Date,Sugang_Seq,GoTowork,offWork) 
                   values(336,'정상','2021-09-28',4,to_date('2021-09-28 09:00:00','yyyy-mm-dd hh24:mi:ss'),to_date('2021-09-28 18:00:00','yyyy-mm-dd hh24:mi:ss'));
insert into tblAttendence(Attendence_Seq,absence_type,Attendence_Date,Sugang_Seq,GoTowork,offWork) 
                   values(337,'정상','2021-09-29',4,to_date('2021-09-29 09:00:00','yyyy-mm-dd hh24:mi:ss'),to_date('2021-09-29 18:00:00','yyyy-mm-dd hh24:mi:ss'));
insert into tblAttendence(Attendence_Seq,absence_type,Attendence_Date,Sugang_Seq,GoTowork,offWork) 
                   values(338,'정상','2021-09-30',4,to_date('2021-09-30 09:00:00','yyyy-mm-dd hh24:mi:ss'),to_date('2021-09-30 18:00:00','yyyy-mm-dd hh24:mi:ss'));
insert into tblAttendence(Attendence_Seq,absence_type,Attendence_Date,Sugang_Seq,GoTowork,offWork) 
                   values(339,'정상','2021-10-01',4,to_date('2021-10-01 09:00:00','yyyy-mm-dd hh24:mi:ss'),to_date('2021-10-01 18:00:00','yyyy-mm-dd hh24:mi:ss'));
insert into tblAttendence(Attendence_Seq,absence_type,Attendence_Date,Sugang_Seq,GoTowork,offWork) 
                   values(340,'정상','2021-10-06',4,to_date('2021-10-06 09:00:00','yyyy-mm-dd hh24:mi:ss'),to_date('2021-10-06 18:00:00','yyyy-mm-dd hh24:mi:ss'));
insert into tblAttendence(Attendence_Seq,absence_type,Attendence_Date,Sugang_Seq,GoTowork,offWork) 
                   values(341,'정상','2021-10-07',4,to_date('2021-10-07 09:00:00','yyyy-mm-dd hh24:mi:ss'),to_date('2021-10-07 18:00:00','yyyy-mm-dd hh24:mi:ss'));
insert into tblAttendence(Attendence_Seq,absence_type,Attendence_Date,Sugang_Seq,GoTowork,offWork) 
                   values(342,'정상','2021-10-08',4,to_date('2021-10-08 09:00:00','yyyy-mm-dd hh24:mi:ss'),to_date('2021-10-08 18:00:00','yyyy-mm-dd hh24:mi:ss'));
insert into tblAttendence(Attendence_Seq,absence_type,Attendence_Date,Sugang_Seq,GoTowork,offWork) 
                   values(343,'정상','2021-10-12',4,to_date('2021-10-12 09:00:00','yyyy-mm-dd hh24:mi:ss'),to_date('2021-10-12 18:00:00','yyyy-mm-dd hh24:mi:ss'));
insert into tblAttendence(Attendence_Seq,absence_type,Attendence_Date,Sugang_Seq,GoTowork,offWork) 
                   values(344,'정상','2021-10-13',4,to_date('2021-10-13 09:00:00','yyyy-mm-dd hh24:mi:ss'),to_date('2021-10-13 18:00:00','yyyy-mm-dd hh24:mi:ss'));
insert into tblAttendence(Attendence_Seq,absence_type,Attendence_Date,Sugang_Seq,GoTowork,offWork) 
                   values(345,'정상','2021-10-14',4,to_date('2021-10-14 09:00:00','yyyy-mm-dd hh24:mi:ss'),to_date('2021-10-14 18:00:00','yyyy-mm-dd hh24:mi:ss'));
insert into tblAttendence(Attendence_Seq,absence_type,Attendence_Date,Sugang_Seq,GoTowork,offWork) 
                   values(346,'정상','2021-10-15',4,to_date('2021-10-15 09:00:00','yyyy-mm-dd hh24:mi:ss'),to_date('2021-10-15 18:00:00','yyyy-mm-dd hh24:mi:ss'));
insert into tblAttendence(Attendence_Seq,absence_type,Attendence_Date,Sugang_Seq,GoTowork,offWork) 
                   values(347,'정상','2021-10-18',4,to_date('2021-10-18 09:00:00','yyyy-mm-dd hh24:mi:ss'),to_date('2021-10-18 18:00:00','yyyy-mm-dd hh24:mi:ss'));
insert into tblAttendence(Attendence_Seq,absence_type,Attendence_Date,Sugang_Seq,GoTowork,offWork) 
                   values(348,'정상','2021-10-19',4,to_date('2021-10-19 09:00:00','yyyy-mm-dd hh24:mi:ss'),to_date('2021-10-19 18:00:00','yyyy-mm-dd hh24:mi:ss'));
insert into tblAttendence(Attendence_Seq,absence_type,Attendence_Date,Sugang_Seq,GoTowork,offWork) 
                   values(349,'정상','2021-10-20',4,to_date('2021-10-20 09:00:00','yyyy-mm-dd hh24:mi:ss'),to_date('2021-10-20 18:00:00','yyyy-mm-dd hh24:mi:ss'));
insert into tblAttendence(Attendence_Seq,absence_type,Attendence_Date,Sugang_Seq,GoTowork,offWork) 
                   values(350,'정상','2021-10-21',4,to_date('2021-10-21 09:00:00','yyyy-mm-dd hh24:mi:ss'),to_date('2021-10-21 18:00:00','yyyy-mm-dd hh24:mi:ss'));
insert into tblAttendence(Attendence_Seq,absence_type,Attendence_Date,Sugang_Seq,GoTowork,offWork) 
                   values(351,'정상','2021-10-22',4,to_date('2021-10-22 09:00:00','yyyy-mm-dd hh24:mi:ss'),to_date('2021-10-22 18:00:00','yyyy-mm-dd hh24:mi:ss'));
insert into tblAttendence(Attendence_Seq,absence_type,Attendence_Date,Sugang_Seq,GoTowork,offWork) 
                   values(352,'정상','2021-10-25',4,to_date('2021-10-25 09:00:00','yyyy-mm-dd hh24:mi:ss'),to_date('2021-10-25 18:00:00','yyyy-mm-dd hh24:mi:ss'));
insert into tblAttendence(Attendence_Seq,absence_type,Attendence_Date,Sugang_Seq,GoTowork,offWork) 
                   values(353,'정상','2021-10-26',4,to_date('2021-10-26 09:00:00','yyyy-mm-dd hh24:mi:ss'),to_date('2021-10-26 18:00:00','yyyy-mm-dd hh24:mi:ss'));
insert into tblAttendence(Attendence_Seq,absence_type,Attendence_Date,Sugang_Seq,GoTowork,offWork) 
                   values(354,'정상','2021-10-27',4,to_date('2021-10-27 09:00:00','yyyy-mm-dd hh24:mi:ss'),to_date('2021-10-27 18:00:00','yyyy-mm-dd hh24:mi:ss'));
insert into tblAttendence(Attendence_Seq,absence_type,Attendence_Date,Sugang_Seq,GoTowork,offWork) 
                   values(355,'정상','2021-10-28',4,to_date('2021-10-28 09:00:00','yyyy-mm-dd hh24:mi:ss'),to_date('2021-10-28 18:00:00','yyyy-mm-dd hh24:mi:ss'));
insert into tblAttendence(Attendence_Seq,absence_type,Attendence_Date,Sugang_Seq,GoTowork,offWork) 
                   values(356,'정상','2021-10-29',4,to_date('2021-10-29 09:00:00','yyyy-mm-dd hh24:mi:ss'),to_date('2021-10-29 18:00:00','yyyy-mm-dd hh24:mi:ss'));
insert into tblAttendence(Attendence_Seq,absence_type,Attendence_Date,Sugang_Seq,GoTowork,offWork) 
                   values(357,'정상','2021-11-01',4,to_date('2021-11-01 09:00:00','yyyy-mm-dd hh24:mi:ss'),to_date('2021-11-01 18:00:00','yyyy-mm-dd hh24:mi:ss'));
insert into tblAttendence(Attendence_Seq,absence_type,Attendence_Date,Sugang_Seq,GoTowork,offWork) 
                   values(358,'정상','2021-11-02',4,to_date('2021-11-02 09:00:00','yyyy-mm-dd hh24:mi:ss'),to_date('2021-11-02 18:00:00','yyyy-mm-dd hh24:mi:ss'));
insert into tblAttendence(Attendence_Seq,absence_type,Attendence_Date,Sugang_Seq,GoTowork,offWork) 
                   values(359,'정상','2021-11-03',4,to_date('2021-11-03 09:00:00','yyyy-mm-dd hh24:mi:ss'),to_date('2021-11-03 18:00:00','yyyy-mm-dd hh24:mi:ss'));
insert into tblAttendence(Attendence_Seq,absence_type,Attendence_Date,Sugang_Seq,GoTowork,offWork) 
                   values(360,'정상','2021-11-04',4,to_date('2021-11-04 09:00:00','yyyy-mm-dd hh24:mi:ss'),to_date('2021-11-04 18:00:00','yyyy-mm-dd hh24:mi:ss'));
insert into tblAttendence(Attendence_Seq,absence_type,Attendence_Date,Sugang_Seq,GoTowork,offWork) 
                   values(361,'정상','2021-11-05',4,to_date('2021-11-05 09:00:00','yyyy-mm-dd hh24:mi:ss'),to_date('2021-11-05 18:00:00','yyyy-mm-dd hh24:mi:ss'));
insert into tblAttendence(Attendence_Seq,absence_type,Attendence_Date,Sugang_Seq,GoTowork,offWork) 
                   values(362,'정상','2021-11-08',4,to_date('2021-11-08 09:00:00','yyyy-mm-dd hh24:mi:ss'),to_date('2021-11-08 18:00:00','yyyy-mm-dd hh24:mi:ss'));
insert into tblAttendence(Attendence_Seq,absence_type,Attendence_Date,Sugang_Seq,GoTowork,offWork) 
                   values(363,'정상','2021-11-09',4,to_date('2021-11-09 09:00:00','yyyy-mm-dd hh24:mi:ss'),to_date('2021-11-09 18:00:00','yyyy-mm-dd hh24:mi:ss'));
insert into tblAttendence(Attendence_Seq,absence_type,Attendence_Date,Sugang_Seq,GoTowork,offWork) 
                   values(364,'정상','2021-11-10',4,to_date('2021-11-10 09:00:00','yyyy-mm-dd hh24:mi:ss'),to_date('2021-11-10 18:00:00','yyyy-mm-dd hh24:mi:ss'));
insert into tblAttendence(Attendence_Seq,absence_type,Attendence_Date,Sugang_Seq,GoTowork,offWork) 
                   values(365,'정상','2021-11-11',4,to_date('2021-11-11 09:00:00','yyyy-mm-dd hh24:mi:ss'),to_date('2021-11-11 18:00:00','yyyy-mm-dd hh24:mi:ss'));
insert into tblAttendence(Attendence_Seq,absence_type,Attendence_Date,Sugang_Seq,GoTowork,offWork) 
                   values(366,'정상','2021-11-12',4,to_date('2021-11-12 09:00:00','yyyy-mm-dd hh24:mi:ss'),to_date('2021-11-12 18:00:00','yyyy-mm-dd hh24:mi:ss'));
insert into tblAttendence(Attendence_Seq,absence_type,Attendence_Date,Sugang_Seq,GoTowork,offWork) 
                   values(367,'정상','2021-11-15',4,to_date('2021-11-15 09:00:00','yyyy-mm-dd hh24:mi:ss'),to_date('2021-11-15 18:00:00','yyyy-mm-dd hh24:mi:ss'));
insert into tblAttendence(Attendence_Seq,absence_type,Attendence_Date,Sugang_Seq,GoTowork,offWork) 
                   values(368,'정상','2021-11-16',4,to_date('2021-11-16 09:00:00','yyyy-mm-dd hh24:mi:ss'),to_date('2021-11-16 18:00:00','yyyy-mm-dd hh24:mi:ss'));
insert into tblAttendence(Attendence_Seq,absence_type,Attendence_Date,Sugang_Seq,GoTowork,offWork) 
                   values(369,'정상','2021-11-17',4,to_date('2021-11-17 09:00:00','yyyy-mm-dd hh24:mi:ss'),to_date('2021-11-17 18:00:00','yyyy-mm-dd hh24:mi:ss'));
insert into tblAttendence(Attendence_Seq,absence_type,Attendence_Date,Sugang_Seq,GoTowork,offWork) 
                   values(370,'정상','2021-11-18',4,to_date('2021-11-18 09:00:00','yyyy-mm-dd hh24:mi:ss'),to_date('2021-11-18 18:00:00','yyyy-mm-dd hh24:mi:ss'));
insert into tblAttendence(Attendence_Seq,absence_type,Attendence_Date,Sugang_Seq,GoTowork,offWork) 
                   values(371,'정상','2021-11-19',4,to_date('2021-11-19 09:00:00','yyyy-mm-dd hh24:mi:ss'),to_date('2021-11-19 18:00:00','yyyy-mm-dd hh24:mi:ss'));
insert into tblAttendence(Attendence_Seq,absence_type,Attendence_Date,Sugang_Seq,GoTowork,offWork) 
                   values(372,'정상','2021-11-22',4,to_date('2021-11-22 09:00:00','yyyy-mm-dd hh24:mi:ss'),to_date('2021-11-22 18:00:00','yyyy-mm-dd hh24:mi:ss'));
insert into tblAttendence(Attendence_Seq,absence_type,Attendence_Date,Sugang_Seq,GoTowork,offWork) 
                   values(373,'정상','2021-11-23',4,to_date('2021-11-23 09:00:00','yyyy-mm-dd hh24:mi:ss'),to_date('2021-11-23 18:00:00','yyyy-mm-dd hh24:mi:ss'));
insert into tblAttendence(Attendence_Seq,absence_type,Attendence_Date,Sugang_Seq,GoTowork,offWork) 
                   values(374,'정상','2021-11-24',4,to_date('2021-11-24 09:00:00','yyyy-mm-dd hh24:mi:ss'),to_date('2021-11-24 18:00:00','yyyy-mm-dd hh24:mi:ss'));
insert into tblAttendence(Attendence_Seq,absence_type,Attendence_Date,Sugang_Seq,GoTowork,offWork) 
                   values(375,'정상','2021-11-25',4,to_date('2021-11-25 09:00:00','yyyy-mm-dd hh24:mi:ss'),to_date('2021-11-25 18:00:00','yyyy-mm-dd hh24:mi:ss'));
insert into tblAttendence(Attendence_Seq,absence_type,Attendence_Date,Sugang_Seq,GoTowork,offWork) 
                   values(376,'정상','2021-11-26',4,to_date('2021-11-26 09:00:00','yyyy-mm-dd hh24:mi:ss'),to_date('2021-11-26 18:00:00','yyyy-mm-dd hh24:mi:ss'));
insert into tblAttendence(Attendence_Seq,absence_type,Attendence_Date,Sugang_Seq,GoTowork,offWork) 
                   values(377,'정상','2021-11-29',4,to_date('2021-11-29 09:00:00','yyyy-mm-dd hh24:mi:ss'),to_date('2021-11-29 18:00:00','yyyy-mm-dd hh24:mi:ss'));
insert into tblAttendence(Attendence_Seq,absence_type,Attendence_Date,Sugang_Seq,GoTowork,offWork) 
                   values(378,'정상','2021-11-30',4,to_date('2021-11-30 09:00:00','yyyy-mm-dd hh24:mi:ss'),to_date('2021-11-30 18:00:00','yyyy-mm-dd hh24:mi:ss'));
insert into tblAttendence(Attendence_Seq,absence_type,Attendence_Date,Sugang_Seq,GoTowork,offWork) 
                   values(379,'정상','2021-12-01',4,to_date('2021-12-01 09:00:00','yyyy-mm-dd hh24:mi:ss'),to_date('2021-12-01 18:00:00','yyyy-mm-dd hh24:mi:ss'));
insert into tblAttendence(Attendence_Seq,absence_type,Attendence_Date,Sugang_Seq,GoTowork,offWork) 
                   values(380,'정상','2021-12-02',4,to_date('2021-12-02 09:00:00','yyyy-mm-dd hh24:mi:ss'),to_date('2021-12-02 18:00:00','yyyy-mm-dd hh24:mi:ss'));
insert into tblAttendence(Attendence_Seq,absence_type,Attendence_Date,Sugang_Seq,GoTowork,offWork) 
                   values(381,'정상','2021-12-03',4,to_date('2021-12-03 09:00:00','yyyy-mm-dd hh24:mi:ss'),to_date('2021-12-03 18:00:00','yyyy-mm-dd hh24:mi:ss'));
insert into tblAttendence(Attendence_Seq,absence_type,Attendence_Date,Sugang_Seq,GoTowork,offWork) 
                   values(382,'정상','2021-12-06',4,to_date('2021-12-06 09:00:00','yyyy-mm-dd hh24:mi:ss'),to_date('2021-12-06 18:00:00','yyyy-mm-dd hh24:mi:ss'));

insert into tblAttendence(Attendence_Seq,absence_type,Attendence_Date,Sugang_Seq,GoTowork,offWork) 
                   values(383,'정상','2021-09-08',5,to_date('2021-09-08 09:00:00','yyyy-mm-dd hh24:mi:ss'),to_date('2021-09-08 18:00:00','yyyy-mm-dd hh24:mi:ss'));
insert into tblAttendence(Attendence_Seq,absence_type,Attendence_Date,Sugang_Seq,GoTowork,offWork) 
                   values(384,'정상','2021-09-09',5,to_date('2021-09-09 09:00:00','yyyy-mm-dd hh24:mi:ss'),to_date('2021-09-09 18:00:00','yyyy-mm-dd hh24:mi:ss'));
insert into tblAttendence(Attendence_Seq,absence_type,Attendence_Date,Sugang_Seq,GoTowork,offWork) 
                   values(385,'정상','2021-09-10',5,to_date('2021-09-10 09:00:00','yyyy-mm-dd hh24:mi:ss'),to_date('2021-09-10 18:00:00','yyyy-mm-dd hh24:mi:ss'));
insert into tblAttendence(Attendence_Seq,absence_type,Attendence_Date,Sugang_Seq,GoTowork,offWork) 
                   values(386,'정상','2021-09-13',5,to_date('2021-09-13 09:00:00','yyyy-mm-dd hh24:mi:ss'),to_date('2021-09-13 18:00:00','yyyy-mm-dd hh24:mi:ss'));
insert into tblAttendence(Attendence_Seq,absence_type,Attendence_Date,Sugang_Seq,GoTowork,offWork) 
                   values(387,'정상','2021-09-14',5,to_date('2021-09-14 09:00:00','yyyy-mm-dd hh24:mi:ss'),to_date('2021-09-14 18:00:00','yyyy-mm-dd hh24:mi:ss'));
insert into tblAttendence(Attendence_Seq,absence_type,Attendence_Date,Sugang_Seq,GoTowork,offWork) 
                   values(388,'정상','2021-09-15',5,to_date('2021-09-15 09:00:00','yyyy-mm-dd hh24:mi:ss'),to_date('2021-09-15 18:00:00','yyyy-mm-dd hh24:mi:ss'));
insert into tblAttendence(Attendence_Seq,absence_type,Attendence_Date,Sugang_Seq,GoTowork,offWork) 
                   values(389,'정상','2021-09-16',5,to_date('2021-09-16 09:00:00','yyyy-mm-dd hh24:mi:ss'),to_date('2021-09-16 18:00:00','yyyy-mm-dd hh24:mi:ss'));
insert into tblAttendence(Attendence_Seq,absence_type,Attendence_Date,Sugang_Seq,GoTowork,offWork) 
                   values(390,'정상','2021-09-17',5,to_date('2021-09-17 09:00:00','yyyy-mm-dd hh24:mi:ss'),to_date('2021-09-17 18:00:00','yyyy-mm-dd hh24:mi:ss'));
insert into tblAttendence(Attendence_Seq,absence_type,Attendence_Date,Sugang_Seq,GoTowork,offWork) 
                   values(391,'정상','2021-09-23',5,to_date('2021-09-23 09:00:00','yyyy-mm-dd hh24:mi:ss'),to_date('2021-09-23 18:00:00','yyyy-mm-dd hh24:mi:ss'));
insert into tblAttendence(Attendence_Seq,absence_type,Attendence_Date,Sugang_Seq,GoTowork,offWork) 
                   values(392,'정상','2021-09-24',5,to_date('2021-09-24 09:00:00','yyyy-mm-dd hh24:mi:ss'),to_date('2021-09-24 18:00:00','yyyy-mm-dd hh24:mi:ss'));
insert into tblAttendence(Attendence_Seq,absence_type,Attendence_Date,Sugang_Seq,GoTowork,offWork) 
                   values(393,'정상','2021-09-27',5,to_date('2021-09-27 09:00:00','yyyy-mm-dd hh24:mi:ss'),to_date('2021-09-27 18:00:00','yyyy-mm-dd hh24:mi:ss'));
insert into tblAttendence(Attendence_Seq,absence_type,Attendence_Date,Sugang_Seq,GoTowork,offWork) 
                   values(394,'정상','2021-09-28',5,to_date('2021-09-28 09:00:00','yyyy-mm-dd hh24:mi:ss'),to_date('2021-09-28 18:00:00','yyyy-mm-dd hh24:mi:ss'));
insert into tblAttendence(Attendence_Seq,absence_type,Attendence_Date,Sugang_Seq,GoTowork,offWork) 
                   values(395,'정상','2021-09-29',5,to_date('2021-09-29 09:00:00','yyyy-mm-dd hh24:mi:ss'),to_date('2021-09-29 18:00:00','yyyy-mm-dd hh24:mi:ss'));
insert into tblAttendence(Attendence_Seq,absence_type,Attendence_Date,Sugang_Seq,GoTowork,offWork) 
                   values(396,'정상','2021-09-30',5,to_date('2021-09-30 09:00:00','yyyy-mm-dd hh24:mi:ss'),to_date('2021-09-30 18:00:00','yyyy-mm-dd hh24:mi:ss'));
insert into tblAttendence(Attendence_Seq,absence_type,Attendence_Date,Sugang_Seq,GoTowork,offWork) 
                   values(397,'정상','2021-10-01',5,to_date('2021-10-01 09:00:00','yyyy-mm-dd hh24:mi:ss'),to_date('2021-10-01 18:00:00','yyyy-mm-dd hh24:mi:ss'));
insert into tblAttendence(Attendence_Seq,absence_type,Attendence_Date,Sugang_Seq,GoTowork,offWork) 
                   values(398,'정상','2021-10-06',5,to_date('2021-10-06 09:00:00','yyyy-mm-dd hh24:mi:ss'),to_date('2021-10-06 18:00:00','yyyy-mm-dd hh24:mi:ss'));
insert into tblAttendence(Attendence_Seq,absence_type,Attendence_Date,Sugang_Seq,GoTowork,offWork) 
                   values(399,'정상','2021-10-07',5,to_date('2021-10-07 09:00:00','yyyy-mm-dd hh24:mi:ss'),to_date('2021-10-07 18:00:00','yyyy-mm-dd hh24:mi:ss'));
insert into tblAttendence(Attendence_Seq,absence_type,Attendence_Date,Sugang_Seq,GoTowork,offWork) 
                   values(400,'정상','2021-10-08',5,to_date('2021-10-08 09:00:00','yyyy-mm-dd hh24:mi:ss'),to_date('2021-10-08 18:00:00','yyyy-mm-dd hh24:mi:ss'));
insert into tblAttendence(Attendence_Seq,absence_type,Attendence_Date,Sugang_Seq,GoTowork,offWork) 
                   values(401,'정상','2021-10-12',5,to_date('2021-10-12 09:00:00','yyyy-mm-dd hh24:mi:ss'),to_date('2021-10-12 18:00:00','yyyy-mm-dd hh24:mi:ss'));
insert into tblAttendence(Attendence_Seq,absence_type,Attendence_Date,Sugang_Seq,GoTowork,offWork) 
                   values(402,'정상','2021-10-13',5,to_date('2021-10-13 09:00:00','yyyy-mm-dd hh24:mi:ss'),to_date('2021-10-13 18:00:00','yyyy-mm-dd hh24:mi:ss'));
insert into tblAttendence(Attendence_Seq,absence_type,Attendence_Date,Sugang_Seq,GoTowork,offWork) 
                   values(403,'정상','2021-10-14',5,to_date('2021-10-14 09:00:00','yyyy-mm-dd hh24:mi:ss'),to_date('2021-10-14 18:00:00','yyyy-mm-dd hh24:mi:ss'));
insert into tblAttendence(Attendence_Seq,absence_type,Attendence_Date,Sugang_Seq,GoTowork,offWork) 
                   values(404,'정상','2021-10-15',5,to_date('2021-10-15 09:00:00','yyyy-mm-dd hh24:mi:ss'),to_date('2021-10-15 18:00:00','yyyy-mm-dd hh24:mi:ss'));
insert into tblAttendence(Attendence_Seq,absence_type,Attendence_Date,Sugang_Seq,GoTowork,offWork) 
                   values(405,'정상','2021-10-18',5,to_date('2021-10-18 09:00:00','yyyy-mm-dd hh24:mi:ss'),to_date('2021-10-18 18:00:00','yyyy-mm-dd hh24:mi:ss'));
insert into tblAttendence(Attendence_Seq,absence_type,Attendence_Date,Sugang_Seq,GoTowork,offWork) 
                   values(406,'정상','2021-10-19',5,to_date('2021-10-19 09:00:00','yyyy-mm-dd hh24:mi:ss'),to_date('2021-10-19 18:00:00','yyyy-mm-dd hh24:mi:ss'));
insert into tblAttendence(Attendence_Seq,absence_type,Attendence_Date,Sugang_Seq,GoTowork,offWork) 
                   values(407,'정상','2021-10-20',5,to_date('2021-10-20 09:00:00','yyyy-mm-dd hh24:mi:ss'),to_date('2021-10-20 18:00:00','yyyy-mm-dd hh24:mi:ss'));
insert into tblAttendence(Attendence_Seq,absence_type,Attendence_Date,Sugang_Seq,GoTowork,offWork) 
                   values(408,'정상','2021-10-21',5,to_date('2021-10-21 09:00:00','yyyy-mm-dd hh24:mi:ss'),to_date('2021-10-21 18:00:00','yyyy-mm-dd hh24:mi:ss'));
insert into tblAttendence(Attendence_Seq,absence_type,Attendence_Date,Sugang_Seq,GoTowork,offWork) 
                   values(409,'정상','2021-10-22',5,to_date('2021-10-22 09:00:00','yyyy-mm-dd hh24:mi:ss'),to_date('2021-10-22 18:00:00','yyyy-mm-dd hh24:mi:ss'));
insert into tblAttendence(Attendence_Seq,absence_type,Attendence_Date,Sugang_Seq,GoTowork,offWork) 
                   values(410,'정상','2021-10-25',5,to_date('2021-10-25 09:00:00','yyyy-mm-dd hh24:mi:ss'),to_date('2021-10-25 18:00:00','yyyy-mm-dd hh24:mi:ss'));
insert into tblAttendence(Attendence_Seq,absence_type,Attendence_Date,Sugang_Seq,GoTowork,offWork) 
                   values(411,'정상','2021-10-26',5,to_date('2021-10-26 09:00:00','yyyy-mm-dd hh24:mi:ss'),to_date('2021-10-26 18:00:00','yyyy-mm-dd hh24:mi:ss'));
insert into tblAttendence(Attendence_Seq,absence_type,Attendence_Date,Sugang_Seq,GoTowork,offWork) 
                   values(412,'정상','2021-10-27',5,to_date('2021-10-27 09:00:00','yyyy-mm-dd hh24:mi:ss'),to_date('2021-10-27 18:00:00','yyyy-mm-dd hh24:mi:ss'));
insert into tblAttendence(Attendence_Seq,absence_type,Attendence_Date,Sugang_Seq,GoTowork,offWork) 
                   values(413,'정상','2021-10-28',5,to_date('2021-10-28 09:00:00','yyyy-mm-dd hh24:mi:ss'),to_date('2021-10-28 18:00:00','yyyy-mm-dd hh24:mi:ss'));
insert into tblAttendence(Attendence_Seq,absence_type,Attendence_Date,Sugang_Seq,GoTowork,offWork) 
                   values(414,'정상','2021-10-29',5,to_date('2021-10-29 09:00:00','yyyy-mm-dd hh24:mi:ss'),to_date('2021-10-29 18:00:00','yyyy-mm-dd hh24:mi:ss'));
insert into tblAttendence(Attendence_Seq,absence_type,Attendence_Date,Sugang_Seq,GoTowork,offWork) 
                   values(415,'정상','2021-11-01',5,to_date('2021-11-01 09:00:00','yyyy-mm-dd hh24:mi:ss'),to_date('2021-11-01 18:00:00','yyyy-mm-dd hh24:mi:ss'));
insert into tblAttendence(Attendence_Seq,absence_type,Attendence_Date,Sugang_Seq,GoTowork,offWork) 
                   values(416,'정상','2021-11-02',5,to_date('2021-11-02 09:00:00','yyyy-mm-dd hh24:mi:ss'),to_date('2021-11-02 18:00:00','yyyy-mm-dd hh24:mi:ss'));
insert into tblAttendence(Attendence_Seq,absence_type,Attendence_Date,Sugang_Seq,GoTowork,offWork) 
                   values(417,'정상','2021-11-03',5,to_date('2021-11-03 09:00:00','yyyy-mm-dd hh24:mi:ss'),to_date('2021-11-03 18:00:00','yyyy-mm-dd hh24:mi:ss'));
insert into tblAttendence(Attendence_Seq,absence_type,Attendence_Date,Sugang_Seq,GoTowork,offWork) 
                   values(418,'정상','2021-11-04',5,to_date('2021-11-04 09:00:00','yyyy-mm-dd hh24:mi:ss'),to_date('2021-11-04 18:00:00','yyyy-mm-dd hh24:mi:ss'));
insert into tblAttendence(Attendence_Seq,absence_type,Attendence_Date,Sugang_Seq,GoTowork,offWork) 
                   values(419,'정상','2021-11-05',5,to_date('2021-11-05 09:00:00','yyyy-mm-dd hh24:mi:ss'),to_date('2021-11-05 18:00:00','yyyy-mm-dd hh24:mi:ss'));
insert into tblAttendence(Attendence_Seq,absence_type,Attendence_Date,Sugang_Seq,GoTowork,offWork) 
                   values(420,'정상','2021-11-08',5,to_date('2021-11-08 09:00:00','yyyy-mm-dd hh24:mi:ss'),to_date('2021-11-08 18:00:00','yyyy-mm-dd hh24:mi:ss'));
insert into tblAttendence(Attendence_Seq,absence_type,Attendence_Date,Sugang_Seq,GoTowork,offWork) 
                   values(421,'정상','2021-11-09',5,to_date('2021-11-09 09:00:00','yyyy-mm-dd hh24:mi:ss'),to_date('2021-11-09 18:00:00','yyyy-mm-dd hh24:mi:ss'));
insert into tblAttendence(Attendence_Seq,absence_type,Attendence_Date,Sugang_Seq,GoTowork,offWork) 
                   values(422,'정상','2021-11-10',5,to_date('2021-11-10 09:00:00','yyyy-mm-dd hh24:mi:ss'),to_date('2021-11-10 18:00:00','yyyy-mm-dd hh24:mi:ss'));
insert into tblAttendence(Attendence_Seq,absence_type,Attendence_Date,Sugang_Seq,GoTowork,offWork) 
                   values(423,'정상','2021-11-11',5,to_date('2021-11-11 09:00:00','yyyy-mm-dd hh24:mi:ss'),to_date('2021-11-11 18:00:00','yyyy-mm-dd hh24:mi:ss'));
insert into tblAttendence(Attendence_Seq,absence_type,Attendence_Date,Sugang_Seq,GoTowork,offWork) 
                   values(424,'정상','2021-11-12',5,to_date('2021-11-12 09:00:00','yyyy-mm-dd hh24:mi:ss'),to_date('2021-11-12 18:00:00','yyyy-mm-dd hh24:mi:ss'));
insert into tblAttendence(Attendence_Seq,absence_type,Attendence_Date,Sugang_Seq,GoTowork,offWork) 
                   values(425,'정상','2021-11-15',5,to_date('2021-11-15 09:00:00','yyyy-mm-dd hh24:mi:ss'),to_date('2021-11-15 18:00:00','yyyy-mm-dd hh24:mi:ss'));
insert into tblAttendence(Attendence_Seq,absence_type,Attendence_Date,Sugang_Seq,GoTowork,offWork) 
                   values(426,'정상','2021-11-16',5,to_date('2021-11-16 09:00:00','yyyy-mm-dd hh24:mi:ss'),to_date('2021-11-16 18:00:00','yyyy-mm-dd hh24:mi:ss'));
insert into tblAttendence(Attendence_Seq,absence_type,Attendence_Date,Sugang_Seq,GoTowork,offWork) 
                   values(427,'정상','2021-11-17',5,to_date('2021-11-17 09:00:00','yyyy-mm-dd hh24:mi:ss'),to_date('2021-11-17 18:00:00','yyyy-mm-dd hh24:mi:ss'));
insert into tblAttendence(Attendence_Seq,absence_type,Attendence_Date,Sugang_Seq,GoTowork,offWork) 
                   values(428,'정상','2021-11-18',5,to_date('2021-11-18 09:00:00','yyyy-mm-dd hh24:mi:ss'),to_date('2021-11-18 18:00:00','yyyy-mm-dd hh24:mi:ss'));
insert into tblAttendence(Attendence_Seq,absence_type,Attendence_Date,Sugang_Seq,GoTowork,offWork) 
                   values(429,'정상','2021-11-19',5,to_date('2021-11-19 09:00:00','yyyy-mm-dd hh24:mi:ss'),to_date('2021-11-19 18:00:00','yyyy-mm-dd hh24:mi:ss'));
insert into tblAttendence(Attendence_Seq,absence_type,Attendence_Date,Sugang_Seq,GoTowork,offWork) 
                   values(430,'정상','2021-11-22',5,to_date('2021-11-22 09:00:00','yyyy-mm-dd hh24:mi:ss'),to_date('2021-11-22 18:00:00','yyyy-mm-dd hh24:mi:ss'));
insert into tblAttendence(Attendence_Seq,absence_type,Attendence_Date,Sugang_Seq,GoTowork,offWork) 
                   values(431,'정상','2021-11-23',5,to_date('2021-11-23 09:00:00','yyyy-mm-dd hh24:mi:ss'),to_date('2021-11-23 18:00:00','yyyy-mm-dd hh24:mi:ss'));
insert into tblAttendence(Attendence_Seq,absence_type,Attendence_Date,Sugang_Seq,GoTowork,offWork) 
                   values(432,'정상','2021-11-24',5,to_date('2021-11-24 09:00:00','yyyy-mm-dd hh24:mi:ss'),to_date('2021-11-24 18:00:00','yyyy-mm-dd hh24:mi:ss'));
insert into tblAttendence(Attendence_Seq,absence_type,Attendence_Date,Sugang_Seq,GoTowork,offWork) 
                   values(433,'정상','2021-11-25',5,to_date('2021-11-25 09:00:00','yyyy-mm-dd hh24:mi:ss'),to_date('2021-11-25 18:00:00','yyyy-mm-dd hh24:mi:ss'));
insert into tblAttendence(Attendence_Seq,absence_type,Attendence_Date,Sugang_Seq,GoTowork,offWork) 
                   values(434,'정상','2021-11-26',5,to_date('2021-11-26 09:00:00','yyyy-mm-dd hh24:mi:ss'),to_date('2021-11-26 18:00:00','yyyy-mm-dd hh24:mi:ss'));
insert into tblAttendence(Attendence_Seq,absence_type,Attendence_Date,Sugang_Seq,GoTowork,offWork) 
                   values(435,'정상','2021-11-29',5,to_date('2021-11-29 09:00:00','yyyy-mm-dd hh24:mi:ss'),to_date('2021-11-29 18:00:00','yyyy-mm-dd hh24:mi:ss'));
insert into tblAttendence(Attendence_Seq,absence_type,Attendence_Date,Sugang_Seq,GoTowork,offWork) 
                   values(436,'정상','2021-11-30',5,to_date('2021-11-30 09:00:00','yyyy-mm-dd hh24:mi:ss'),to_date('2021-11-30 18:00:00','yyyy-mm-dd hh24:mi:ss'));
insert into tblAttendence(Attendence_Seq,absence_type,Attendence_Date,Sugang_Seq,GoTowork,offWork) 
                   values(437,'정상','2021-12-01',5,to_date('2021-12-01 09:00:00','yyyy-mm-dd hh24:mi:ss'),to_date('2021-12-01 18:00:00','yyyy-mm-dd hh24:mi:ss'));
insert into tblAttendence(Attendence_Seq,absence_type,Attendence_Date,Sugang_Seq,GoTowork,offWork) 
                   values(438,'정상','2021-12-02',5,to_date('2021-12-02 09:00:00','yyyy-mm-dd hh24:mi:ss'),to_date('2021-12-02 18:00:00','yyyy-mm-dd hh24:mi:ss'));
insert into tblAttendence(Attendence_Seq,absence_type,Attendence_Date,Sugang_Seq,GoTowork,offWork) 
                   values(439,'정상','2021-12-03',5,to_date('2021-12-03 09:00:00','yyyy-mm-dd hh24:mi:ss'),to_date('2021-12-03 18:00:00','yyyy-mm-dd hh24:mi:ss'));
insert into tblAttendence(Attendence_Seq,absence_type,Attendence_Date,Sugang_Seq,GoTowork,offWork) 
                   values(440,'정상','2021-12-06',5,to_date('2021-12-06 09:00:00','yyyy-mm-dd hh24:mi:ss'),to_date('2021-12-06 18:00:00','yyyy-mm-dd hh24:mi:ss'));

insert into tblAttendence(Attendence_Seq,absence_type,Attendence_Date,Sugang_Seq,GoTowork,offWork) 
                   values(441,'정상','2021-09-08',6,to_date('2021-09-08 09:00:00','yyyy-mm-dd hh24:mi:ss'),to_date('2021-09-08 18:00:00','yyyy-mm-dd hh24:mi:ss'));
insert into tblAttendence(Attendence_Seq,absence_type,Attendence_Date,Sugang_Seq,GoTowork,offWork) 
                   values(442,'정상','2021-09-09',6,to_date('2021-09-09 09:00:00','yyyy-mm-dd hh24:mi:ss'),to_date('2021-09-09 18:00:00','yyyy-mm-dd hh24:mi:ss'));
insert into tblAttendence(Attendence_Seq,absence_type,Attendence_Date,Sugang_Seq,GoTowork,offWork) 
                   values(443,'정상','2021-09-10',6,to_date('2021-09-10 09:00:00','yyyy-mm-dd hh24:mi:ss'),to_date('2021-09-10 18:00:00','yyyy-mm-dd hh24:mi:ss'));
insert into tblAttendence(Attendence_Seq,absence_type,Attendence_Date,Sugang_Seq,GoTowork,offWork) 
                   values(444,'정상','2021-09-13',6,to_date('2021-09-13 09:00:00','yyyy-mm-dd hh24:mi:ss'),to_date('2021-09-13 18:00:00','yyyy-mm-dd hh24:mi:ss'));
insert into tblAttendence(Attendence_Seq,absence_type,Attendence_Date,Sugang_Seq,GoTowork,offWork) 
                   values(445,'정상','2021-09-14',6,to_date('2021-09-14 09:00:00','yyyy-mm-dd hh24:mi:ss'),to_date('2021-09-14 18:00:00','yyyy-mm-dd hh24:mi:ss'));
insert into tblAttendence(Attendence_Seq,absence_type,Attendence_Date,Sugang_Seq,GoTowork,offWork) 
                   values(446,'정상','2021-09-15',6,to_date('2021-09-15 09:00:00','yyyy-mm-dd hh24:mi:ss'),to_date('2021-09-15 18:00:00','yyyy-mm-dd hh24:mi:ss'));
insert into tblAttendence(Attendence_Seq,absence_type,Attendence_Date,Sugang_Seq,GoTowork,offWork) 
                   values(447,'정상','2021-09-16',6,to_date('2021-09-16 09:00:00','yyyy-mm-dd hh24:mi:ss'),to_date('2021-09-16 18:00:00','yyyy-mm-dd hh24:mi:ss'));
insert into tblAttendence(Attendence_Seq,absence_type,Attendence_Date,Sugang_Seq,GoTowork,offWork) 
                   values(448,'정상','2021-09-17',6,to_date('2021-09-17 09:00:00','yyyy-mm-dd hh24:mi:ss'),to_date('2021-09-17 18:00:00','yyyy-mm-dd hh24:mi:ss'));
insert into tblAttendence(Attendence_Seq,absence_type,Attendence_Date,Sugang_Seq,GoTowork,offWork) 
                   values(449,'정상','2021-09-23',6,to_date('2021-09-23 09:00:00','yyyy-mm-dd hh24:mi:ss'),to_date('2021-09-23 18:00:00','yyyy-mm-dd hh24:mi:ss'));
insert into tblAttendence(Attendence_Seq,absence_type,Attendence_Date,Sugang_Seq,GoTowork,offWork) 
                   values(450,'정상','2021-09-24',6,to_date('2021-09-24 09:00:00','yyyy-mm-dd hh24:mi:ss'),to_date('2021-09-24 18:00:00','yyyy-mm-dd hh24:mi:ss'));
insert into tblAttendence(Attendence_Seq,absence_type,Attendence_Date,Sugang_Seq,GoTowork,offWork) 
                   values(451,'정상','2021-09-27',6,to_date('2021-09-27 09:00:00','yyyy-mm-dd hh24:mi:ss'),to_date('2021-09-27 18:00:00','yyyy-mm-dd hh24:mi:ss'));
insert into tblAttendence(Attendence_Seq,absence_type,Attendence_Date,Sugang_Seq,GoTowork,offWork) 
                   values(452,'정상','2021-09-28',6,to_date('2021-09-28 09:00:00','yyyy-mm-dd hh24:mi:ss'),to_date('2021-09-28 18:00:00','yyyy-mm-dd hh24:mi:ss'));
insert into tblAttendence(Attendence_Seq,absence_type,Attendence_Date,Sugang_Seq,GoTowork,offWork) 
                   values(453,'정상','2021-09-29',6,to_date('2021-09-29 09:00:00','yyyy-mm-dd hh24:mi:ss'),to_date('2021-09-29 18:00:00','yyyy-mm-dd hh24:mi:ss'));
insert into tblAttendence(Attendence_Seq,absence_type,Attendence_Date,Sugang_Seq,GoTowork,offWork) 
                   values(454,'정상','2021-09-30',6,to_date('2021-09-30 09:00:00','yyyy-mm-dd hh24:mi:ss'),to_date('2021-09-30 18:00:00','yyyy-mm-dd hh24:mi:ss'));
insert into tblAttendence(Attendence_Seq,absence_type,Attendence_Date,Sugang_Seq,GoTowork,offWork) 
                   values(455,'정상','2021-10-01',6,to_date('2021-10-01 09:00:00','yyyy-mm-dd hh24:mi:ss'),to_date('2021-10-01 18:00:00','yyyy-mm-dd hh24:mi:ss'));
insert into tblAttendence(Attendence_Seq,absence_type,Attendence_Date,Sugang_Seq,GoTowork,offWork) 
                   values(456,'정상','2021-10-06',6,to_date('2021-10-06 09:00:00','yyyy-mm-dd hh24:mi:ss'),to_date('2021-10-06 18:00:00','yyyy-mm-dd hh24:mi:ss'));
insert into tblAttendence(Attendence_Seq,absence_type,Attendence_Date,Sugang_Seq,GoTowork,offWork) 
                   values(457,'정상','2021-10-07',6,to_date('2021-10-07 09:00:00','yyyy-mm-dd hh24:mi:ss'),to_date('2021-10-07 18:00:00','yyyy-mm-dd hh24:mi:ss'));
insert into tblAttendence(Attendence_Seq,absence_type,Attendence_Date,Sugang_Seq,GoTowork,offWork) 
                   values(458,'정상','2021-10-08',6,to_date('2021-10-08 09:00:00','yyyy-mm-dd hh24:mi:ss'),to_date('2021-10-08 18:00:00','yyyy-mm-dd hh24:mi:ss'));
insert into tblAttendence(Attendence_Seq,absence_type,Attendence_Date,Sugang_Seq,GoTowork,offWork) 
                   values(459,'정상','2021-10-12',6,to_date('2021-10-12 09:00:00','yyyy-mm-dd hh24:mi:ss'),to_date('2021-10-12 18:00:00','yyyy-mm-dd hh24:mi:ss'));
insert into tblAttendence(Attendence_Seq,absence_type,Attendence_Date,Sugang_Seq,GoTowork,offWork) 
                   values(460,'정상','2021-10-13',6,to_date('2021-10-13 09:00:00','yyyy-mm-dd hh24:mi:ss'),to_date('2021-10-13 18:00:00','yyyy-mm-dd hh24:mi:ss'));
insert into tblAttendence(Attendence_Seq,absence_type,Attendence_Date,Sugang_Seq,GoTowork,offWork) 
                   values(461,'정상','2021-10-14',6,to_date('2021-10-14 09:00:00','yyyy-mm-dd hh24:mi:ss'),to_date('2021-10-14 18:00:00','yyyy-mm-dd hh24:mi:ss'));
insert into tblAttendence(Attendence_Seq,absence_type,Attendence_Date,Sugang_Seq,GoTowork,offWork) 
                   values(462,'정상','2021-10-15',6,to_date('2021-10-15 09:00:00','yyyy-mm-dd hh24:mi:ss'),to_date('2021-10-15 18:00:00','yyyy-mm-dd hh24:mi:ss'));
insert into tblAttendence(Attendence_Seq,absence_type,Attendence_Date,Sugang_Seq,GoTowork,offWork) 
                   values(463,'정상','2021-10-18',6,to_date('2021-10-18 09:00:00','yyyy-mm-dd hh24:mi:ss'),to_date('2021-10-18 18:00:00','yyyy-mm-dd hh24:mi:ss'));
insert into tblAttendence(Attendence_Seq,absence_type,Attendence_Date,Sugang_Seq,GoTowork,offWork) 
                   values(464,'정상','2021-10-19',6,to_date('2021-10-19 09:00:00','yyyy-mm-dd hh24:mi:ss'),to_date('2021-10-19 18:00:00','yyyy-mm-dd hh24:mi:ss'));
insert into tblAttendence(Attendence_Seq,absence_type,Attendence_Date,Sugang_Seq,GoTowork,offWork) 
                   values(465,'정상','2021-10-20',6,to_date('2021-10-20 09:00:00','yyyy-mm-dd hh24:mi:ss'),to_date('2021-10-20 18:00:00','yyyy-mm-dd hh24:mi:ss'));
insert into tblAttendence(Attendence_Seq,absence_type,Attendence_Date,Sugang_Seq,GoTowork,offWork) 
                   values(466,'정상','2021-10-21',6,to_date('2021-10-21 09:00:00','yyyy-mm-dd hh24:mi:ss'),to_date('2021-10-21 18:00:00','yyyy-mm-dd hh24:mi:ss'));
insert into tblAttendence(Attendence_Seq,absence_type,Attendence_Date,Sugang_Seq,GoTowork,offWork) 
                   values(467,'정상','2021-10-22',6,to_date('2021-10-22 09:00:00','yyyy-mm-dd hh24:mi:ss'),to_date('2021-10-22 18:00:00','yyyy-mm-dd hh24:mi:ss'));
insert into tblAttendence(Attendence_Seq,absence_type,Attendence_Date,Sugang_Seq,GoTowork,offWork) 
                   values(468,'정상','2021-10-25',6,to_date('2021-10-25 09:00:00','yyyy-mm-dd hh24:mi:ss'),to_date('2021-10-25 18:00:00','yyyy-mm-dd hh24:mi:ss'));
insert into tblAttendence(Attendence_Seq,absence_type,Attendence_Date,Sugang_Seq,GoTowork,offWork) 
                   values(469,'정상','2021-10-26',6,to_date('2021-10-26 09:00:00','yyyy-mm-dd hh24:mi:ss'),to_date('2021-10-26 18:00:00','yyyy-mm-dd hh24:mi:ss'));
insert into tblAttendence(Attendence_Seq,absence_type,Attendence_Date,Sugang_Seq,GoTowork,offWork) 
                   values(470,'정상','2021-10-27',6,to_date('2021-10-27 09:00:00','yyyy-mm-dd hh24:mi:ss'),to_date('2021-10-27 18:00:00','yyyy-mm-dd hh24:mi:ss'));
insert into tblAttendence(Attendence_Seq,absence_type,Attendence_Date,Sugang_Seq,GoTowork,offWork) 
                   values(471,'정상','2021-10-28',6,to_date('2021-10-28 09:00:00','yyyy-mm-dd hh24:mi:ss'),to_date('2021-10-28 18:00:00','yyyy-mm-dd hh24:mi:ss'));
insert into tblAttendence(Attendence_Seq,absence_type,Attendence_Date,Sugang_Seq,GoTowork,offWork) 
                   values(472,'정상','2021-10-29',6,to_date('2021-10-29 09:00:00','yyyy-mm-dd hh24:mi:ss'),to_date('2021-10-29 18:00:00','yyyy-mm-dd hh24:mi:ss'));
insert into tblAttendence(Attendence_Seq,absence_type,Attendence_Date,Sugang_Seq,GoTowork,offWork) 
                   values(473,'정상','2021-11-01',6,to_date('2021-11-01 09:00:00','yyyy-mm-dd hh24:mi:ss'),to_date('2021-11-01 18:00:00','yyyy-mm-dd hh24:mi:ss'));
insert into tblAttendence(Attendence_Seq,absence_type,Attendence_Date,Sugang_Seq,GoTowork,offWork) 
                   values(474,'정상','2021-11-02',6,to_date('2021-11-02 09:00:00','yyyy-mm-dd hh24:mi:ss'),to_date('2021-11-02 18:00:00','yyyy-mm-dd hh24:mi:ss'));
insert into tblAttendence(Attendence_Seq,absence_type,Attendence_Date,Sugang_Seq,GoTowork,offWork) 
                   values(475,'정상','2021-11-03',6,to_date('2021-11-03 09:00:00','yyyy-mm-dd hh24:mi:ss'),to_date('2021-11-03 18:00:00','yyyy-mm-dd hh24:mi:ss'));
insert into tblAttendence(Attendence_Seq,absence_type,Attendence_Date,Sugang_Seq,GoTowork,offWork) 
                   values(476,'정상','2021-11-04',6,to_date('2021-11-04 09:00:00','yyyy-mm-dd hh24:mi:ss'),to_date('2021-11-04 18:00:00','yyyy-mm-dd hh24:mi:ss'));
insert into tblAttendence(Attendence_Seq,absence_type,Attendence_Date,Sugang_Seq,GoTowork,offWork) 
                   values(477,'정상','2021-11-05',6,to_date('2021-11-05 09:00:00','yyyy-mm-dd hh24:mi:ss'),to_date('2021-11-05 18:00:00','yyyy-mm-dd hh24:mi:ss'));
insert into tblAttendence(Attendence_Seq,absence_type,Attendence_Date,Sugang_Seq,GoTowork,offWork) 
                   values(478,'정상','2021-11-08',6,to_date('2021-11-08 09:00:00','yyyy-mm-dd hh24:mi:ss'),to_date('2021-11-08 18:00:00','yyyy-mm-dd hh24:mi:ss'));
insert into tblAttendence(Attendence_Seq,absence_type,Attendence_Date,Sugang_Seq,GoTowork,offWork) 
                   values(479,'정상','2021-11-09',6,to_date('2021-11-09 09:00:00','yyyy-mm-dd hh24:mi:ss'),to_date('2021-11-09 18:00:00','yyyy-mm-dd hh24:mi:ss'));
insert into tblAttendence(Attendence_Seq,absence_type,Attendence_Date,Sugang_Seq,GoTowork,offWork) 
                   values(480,'정상','2021-11-10',6,to_date('2021-11-10 09:00:00','yyyy-mm-dd hh24:mi:ss'),to_date('2021-11-10 18:00:00','yyyy-mm-dd hh24:mi:ss'));
insert into tblAttendence(Attendence_Seq,absence_type,Attendence_Date,Sugang_Seq,GoTowork,offWork) 
                   values(481,'정상','2021-11-11',6,to_date('2021-11-11 09:00:00','yyyy-mm-dd hh24:mi:ss'),to_date('2021-11-11 18:00:00','yyyy-mm-dd hh24:mi:ss'));
insert into tblAttendence(Attendence_Seq,absence_type,Attendence_Date,Sugang_Seq,GoTowork,offWork) 
                   values(482,'정상','2021-11-12',6,to_date('2021-11-12 09:00:00','yyyy-mm-dd hh24:mi:ss'),to_date('2021-11-12 18:00:00','yyyy-mm-dd hh24:mi:ss'));
insert into tblAttendence(Attendence_Seq,absence_type,Attendence_Date,Sugang_Seq,GoTowork,offWork) 
                   values(483,'정상','2021-11-15',6,to_date('2021-11-15 09:00:00','yyyy-mm-dd hh24:mi:ss'),to_date('2021-11-15 18:00:00','yyyy-mm-dd hh24:mi:ss'));
insert into tblAttendence(Attendence_Seq,absence_type,Attendence_Date,Sugang_Seq,GoTowork,offWork) 
                   values(484,'정상','2021-11-16',6,to_date('2021-11-16 09:00:00','yyyy-mm-dd hh24:mi:ss'),to_date('2021-11-16 18:00:00','yyyy-mm-dd hh24:mi:ss'));
insert into tblAttendence(Attendence_Seq,absence_type,Attendence_Date,Sugang_Seq,GoTowork,offWork) 
                   values(485,'정상','2021-11-17',6,to_date('2021-11-17 09:00:00','yyyy-mm-dd hh24:mi:ss'),to_date('2021-11-17 18:00:00','yyyy-mm-dd hh24:mi:ss'));
insert into tblAttendence(Attendence_Seq,absence_type,Attendence_Date,Sugang_Seq,GoTowork,offWork) 
                   values(486,'정상','2021-11-18',6,to_date('2021-11-18 09:00:00','yyyy-mm-dd hh24:mi:ss'),to_date('2021-11-18 18:00:00','yyyy-mm-dd hh24:mi:ss'));
insert into tblAttendence(Attendence_Seq,absence_type,Attendence_Date,Sugang_Seq,GoTowork,offWork) 
                   values(487,'정상','2021-11-19',6,to_date('2021-11-19 09:00:00','yyyy-mm-dd hh24:mi:ss'),to_date('2021-11-19 18:00:00','yyyy-mm-dd hh24:mi:ss'));
insert into tblAttendence(Attendence_Seq,absence_type,Attendence_Date,Sugang_Seq,GoTowork,offWork) 
                   values(488,'정상','2021-11-22',6,to_date('2021-11-22 09:00:00','yyyy-mm-dd hh24:mi:ss'),to_date('2021-11-22 18:00:00','yyyy-mm-dd hh24:mi:ss'));
insert into tblAttendence(Attendence_Seq,absence_type,Attendence_Date,Sugang_Seq,GoTowork,offWork) 
                   values(489,'정상','2021-11-23',6,to_date('2021-11-23 09:00:00','yyyy-mm-dd hh24:mi:ss'),to_date('2021-11-23 18:00:00','yyyy-mm-dd hh24:mi:ss'));
insert into tblAttendence(Attendence_Seq,absence_type,Attendence_Date,Sugang_Seq,GoTowork,offWork) 
                   values(490,'정상','2021-11-24',6,to_date('2021-11-24 09:00:00','yyyy-mm-dd hh24:mi:ss'),to_date('2021-11-24 18:00:00','yyyy-mm-dd hh24:mi:ss'));
insert into tblAttendence(Attendence_Seq,absence_type,Attendence_Date,Sugang_Seq,GoTowork,offWork) 
                   values(491,'정상','2021-11-25',6,to_date('2021-11-25 09:00:00','yyyy-mm-dd hh24:mi:ss'),to_date('2021-11-25 18:00:00','yyyy-mm-dd hh24:mi:ss'));
insert into tblAttendence(Attendence_Seq,absence_type,Attendence_Date,Sugang_Seq,GoTowork,offWork) 
                   values(492,'정상','2021-11-26',6,to_date('2021-11-26 09:00:00','yyyy-mm-dd hh24:mi:ss'),to_date('2021-11-26 18:00:00','yyyy-mm-dd hh24:mi:ss'));
insert into tblAttendence(Attendence_Seq,absence_type,Attendence_Date,Sugang_Seq,GoTowork,offWork) 
                   values(493,'정상','2021-11-29',6,to_date('2021-11-29 09:00:00','yyyy-mm-dd hh24:mi:ss'),to_date('2021-11-29 18:00:00','yyyy-mm-dd hh24:mi:ss'));
insert into tblAttendence(Attendence_Seq,absence_type,Attendence_Date,Sugang_Seq,GoTowork,offWork) 
                   values(494,'정상','2021-11-30',6,to_date('2021-11-30 09:00:00','yyyy-mm-dd hh24:mi:ss'),to_date('2021-11-30 18:00:00','yyyy-mm-dd hh24:mi:ss'));
insert into tblAttendence(Attendence_Seq,absence_type,Attendence_Date,Sugang_Seq,GoTowork,offWork) 
                   values(495,'정상','2021-12-01',6,to_date('2021-12-01 09:00:00','yyyy-mm-dd hh24:mi:ss'),to_date('2021-12-01 18:00:00','yyyy-mm-dd hh24:mi:ss'));
insert into tblAttendence(Attendence_Seq,absence_type,Attendence_Date,Sugang_Seq,GoTowork,offWork) 
                   values(496,'정상','2021-12-02',6,to_date('2021-12-02 09:00:00','yyyy-mm-dd hh24:mi:ss'),to_date('2021-12-02 18:00:00','yyyy-mm-dd hh24:mi:ss'));
insert into tblAttendence(Attendence_Seq,absence_type,Attendence_Date,Sugang_Seq,GoTowork,offWork) 
                   values(497,'정상','2021-12-03',6,to_date('2021-12-03 09:00:00','yyyy-mm-dd hh24:mi:ss'),to_date('2021-12-03 18:00:00','yyyy-mm-dd hh24:mi:ss'));
insert into tblAttendence(Attendence_Seq,absence_type,Attendence_Date,Sugang_Seq,GoTowork,offWork) 
                   values(498,'정상','2021-12-06',6,to_date('2021-12-06 09:00:00','yyyy-mm-dd hh24:mi:ss'),to_date('2021-12-06 18:00:00','yyyy-mm-dd hh24:mi:ss'));

commit;
  

--TestScore

--testScore 더미
Insert into TBLTESTSCORE (TESTSCORE_SEQ,SCORE,TESTDATE,SUGANG_SEQ,TEST_SEQ) values (1,43,to_date('21/01/29','YYYY/MM/DD'),66,13);
Insert into TBLTESTSCORE (TESTSCORE_SEQ,SCORE,TESTDATE,SUGANG_SEQ,TEST_SEQ) values (2,100,to_date('21/01/30','YYYY/MM/DD'),38,77);
Insert into TBLTESTSCORE (TESTSCORE_SEQ,SCORE,TESTDATE,SUGANG_SEQ,TEST_SEQ) values (3,96,to_date('21/01/31','YYYY/MM/DD'),91,22);
Insert into TBLTESTSCORE (TESTSCORE_SEQ,SCORE,TESTDATE,SUGANG_SEQ,TEST_SEQ) values (4,18,to_date('21/02/01','YYYY/MM/DD'),86,26);
Insert into TBLTESTSCORE (TESTSCORE_SEQ,SCORE,TESTDATE,SUGANG_SEQ,TEST_SEQ) values (5,65,to_date('21/02/02','YYYY/MM/DD'),92,10);
Insert into TBLTESTSCORE (TESTSCORE_SEQ,SCORE,TESTDATE,SUGANG_SEQ,TEST_SEQ) values (6,77,to_date('21/02/03','YYYY/MM/DD'),39,21);
Insert into TBLTESTSCORE (TESTSCORE_SEQ,SCORE,TESTDATE,SUGANG_SEQ,TEST_SEQ) values (8,80,to_date('21/02/05','YYYY/MM/DD'),46,7);
Insert into TBLTESTSCORE (TESTSCORE_SEQ,SCORE,TESTDATE,SUGANG_SEQ,TEST_SEQ) values (9,42,to_date('21/02/06','YYYY/MM/DD'),37,19);
Insert into TBLTESTSCORE (TESTSCORE_SEQ,SCORE,TESTDATE,SUGANG_SEQ,TEST_SEQ) values (10,9,to_date('21/02/07','YYYY/MM/DD'),8,100);
Insert into TBLTESTSCORE (TESTSCORE_SEQ,SCORE,TESTDATE,SUGANG_SEQ,TEST_SEQ) values (11,53,to_date('21/02/08','YYYY/MM/DD'),59,66);
Insert into TBLTESTSCORE (TESTSCORE_SEQ,SCORE,TESTDATE,SUGANG_SEQ,TEST_SEQ) values (12,18,to_date('21/02/09','YYYY/MM/DD'),23,20);
Insert into TBLTESTSCORE (TESTSCORE_SEQ,SCORE,TESTDATE,SUGANG_SEQ,TEST_SEQ) values (13,53,to_date('21/02/10','YYYY/MM/DD'),22,87);
Insert into TBLTESTSCORE (TESTSCORE_SEQ,SCORE,TESTDATE,SUGANG_SEQ,TEST_SEQ) values (14,25,to_date('21/02/11','YYYY/MM/DD'),19,68);
Insert into TBLTESTSCORE (TESTSCORE_SEQ,SCORE,TESTDATE,SUGANG_SEQ,TEST_SEQ) values (16,37,to_date('21/02/04','YYYY/MM/DD'),10,26);
Insert into TBLTESTSCORE (TESTSCORE_SEQ,SCORE,TESTDATE,SUGANG_SEQ,TEST_SEQ) values (17,82,to_date('21/02/05','YYYY/MM/DD'),77,15);
Insert into TBLTESTSCORE (TESTSCORE_SEQ,SCORE,TESTDATE,SUGANG_SEQ,TEST_SEQ) values (18,80,to_date('21/02/06','YYYY/MM/DD'),29,92);
Insert into TBLTESTSCORE (TESTSCORE_SEQ,SCORE,TESTDATE,SUGANG_SEQ,TEST_SEQ) values (19,7,to_date('21/02/07','YYYY/MM/DD'),54,34);
Insert into TBLTESTSCORE (TESTSCORE_SEQ,SCORE,TESTDATE,SUGANG_SEQ,TEST_SEQ) values (20,86,to_date('21/02/08','YYYY/MM/DD'),99,36);
Insert into TBLTESTSCORE (TESTSCORE_SEQ,SCORE,TESTDATE,SUGANG_SEQ,TEST_SEQ) values (21,73,to_date('21/02/09','YYYY/MM/DD'),99,16);
Insert into TBLTESTSCORE (TESTSCORE_SEQ,SCORE,TESTDATE,SUGANG_SEQ,TEST_SEQ) values (22,36,to_date('21/02/10','YYYY/MM/DD'),20,71);
Insert into TBLTESTSCORE (TESTSCORE_SEQ,SCORE,TESTDATE,SUGANG_SEQ,TEST_SEQ) values (23,94,to_date('21/02/11','YYYY/MM/DD'),86,66);
Insert into TBLTESTSCORE (TESTSCORE_SEQ,SCORE,TESTDATE,SUGANG_SEQ,TEST_SEQ) values (24,63,to_date('21/02/12','YYYY/MM/DD'),20,75);
Insert into TBLTESTSCORE (TESTSCORE_SEQ,SCORE,TESTDATE,SUGANG_SEQ,TEST_SEQ) values (25,35,to_date('21/02/04','YYYY/MM/DD'),72,44);
Insert into TBLTESTSCORE (TESTSCORE_SEQ,SCORE,TESTDATE,SUGANG_SEQ,TEST_SEQ) values (26,69,to_date('21/02/09','YYYY/MM/DD'),19,60);
Insert into TBLTESTSCORE (TESTSCORE_SEQ,SCORE,TESTDATE,SUGANG_SEQ,TEST_SEQ) values (27,21,to_date('21/02/10','YYYY/MM/DD'),20,96);
Insert into TBLTESTSCORE (TESTSCORE_SEQ,SCORE,TESTDATE,SUGANG_SEQ,TEST_SEQ) values (28,58,to_date('21/02/11','YYYY/MM/DD'),31,18);
Insert into TBLTESTSCORE (TESTSCORE_SEQ,SCORE,TESTDATE,SUGANG_SEQ,TEST_SEQ) values (29,51,to_date('21/02/12','YYYY/MM/DD'),74,53);
Insert into TBLTESTSCORE (TESTSCORE_SEQ,SCORE,TESTDATE,SUGANG_SEQ,TEST_SEQ) values (30,34,to_date('21/02/04','YYYY/MM/DD'),77,25);
Insert into TBLTESTSCORE (TESTSCORE_SEQ,SCORE,TESTDATE,SUGANG_SEQ,TEST_SEQ) values (31,13,to_date('21/02/09','YYYY/MM/DD'),66,57);
Insert into TBLTESTSCORE (TESTSCORE_SEQ,SCORE,TESTDATE,SUGANG_SEQ,TEST_SEQ) values (32,60,to_date('21/02/10','YYYY/MM/DD'),21,32);
Insert into TBLTESTSCORE (TESTSCORE_SEQ,SCORE,TESTDATE,SUGANG_SEQ,TEST_SEQ) values (33,18,to_date('21/02/11','YYYY/MM/DD'),49,6);
Insert into TBLTESTSCORE (TESTSCORE_SEQ,SCORE,TESTDATE,SUGANG_SEQ,TEST_SEQ) values (34,27,to_date('21/02/12','YYYY/MM/DD'),73,34);
Insert into TBLTESTSCORE (TESTSCORE_SEQ,SCORE,TESTDATE,SUGANG_SEQ,TEST_SEQ) values (35,20,to_date('21/02/04','YYYY/MM/DD'),44,20);
Insert into TBLTESTSCORE (TESTSCORE_SEQ,SCORE,TESTDATE,SUGANG_SEQ,TEST_SEQ) values (36,62,to_date('21/02/08','YYYY/MM/DD'),17,17);
Insert into TBLTESTSCORE (TESTSCORE_SEQ,SCORE,TESTDATE,SUGANG_SEQ,TEST_SEQ) values (37,66,to_date('21/02/09','YYYY/MM/DD'),74,77);
Insert into TBLTESTSCORE (TESTSCORE_SEQ,SCORE,TESTDATE,SUGANG_SEQ,TEST_SEQ) values (38,96,to_date('21/02/10','YYYY/MM/DD'),67,42);
Insert into TBLTESTSCORE (TESTSCORE_SEQ,SCORE,TESTDATE,SUGANG_SEQ,TEST_SEQ) values (39,97,to_date('21/02/11','YYYY/MM/DD'),94,77);
Insert into TBLTESTSCORE (TESTSCORE_SEQ,SCORE,TESTDATE,SUGANG_SEQ,TEST_SEQ) values (40,1,to_date('21/02/12','YYYY/MM/DD'),50,57);
Insert into TBLTESTSCORE (TESTSCORE_SEQ,SCORE,TESTDATE,SUGANG_SEQ,TEST_SEQ) values (41,15,to_date('21/02/04','YYYY/MM/DD'),40,15);
Insert into TBLTESTSCORE (TESTSCORE_SEQ,SCORE,TESTDATE,SUGANG_SEQ,TEST_SEQ) values (42,68,to_date('21/02/09','YYYY/MM/DD'),59,57);
Insert into TBLTESTSCORE (TESTSCORE_SEQ,SCORE,TESTDATE,SUGANG_SEQ,TEST_SEQ) values (43,36,to_date('21/02/10','YYYY/MM/DD'),87,91);
Insert into TBLTESTSCORE (TESTSCORE_SEQ,SCORE,TESTDATE,SUGANG_SEQ,TEST_SEQ) values (44,65,to_date('21/02/11','YYYY/MM/DD'),81,52);
Insert into TBLTESTSCORE (TESTSCORE_SEQ,SCORE,TESTDATE,SUGANG_SEQ,TEST_SEQ) values (46,76,to_date('21/02/04','YYYY/MM/DD'),35,92);
Insert into TBLTESTSCORE (TESTSCORE_SEQ,SCORE,TESTDATE,SUGANG_SEQ,TEST_SEQ) values (47,39,to_date('21/02/08','YYYY/MM/DD'),30,9);
Insert into TBLTESTSCORE (TESTSCORE_SEQ,SCORE,TESTDATE,SUGANG_SEQ,TEST_SEQ) values (48,15,to_date('21/02/09','YYYY/MM/DD'),41,44);
Insert into TBLTESTSCORE (TESTSCORE_SEQ,SCORE,TESTDATE,SUGANG_SEQ,TEST_SEQ) values (49,81,to_date('21/02/10','YYYY/MM/DD'),7,10);
Insert into TBLTESTSCORE (TESTSCORE_SEQ,SCORE,TESTDATE,SUGANG_SEQ,TEST_SEQ) values (50,87,to_date('21/02/11','YYYY/MM/DD'),96,48);
Insert into TBLTESTSCORE (TESTSCORE_SEQ,SCORE,TESTDATE,SUGANG_SEQ,TEST_SEQ) values (51,19,to_date('21/02/12','YYYY/MM/DD'),85,53);
Insert into TBLTESTSCORE (TESTSCORE_SEQ,SCORE,TESTDATE,SUGANG_SEQ,TEST_SEQ) values (52,77,to_date('21/02/04','YYYY/MM/DD'),14,89);
Insert into TBLTESTSCORE (TESTSCORE_SEQ,SCORE,TESTDATE,SUGANG_SEQ,TEST_SEQ) values (54,66,to_date('21/02/10','YYYY/MM/DD'),78,26);
Insert into TBLTESTSCORE (TESTSCORE_SEQ,SCORE,TESTDATE,SUGANG_SEQ,TEST_SEQ) values (55,14,to_date('21/02/11','YYYY/MM/DD'),89,44);
Insert into TBLTESTSCORE (TESTSCORE_SEQ,SCORE,TESTDATE,SUGANG_SEQ,TEST_SEQ) values (56,67,to_date('21/02/12','YYYY/MM/DD'),48,97);
Insert into TBLTESTSCORE (TESTSCORE_SEQ,SCORE,TESTDATE,SUGANG_SEQ,TEST_SEQ) values (57,6,to_date('21/02/04','YYYY/MM/DD'),18,60);
Insert into TBLTESTSCORE (TESTSCORE_SEQ,SCORE,TESTDATE,SUGANG_SEQ,TEST_SEQ) values (58,37,to_date('21/02/08','YYYY/MM/DD'),33,84);
Insert into TBLTESTSCORE (TESTSCORE_SEQ,SCORE,TESTDATE,SUGANG_SEQ,TEST_SEQ) values (59,44,to_date('21/02/09','YYYY/MM/DD'),20,65);
Insert into TBLTESTSCORE (TESTSCORE_SEQ,SCORE,TESTDATE,SUGANG_SEQ,TEST_SEQ) values (60,44,to_date('21/02/10','YYYY/MM/DD'),27,1);
Insert into TBLTESTSCORE (TESTSCORE_SEQ,SCORE,TESTDATE,SUGANG_SEQ,TEST_SEQ) values (61,59,to_date('21/02/11','YYYY/MM/DD'),12,11);
Insert into TBLTESTSCORE (TESTSCORE_SEQ,SCORE,TESTDATE,SUGANG_SEQ,TEST_SEQ) values (62,18,to_date('21/02/12','YYYY/MM/DD'),29,13);
Insert into TBLTESTSCORE (TESTSCORE_SEQ,SCORE,TESTDATE,SUGANG_SEQ,TEST_SEQ) values (63,59,to_date('21/02/04','YYYY/MM/DD'),83,40);
Insert into TBLTESTSCORE (TESTSCORE_SEQ,SCORE,TESTDATE,SUGANG_SEQ,TEST_SEQ) values (64,81,to_date('21/02/09','YYYY/MM/DD'),53,85);
Insert into TBLTESTSCORE (TESTSCORE_SEQ,SCORE,TESTDATE,SUGANG_SEQ,TEST_SEQ) values (65,18,to_date('21/02/10','YYYY/MM/DD'),29,94);
Insert into TBLTESTSCORE (TESTSCORE_SEQ,SCORE,TESTDATE,SUGANG_SEQ,TEST_SEQ) values (66,56,to_date('21/02/11','YYYY/MM/DD'),91,61);
Insert into TBLTESTSCORE (TESTSCORE_SEQ,SCORE,TESTDATE,SUGANG_SEQ,TEST_SEQ) values (67,74,to_date('21/02/12','YYYY/MM/DD'),22,61);
Insert into TBLTESTSCORE (TESTSCORE_SEQ,SCORE,TESTDATE,SUGANG_SEQ,TEST_SEQ) values (68,98,to_date('21/02/04','YYYY/MM/DD'),98,64);
Insert into TBLTESTSCORE (TESTSCORE_SEQ,SCORE,TESTDATE,SUGANG_SEQ,TEST_SEQ) values (69,47,to_date('21/02/08','YYYY/MM/DD'),94,99);
Insert into TBLTESTSCORE (TESTSCORE_SEQ,SCORE,TESTDATE,SUGANG_SEQ,TEST_SEQ) values (70,26,to_date('21/02/09','YYYY/MM/DD'),28,64);
Insert into TBLTESTSCORE (TESTSCORE_SEQ,SCORE,TESTDATE,SUGANG_SEQ,TEST_SEQ) values (71,48,to_date('21/02/10','YYYY/MM/DD'),22,68);
Insert into TBLTESTSCORE (TESTSCORE_SEQ,SCORE,TESTDATE,SUGANG_SEQ,TEST_SEQ) values (72,89,to_date('21/02/11','YYYY/MM/DD'),23,58);
Insert into TBLTESTSCORE (TESTSCORE_SEQ,SCORE,TESTDATE,SUGANG_SEQ,TEST_SEQ) values (73,52,to_date('21/02/12','YYYY/MM/DD'),25,40);
Insert into TBLTESTSCORE (TESTSCORE_SEQ,SCORE,TESTDATE,SUGANG_SEQ,TEST_SEQ) values (74,87,to_date('21/02/04','YYYY/MM/DD'),44,17);
Insert into TBLTESTSCORE (TESTSCORE_SEQ,SCORE,TESTDATE,SUGANG_SEQ,TEST_SEQ) values (75,36,to_date('21/01/15','YYYY/MM/DD'),71,53);
Insert into TBLTESTSCORE (TESTSCORE_SEQ,SCORE,TESTDATE,SUGANG_SEQ,TEST_SEQ) values (76,50,to_date('21/02/09','YYYY/MM/DD'),90,95);
Insert into TBLTESTSCORE (TESTSCORE_SEQ,SCORE,TESTDATE,SUGANG_SEQ,TEST_SEQ) values (77,95,to_date('21/02/10','YYYY/MM/DD'),95,63);
Insert into TBLTESTSCORE (TESTSCORE_SEQ,SCORE,TESTDATE,SUGANG_SEQ,TEST_SEQ) values (78,32,to_date('21/02/11','YYYY/MM/DD'),48,61);
Insert into TBLTESTSCORE (TESTSCORE_SEQ,SCORE,TESTDATE,SUGANG_SEQ,TEST_SEQ) values (79,20,to_date('21/02/12','YYYY/MM/DD'),66,54);
Insert into TBLTESTSCORE (TESTSCORE_SEQ,SCORE,TESTDATE,SUGANG_SEQ,TEST_SEQ) values (80,95,to_date('21/02/04','YYYY/MM/DD'),14,29);
Insert into TBLTESTSCORE (TESTSCORE_SEQ,SCORE,TESTDATE,SUGANG_SEQ,TEST_SEQ) values (81,10,to_date('21/02/08','YYYY/MM/DD'),28,58);
Insert into TBLTESTSCORE (TESTSCORE_SEQ,SCORE,TESTDATE,SUGANG_SEQ,TEST_SEQ) values (82,31,to_date('21/02/09','YYYY/MM/DD'),60,36);
Insert into TBLTESTSCORE (TESTSCORE_SEQ,SCORE,TESTDATE,SUGANG_SEQ,TEST_SEQ) values (83,4,to_date('21/02/10','YYYY/MM/DD'),94,21);
Insert into TBLTESTSCORE (TESTSCORE_SEQ,SCORE,TESTDATE,SUGANG_SEQ,TEST_SEQ) values (84,35,to_date('21/02/11','YYYY/MM/DD'),55,39);
Insert into TBLTESTSCORE (TESTSCORE_SEQ,SCORE,TESTDATE,SUGANG_SEQ,TEST_SEQ) values (85,61,to_date('21/02/12','YYYY/MM/DD'),25,31);
Insert into TBLTESTSCORE (TESTSCORE_SEQ,SCORE,TESTDATE,SUGANG_SEQ,TEST_SEQ) values (86,93,to_date('21/02/04','YYYY/MM/DD'),21,98);
Insert into TBLTESTSCORE (TESTSCORE_SEQ,SCORE,TESTDATE,SUGANG_SEQ,TEST_SEQ) values (87,88,to_date('21/02/10','YYYY/MM/DD'),22,18);
Insert into TBLTESTSCORE (TESTSCORE_SEQ,SCORE,TESTDATE,SUGANG_SEQ,TEST_SEQ) values (88,87,to_date('21/02/11','YYYY/MM/DD'),62,59);
Insert into TBLTESTSCORE (TESTSCORE_SEQ,SCORE,TESTDATE,SUGANG_SEQ,TEST_SEQ) values (89,98,to_date('21/02/12','YYYY/MM/DD'),63,3);
Insert into TBLTESTSCORE (TESTSCORE_SEQ,SCORE,TESTDATE,SUGANG_SEQ,TEST_SEQ) values (90,43,to_date('21/02/04','YYYY/MM/DD'),12,73);
Insert into TBLTESTSCORE (TESTSCORE_SEQ,SCORE,TESTDATE,SUGANG_SEQ,TEST_SEQ) values (91,33,to_date('21/01/15','YYYY/MM/DD'),79,77);
Insert into TBLTESTSCORE (TESTSCORE_SEQ,SCORE,TESTDATE,SUGANG_SEQ,TEST_SEQ) values (92,56,to_date('21/02/09','YYYY/MM/DD'),65,59);
Insert into TBLTESTSCORE (TESTSCORE_SEQ,SCORE,TESTDATE,SUGANG_SEQ,TEST_SEQ) values (93,28,to_date('21/02/10','YYYY/MM/DD'),26,85);
Insert into TBLTESTSCORE (TESTSCORE_SEQ,SCORE,TESTDATE,SUGANG_SEQ,TEST_SEQ) values (94,52,to_date('21/02/11','YYYY/MM/DD'),85,98);
Insert into TBLTESTSCORE (TESTSCORE_SEQ,SCORE,TESTDATE,SUGANG_SEQ,TEST_SEQ) values (95,43,to_date('21/02/12','YYYY/MM/DD'),38,62);
Insert into TBLTESTSCORE (TESTSCORE_SEQ,SCORE,TESTDATE,SUGANG_SEQ,TEST_SEQ) values (96,53,to_date('21/02/04','YYYY/MM/DD'),95,90);
Insert into TBLTESTSCORE (TESTSCORE_SEQ,SCORE,TESTDATE,SUGANG_SEQ,TEST_SEQ) values (97,16,to_date('21/02/10','YYYY/MM/DD'),62,55);
Insert into TBLTESTSCORE (TESTSCORE_SEQ,SCORE,TESTDATE,SUGANG_SEQ,TEST_SEQ) values (98,36,to_date('21/02/11','YYYY/MM/DD'),36,52);
Insert into TBLTESTSCORE (TESTSCORE_SEQ,SCORE,TESTDATE,SUGANG_SEQ,TEST_SEQ) values (99,70,to_date('21/02/12','YYYY/MM/DD'),58,1);
Insert into TBLTESTSCORE (TESTSCORE_SEQ,SCORE,TESTDATE,SUGANG_SEQ,TEST_SEQ) values (100,81,to_date('21/02/04','YYYY/MM/DD'),31,89);

--실제데이터
INSERT INTO TBLTESTSCORE (TESTSCORE_SEQ, SCORE, TESTDATE, SUGANG_SEQ,Test_Seq) VALUES (101,28,to_date('2021-11-05', 'YYYY-MM-DD'),1,101);
INSERT INTO TBLTESTSCORE (TESTSCORE_SEQ, SCORE, TESTDATE, SUGANG_SEQ,Test_Seq) VALUES (102,44,to_date('2021-11-05', 'YYYY-MM-DD'),2,101);
INSERT INTO TBLTESTSCORE (TESTSCORE_SEQ, SCORE, TESTDATE, SUGANG_SEQ,Test_Seq) VALUES (103,43,to_date('2021-11-05', 'YYYY-MM-DD'),3,101);
INSERT INTO TBLTESTSCORE (TESTSCORE_SEQ, SCORE, TESTDATE, SUGANG_SEQ,Test_Seq) VALUES (104,53,to_date('2021-11-05', 'YYYY-MM-DD'),4,101);
INSERT INTO TBLTESTSCORE (TESTSCORE_SEQ, SCORE, TESTDATE, SUGANG_SEQ,Test_Seq) VALUES (105,16,to_date('2021-11-05', 'YYYY-MM-DD'),5,101);
INSERT INTO TBLTESTSCORE (TESTSCORE_SEQ, SCORE, TESTDATE, SUGANG_SEQ,Test_Seq) VALUES (106,36,to_date('2021-11-05', 'YYYY-MM-DD'),6,101);

INSERT INTO TBLTESTSCORE (TESTSCORE_SEQ, SCORE, TESTDATE, SUGANG_SEQ,Test_Seq) VALUES (107,78,to_date('2021-11-05', 'YYYY-MM-DD'),1,102);
INSERT INTO TBLTESTSCORE (TESTSCORE_SEQ, SCORE, TESTDATE, SUGANG_SEQ,Test_Seq) VALUES (108,64,to_date('2021-11-05', 'YYYY-MM-DD'),2,102);
INSERT INTO TBLTESTSCORE (TESTSCORE_SEQ, SCORE, TESTDATE, SUGANG_SEQ,Test_Seq) VALUES (109,53,to_date('2021-11-05', 'YYYY-MM-DD'),3,102);
INSERT INTO TBLTESTSCORE (TESTSCORE_SEQ, SCORE, TESTDATE, SUGANG_SEQ,Test_Seq) VALUES (110,53,to_date('2021-11-05', 'YYYY-MM-DD'),4,102);
INSERT INTO TBLTESTSCORE (TESTSCORE_SEQ, SCORE, TESTDATE, SUGANG_SEQ,Test_Seq) VALUES (111,76,to_date('2021-11-05', 'YYYY-MM-DD'),5,102);
INSERT INTO TBLTESTSCORE (TESTSCORE_SEQ, SCORE, TESTDATE, SUGANG_SEQ,Test_Seq) VALUES (112,86,to_date('2021-11-05', 'YYYY-MM-DD'),6,102);


INSERT INTO TBLTESTSCORE (TESTSCORE_SEQ, SCORE, TESTDATE, SUGANG_SEQ,Test_Seq) VALUES (113,28,to_date('2021-12-21', 'YYYY-MM-DD'),1,103);
INSERT INTO TBLTESTSCORE (TESTSCORE_SEQ, SCORE, TESTDATE, SUGANG_SEQ,Test_Seq) VALUES (114,47,to_date('2021-12-21', 'YYYY-MM-DD'),2,103);
INSERT INTO TBLTESTSCORE (TESTSCORE_SEQ, SCORE, TESTDATE, SUGANG_SEQ,Test_Seq) VALUES (115,38,to_date('2021-12-21', 'YYYY-MM-DD'),3,103);
INSERT INTO TBLTESTSCORE (TESTSCORE_SEQ, SCORE, TESTDATE, SUGANG_SEQ,Test_Seq) VALUES (116,34,to_date('2021-12-21', 'YYYY-MM-DD'),4,103);
INSERT INTO TBLTESTSCORE (TESTSCORE_SEQ, SCORE, TESTDATE, SUGANG_SEQ,Test_Seq) VALUES (117,62,to_date('2021-12-21', 'YYYY-MM-DD'),5,103);
INSERT INTO TBLTESTSCORE (TESTSCORE_SEQ, SCORE, TESTDATE, SUGANG_SEQ,Test_Seq) VALUES (118,67,to_date('2021-12-21', 'YYYY-MM-DD'),6,103);

INSERT INTO TBLTESTSCORE (TESTSCORE_SEQ, SCORE, TESTDATE, SUGANG_SEQ,Test_Seq) VALUES (119,78,to_date('2021-12-21', 'YYYY-MM-DD'),1,104);
INSERT INTO TBLTESTSCORE (TESTSCORE_SEQ, SCORE, TESTDATE, SUGANG_SEQ,Test_Seq) VALUES (120,94,to_date('2021-12-21', 'YYYY-MM-DD'),2,104);
INSERT INTO TBLTESTSCORE (TESTSCORE_SEQ, SCORE, TESTDATE, SUGANG_SEQ,Test_Seq) VALUES (121,84,to_date('2021-12-21', 'YYYY-MM-DD'),3,104);
INSERT INTO TBLTESTSCORE (TESTSCORE_SEQ, SCORE, TESTDATE, SUGANG_SEQ,Test_Seq) VALUES (122,83,to_date('2021-12-21', 'YYYY-MM-DD'),4,104);
INSERT INTO TBLTESTSCORE (TESTSCORE_SEQ, SCORE, TESTDATE, SUGANG_SEQ,Test_Seq) VALUES (123,46,to_date('2021-12-21', 'YYYY-MM-DD'),5,104);
INSERT INTO TBLTESTSCORE (TESTSCORE_SEQ, SCORE, TESTDATE, SUGANG_SEQ,Test_Seq) VALUES (124,86,to_date('2021-12-21', 'YYYY-MM-DD'),6,104);


--edu_subsidy?????????????

insert into tblEdu_Subsidy(Edu_Subsidy_Seq, Edu_Subsidy_Date, period, Sugang_Seq ) values(1,29,3,66);
insert into tblEdu_Subsidy(Edu_Subsidy_Seq, Edu_Subsidy_Date, period, Sugang_Seq ) values(2,46,2,53);
insert into tblEdu_Subsidy(Edu_Subsidy_Seq, Edu_Subsidy_Date, period, Sugang_Seq ) values(3,13,1,75);
insert into tblEdu_Subsidy(Edu_Subsidy_Seq, Edu_Subsidy_Date, period, Sugang_Seq ) values(4,39,1,93);
insert into tblEdu_Subsidy(Edu_Subsidy_Seq, Edu_Subsidy_Date, period, Sugang_Seq ) values(5,40,1,89);
insert into tblEdu_Subsidy(Edu_Subsidy_Seq, Edu_Subsidy_Date, period, Sugang_Seq ) values(6,21,2,33);
insert into tblEdu_Subsidy(Edu_Subsidy_Seq, Edu_Subsidy_Date, period, Sugang_Seq ) values(7,59,2,51);
insert into tblEdu_Subsidy(Edu_Subsidy_Seq, Edu_Subsidy_Date, period, Sugang_Seq ) values(8,23,3,52);
insert into tblEdu_Subsidy(Edu_Subsidy_Seq, Edu_Subsidy_Date, period, Sugang_Seq ) values(9,44,3,28);
insert into tblEdu_Subsidy(Edu_Subsidy_Seq, Edu_Subsidy_Date, period, Sugang_Seq ) values(10,23,3,5);
insert into tblEdu_Subsidy(Edu_Subsidy_Seq, Edu_Subsidy_Date, period, Sugang_Seq ) values(11,8,1,91);
insert into tblEdu_Subsidy(Edu_Subsidy_Seq, Edu_Subsidy_Date, period, Sugang_Seq ) values(12,16,2,78);
insert into tblEdu_Subsidy(Edu_Subsidy_Seq, Edu_Subsidy_Date, period, Sugang_Seq ) values(13,14,2,61);
insert into tblEdu_Subsidy(Edu_Subsidy_Seq, Edu_Subsidy_Date, period, Sugang_Seq ) values(14,28,3,42);
insert into tblEdu_Subsidy(Edu_Subsidy_Seq, Edu_Subsidy_Date, period, Sugang_Seq ) values(15,27,2,72);
insert into tblEdu_Subsidy(Edu_Subsidy_Seq, Edu_Subsidy_Date, period, Sugang_Seq ) values(16,32,3,50);
insert into tblEdu_Subsidy(Edu_Subsidy_Seq, Edu_Subsidy_Date, period, Sugang_Seq ) values(17,60,1,22);
insert into tblEdu_Subsidy(Edu_Subsidy_Seq, Edu_Subsidy_Date, period, Sugang_Seq ) values(18,41,1,79);
insert into tblEdu_Subsidy(Edu_Subsidy_Seq, Edu_Subsidy_Date, period, Sugang_Seq ) values(19,8,1,66);
insert into tblEdu_Subsidy(Edu_Subsidy_Seq, Edu_Subsidy_Date, period, Sugang_Seq ) values(20,6,2,79);
insert into tblEdu_Subsidy(Edu_Subsidy_Seq, Edu_Subsidy_Date, period, Sugang_Seq ) values(21,44,3,36);
insert into tblEdu_Subsidy(Edu_Subsidy_Seq, Edu_Subsidy_Date, period, Sugang_Seq ) values(22,19,3,85);
insert into tblEdu_Subsidy(Edu_Subsidy_Seq, Edu_Subsidy_Date, period, Sugang_Seq ) values(23,1,2,23);
insert into tblEdu_Subsidy(Edu_Subsidy_Seq, Edu_Subsidy_Date, period, Sugang_Seq ) values(24,2,3,26);
insert into tblEdu_Subsidy(Edu_Subsidy_Seq, Edu_Subsidy_Date, period, Sugang_Seq ) values(25,35,2,78);
insert into tblEdu_Subsidy(Edu_Subsidy_Seq, Edu_Subsidy_Date, period, Sugang_Seq ) values(26,59,3,81);
insert into tblEdu_Subsidy(Edu_Subsidy_Seq, Edu_Subsidy_Date, period, Sugang_Seq ) values(27,14,3,18);
insert into tblEdu_Subsidy(Edu_Subsidy_Seq, Edu_Subsidy_Date, period, Sugang_Seq ) values(28,20,2,11);
insert into tblEdu_Subsidy(Edu_Subsidy_Seq, Edu_Subsidy_Date, period, Sugang_Seq ) values(29,6,2,62);
insert into tblEdu_Subsidy(Edu_Subsidy_Seq, Edu_Subsidy_Date, period, Sugang_Seq ) values(30,47,2,49);
insert into tblEdu_Subsidy(Edu_Subsidy_Seq, Edu_Subsidy_Date, period, Sugang_Seq ) values(31,11,1,13);
insert into tblEdu_Subsidy(Edu_Subsidy_Seq, Edu_Subsidy_Date, period, Sugang_Seq ) values(32,56,3,49);
insert into tblEdu_Subsidy(Edu_Subsidy_Seq, Edu_Subsidy_Date, period, Sugang_Seq ) values(33,27,3,22);
insert into tblEdu_Subsidy(Edu_Subsidy_Seq, Edu_Subsidy_Date, period, Sugang_Seq ) values(34,7,2,31);
insert into tblEdu_Subsidy(Edu_Subsidy_Seq, Edu_Subsidy_Date, period, Sugang_Seq ) values(35,23,1,46);
insert into tblEdu_Subsidy(Edu_Subsidy_Seq, Edu_Subsidy_Date, period, Sugang_Seq ) values(36,40,3,96);
insert into tblEdu_Subsidy(Edu_Subsidy_Seq, Edu_Subsidy_Date, period, Sugang_Seq ) values(37,34,3,81);
insert into tblEdu_Subsidy(Edu_Subsidy_Seq, Edu_Subsidy_Date, period, Sugang_Seq ) values(38,44,2,19);
insert into tblEdu_Subsidy(Edu_Subsidy_Seq, Edu_Subsidy_Date, period, Sugang_Seq ) values(39,45,1,50);
insert into tblEdu_Subsidy(Edu_Subsidy_Seq, Edu_Subsidy_Date, period, Sugang_Seq ) values(40,6,3,39);
insert into tblEdu_Subsidy(Edu_Subsidy_Seq, Edu_Subsidy_Date, period, Sugang_Seq ) values(41,3,3,56);
insert into tblEdu_Subsidy(Edu_Subsidy_Seq, Edu_Subsidy_Date, period, Sugang_Seq ) values(42,18,3,76);
insert into tblEdu_Subsidy(Edu_Subsidy_Seq, Edu_Subsidy_Date, period, Sugang_Seq ) values(43,3,1,46);
insert into tblEdu_Subsidy(Edu_Subsidy_Seq, Edu_Subsidy_Date, period, Sugang_Seq ) values(44,49,3,68);
insert into tblEdu_Subsidy(Edu_Subsidy_Seq, Edu_Subsidy_Date, period, Sugang_Seq ) values(45,1,3,12);
insert into tblEdu_Subsidy(Edu_Subsidy_Seq, Edu_Subsidy_Date, period, Sugang_Seq ) values(46,24,2,72);
insert into tblEdu_Subsidy(Edu_Subsidy_Seq, Edu_Subsidy_Date, period, Sugang_Seq ) values(47,3,3,56);
insert into tblEdu_Subsidy(Edu_Subsidy_Seq, Edu_Subsidy_Date, period, Sugang_Seq ) values(48,35,1,60);
insert into tblEdu_Subsidy(Edu_Subsidy_Seq, Edu_Subsidy_Date, period, Sugang_Seq ) values(49,37,1,33);
insert into tblEdu_Subsidy(Edu_Subsidy_Seq, Edu_Subsidy_Date, period, Sugang_Seq ) values(50,34,3,65);
insert into tblEdu_Subsidy(Edu_Subsidy_Seq, Edu_Subsidy_Date, period, Sugang_Seq ) values(51,10,1,20);
insert into tblEdu_Subsidy(Edu_Subsidy_Seq, Edu_Subsidy_Date, period, Sugang_Seq ) values(52,53,2,24);
insert into tblEdu_Subsidy(Edu_Subsidy_Seq, Edu_Subsidy_Date, period, Sugang_Seq ) values(53,12,2,77);
insert into tblEdu_Subsidy(Edu_Subsidy_Seq, Edu_Subsidy_Date, period, Sugang_Seq ) values(54,19,2,44);
insert into tblEdu_Subsidy(Edu_Subsidy_Seq, Edu_Subsidy_Date, period, Sugang_Seq ) values(55,16,3,77);
insert into tblEdu_Subsidy(Edu_Subsidy_Seq, Edu_Subsidy_Date, period, Sugang_Seq ) values(56,18,3,29);
insert into tblEdu_Subsidy(Edu_Subsidy_Seq, Edu_Subsidy_Date, period, Sugang_Seq ) values(57,55,3,100);
insert into tblEdu_Subsidy(Edu_Subsidy_Seq, Edu_Subsidy_Date, period, Sugang_Seq ) values(58,53,3,36);
insert into tblEdu_Subsidy(Edu_Subsidy_Seq, Edu_Subsidy_Date, period, Sugang_Seq ) values(59,50,3,34);
insert into tblEdu_Subsidy(Edu_Subsidy_Seq, Edu_Subsidy_Date, period, Sugang_Seq ) values(60,26,3,10);
insert into tblEdu_Subsidy(Edu_Subsidy_Seq, Edu_Subsidy_Date, period, Sugang_Seq ) values(61,44,1,15);
insert into tblEdu_Subsidy(Edu_Subsidy_Seq, Edu_Subsidy_Date, period, Sugang_Seq ) values(62,30,1,66);
insert into tblEdu_Subsidy(Edu_Subsidy_Seq, Edu_Subsidy_Date, period, Sugang_Seq ) values(63,48,2,10);
insert into tblEdu_Subsidy(Edu_Subsidy_Seq, Edu_Subsidy_Date, period, Sugang_Seq ) values(64,44,1,42);
insert into tblEdu_Subsidy(Edu_Subsidy_Seq, Edu_Subsidy_Date, period, Sugang_Seq ) values(65,58,3,45);
insert into tblEdu_Subsidy(Edu_Subsidy_Seq, Edu_Subsidy_Date, period, Sugang_Seq ) values(66,42,3,73);
insert into tblEdu_Subsidy(Edu_Subsidy_Seq, Edu_Subsidy_Date, period, Sugang_Seq ) values(67,59,3,86);
insert into tblEdu_Subsidy(Edu_Subsidy_Seq, Edu_Subsidy_Date, period, Sugang_Seq ) values(68,59,1,89);
insert into tblEdu_Subsidy(Edu_Subsidy_Seq, Edu_Subsidy_Date, period, Sugang_Seq ) values(69,6,1,85);
insert into tblEdu_Subsidy(Edu_Subsidy_Seq, Edu_Subsidy_Date, period, Sugang_Seq ) values(70,3,2,57);
insert into tblEdu_Subsidy(Edu_Subsidy_Seq, Edu_Subsidy_Date, period, Sugang_Seq ) values(71,23,3,65);
insert into tblEdu_Subsidy(Edu_Subsidy_Seq, Edu_Subsidy_Date, period, Sugang_Seq ) values(72,15,2,49);
insert into tblEdu_Subsidy(Edu_Subsidy_Seq, Edu_Subsidy_Date, period, Sugang_Seq ) values(73,42,2,54);
insert into tblEdu_Subsidy(Edu_Subsidy_Seq, Edu_Subsidy_Date, period, Sugang_Seq ) values(74,33,3,54);
insert into tblEdu_Subsidy(Edu_Subsidy_Seq, Edu_Subsidy_Date, period, Sugang_Seq ) values(75,15,3,95);
insert into tblEdu_Subsidy(Edu_Subsidy_Seq, Edu_Subsidy_Date, period, Sugang_Seq ) values(76,55,2,59);
insert into tblEdu_Subsidy(Edu_Subsidy_Seq, Edu_Subsidy_Date, period, Sugang_Seq ) values(77,4,1,25);
insert into tblEdu_Subsidy(Edu_Subsidy_Seq, Edu_Subsidy_Date, period, Sugang_Seq ) values(78,23,2,76);
insert into tblEdu_Subsidy(Edu_Subsidy_Seq, Edu_Subsidy_Date, period, Sugang_Seq ) values(79,5,3,2);
insert into tblEdu_Subsidy(Edu_Subsidy_Seq, Edu_Subsidy_Date, period, Sugang_Seq ) values(80,6,2,2);
insert into tblEdu_Subsidy(Edu_Subsidy_Seq, Edu_Subsidy_Date, period, Sugang_Seq ) values(81,44,1,9);
insert into tblEdu_Subsidy(Edu_Subsidy_Seq, Edu_Subsidy_Date, period, Sugang_Seq ) values(82,14,3,93);
insert into tblEdu_Subsidy(Edu_Subsidy_Seq, Edu_Subsidy_Date, period, Sugang_Seq ) values(83,40,2,93);
insert into tblEdu_Subsidy(Edu_Subsidy_Seq, Edu_Subsidy_Date, period, Sugang_Seq ) values(84,28,2,28);
insert into tblEdu_Subsidy(Edu_Subsidy_Seq, Edu_Subsidy_Date, period, Sugang_Seq ) values(85,31,1,90);
insert into tblEdu_Subsidy(Edu_Subsidy_Seq, Edu_Subsidy_Date, period, Sugang_Seq ) values(86,1,1,83);
insert into tblEdu_Subsidy(Edu_Subsidy_Seq, Edu_Subsidy_Date, period, Sugang_Seq ) values(87,9,2,39);
insert into tblEdu_Subsidy(Edu_Subsidy_Seq, Edu_Subsidy_Date, period, Sugang_Seq ) values(88,27,2,4);
insert into tblEdu_Subsidy(Edu_Subsidy_Seq, Edu_Subsidy_Date, period, Sugang_Seq ) values(89,20,3,32);
insert into tblEdu_Subsidy(Edu_Subsidy_Seq, Edu_Subsidy_Date, period, Sugang_Seq ) values(90,13,3,96);
insert into tblEdu_Subsidy(Edu_Subsidy_Seq, Edu_Subsidy_Date, period, Sugang_Seq ) values(91,21,3,49);
insert into tblEdu_Subsidy(Edu_Subsidy_Seq, Edu_Subsidy_Date, period, Sugang_Seq ) values(92,31,1,25);
insert into tblEdu_Subsidy(Edu_Subsidy_Seq, Edu_Subsidy_Date, period, Sugang_Seq ) values(93,16,3,80);
insert into tblEdu_Subsidy(Edu_Subsidy_Seq, Edu_Subsidy_Date, period, Sugang_Seq ) values(94,32,1,96);
insert into tblEdu_Subsidy(Edu_Subsidy_Seq, Edu_Subsidy_Date, period, Sugang_Seq ) values(95,22,1,18);
insert into tblEdu_Subsidy(Edu_Subsidy_Seq, Edu_Subsidy_Date, period, Sugang_Seq ) values(96,18,2,77);
insert into tblEdu_Subsidy(Edu_Subsidy_Seq, Edu_Subsidy_Date, period, Sugang_Seq ) values(97,26,1,33);
insert into tblEdu_Subsidy(Edu_Subsidy_Seq, Edu_Subsidy_Date, period, Sugang_Seq ) values(98,18,1,18);
insert into tblEdu_Subsidy(Edu_Subsidy_Seq, Edu_Subsidy_Date, period, Sugang_Seq ) values(99,46,2,67);
insert into tblEdu_Subsidy(Edu_Subsidy_Seq, Edu_Subsidy_Date, period, Sugang_Seq ) values(100,1,3,57);

insert into tblEdu_Subsidy(Edu_Subsidy_Seq, Edu_Subsidy_Date, period,  Sugang_Seq ) values(101,14,1,1);
insert into tblEdu_Subsidy(Edu_Subsidy_Seq, Edu_Subsidy_Date, period,  Sugang_Seq ) values(102,18,2,1);

insert into tblEdu_Subsidy(Edu_Subsidy_Seq, Edu_Subsidy_Date, period,  Sugang_Seq ) values(103,14,1,2);
insert into tblEdu_Subsidy(Edu_Subsidy_Seq, Edu_Subsidy_Date, period,  Sugang_Seq ) values(104,18,2,2);

insert into tblEdu_Subsidy(Edu_Subsidy_Seq, Edu_Subsidy_Date, period,  Sugang_Seq ) values(105,14,1,3);
insert into tblEdu_Subsidy(Edu_Subsidy_Seq, Edu_Subsidy_Date, period,  Sugang_Seq ) values(106,18,2,3);

insert into tblEdu_Subsidy(Edu_Subsidy_Seq, Edu_Subsidy_Date, period,  Sugang_Seq ) values(107,14,1,4);
insert into tblEdu_Subsidy(Edu_Subsidy_Seq, Edu_Subsidy_Date, period,  Sugang_Seq ) values(108,18,2,4);

insert into tblEdu_Subsidy(Edu_Subsidy_Seq, Edu_Subsidy_Date, period,  Sugang_Seq ) values(109,14,1,5);
insert into tblEdu_Subsidy(Edu_Subsidy_Seq, Edu_Subsidy_Date, period,  Sugang_Seq ) values(110,18,2,5);

insert into tblEdu_Subsidy(Edu_Subsidy_Seq, Edu_Subsidy_Date, period,  Sugang_Seq ) values(111,14,1,6);
insert into tblEdu_Subsidy(Edu_Subsidy_Seq, Edu_Subsidy_Date, period,  Sugang_Seq ) values(112,18,2,6);

select * from tblEdu_Subsidy;
--ProBoard

--proBoard 더미
INSERT INTO TBLPROBOARD (PROBOARD_SEQ, PROJECT_NAME, CONTENT, PERIOD, LIMIT, EMAIL, SUGANG_SEQ) VALUES (1,'자바1','ATM기능',to_date('2022-03-20', 'YYYY-MM-DD'),3,'olz907@naver.com',33);
INSERT INTO TBLPROBOARD (PROBOARD_SEQ, PROJECT_NAME, CONTENT, PERIOD, LIMIT, EMAIL, SUGANG_SEQ) VALUES (2,'자바2','알바수당계산기',to_date('2022-01-18', 'YYYY-MM-DD'),9,'dzy733@gamil.com',12);
INSERT INTO TBLPROBOARD (PROBOARD_SEQ, PROJECT_NAME, CONTENT, PERIOD, LIMIT, EMAIL, SUGANG_SEQ) VALUES (3,'자바3','놀이공원표',to_date('2022-01-09', 'YYYY-MM-DD'),10,'xmx758@naver.com',55);
INSERT INTO TBLPROBOARD (PROBOARD_SEQ, PROJECT_NAME, CONTENT, PERIOD, LIMIT, EMAIL, SUGANG_SEQ) VALUES (4,'자바4','나이계산기',to_date('2022-01-26', 'YYYY-MM-DD'),7,'iqq176@gamil.com',96);
INSERT INTO TBLPROBOARD (PROBOARD_SEQ, PROJECT_NAME, CONTENT, PERIOD, LIMIT, EMAIL, SUGANG_SEQ) VALUES (5,'자바5','D-Day계산기',to_date('2022-02-02', 'YYYY-MM-DD'),6,'yby910@daum.net',95);
INSERT INTO TBLPROBOARD (PROBOARD_SEQ, PROJECT_NAME, CONTENT, PERIOD, LIMIT, EMAIL, SUGANG_SEQ) VALUES (6,'자바6','일정관리',to_date('2022-01-14', 'YYYY-MM-DD'),6,'ssf318@gamil.com',25);
INSERT INTO TBLPROBOARD (PROBOARD_SEQ, PROJECT_NAME, CONTENT, PERIOD, LIMIT, EMAIL, SUGANG_SEQ) VALUES (7,'자바7','스케줄표',to_date('2022-02-02', 'YYYY-MM-DD'),5,'vnn853@daum.net',31);
INSERT INTO TBLPROBOARD (PROBOARD_SEQ, PROJECT_NAME, CONTENT, PERIOD, LIMIT, EMAIL, SUGANG_SEQ) VALUES (8,'자바8','파일 입출력',to_date('2021-12-11', 'YYYY-MM-DD'),7,'gqx318@naver.com',33);
INSERT INTO TBLPROBOARD (PROBOARD_SEQ, PROJECT_NAME, CONTENT, PERIOD, LIMIT, EMAIL, SUGANG_SEQ) VALUES (9,'자바9','파일 덮어쓰기',to_date('2022-03-12', 'YYYY-MM-DD'),9,'kco666@naver.com',17);
INSERT INTO TBLPROBOARD (PROBOARD_SEQ, PROJECT_NAME, CONTENT, PERIOD, LIMIT, EMAIL, SUGANG_SEQ) VALUES (10,'자바10','파일 찾기',to_date('2021-12-04', 'YYYY-MM-DD'),6,'pad304@naver.com',41);
INSERT INTO TBLPROBOARD (PROBOARD_SEQ, PROJECT_NAME, CONTENT, PERIOD, LIMIT, EMAIL, SUGANG_SEQ) VALUES (11,'자바11','근무 수당 계산기',to_date('2022-03-16', 'YYYY-MM-DD'),3,'jwp039@gamil.com',44);
INSERT INTO TBLPROBOARD (PROBOARD_SEQ, PROJECT_NAME, CONTENT, PERIOD, LIMIT, EMAIL, SUGANG_SEQ) VALUES (12,'자바12','월급계산기',to_date('2022-02-25', 'YYYY-MM-DD'),3,'tzj563@gamil.com',86);
INSERT INTO TBLPROBOARD (PROBOARD_SEQ, PROJECT_NAME, CONTENT, PERIOD, LIMIT, EMAIL, SUGANG_SEQ) VALUES (13,'자바13','출퇴근 기록',to_date('2022-03-14', 'YYYY-MM-DD'),9,'ftm405@daum.net',97);
INSERT INTO TBLPROBOARD (PROBOARD_SEQ, PROJECT_NAME, CONTENT, PERIOD, LIMIT, EMAIL, SUGANG_SEQ) VALUES (14,'자바14','학생 관리',to_date('2021-12-17', 'YYYY-MM-DD'),9,'jly338@daum.net',18);
INSERT INTO TBLPROBOARD (PROBOARD_SEQ, PROJECT_NAME, CONTENT, PERIOD, LIMIT, EMAIL, SUGANG_SEQ) VALUES (15,'오라클15','교사 관리',to_date('2022-02-14', 'YYYY-MM-DD'),9,'qno722@naver.com',100);
INSERT INTO TBLPROBOARD (PROBOARD_SEQ, PROJECT_NAME, CONTENT, PERIOD, LIMIT, EMAIL, SUGANG_SEQ) VALUES (16,'오라클','교육생 계정',to_date('2022-02-21', 'YYYY-MM-DD'),8,'lzn006@naver.com',3);
INSERT INTO TBLPROBOARD (PROBOARD_SEQ, PROJECT_NAME, CONTENT, PERIOD, LIMIT, EMAIL, SUGANG_SEQ) VALUES (17,'오라클','데이터 관리',to_date('2022-03-23', 'YYYY-MM-DD'),3,'nxv029@gamil.com',55);
INSERT INTO TBLPROBOARD (PROBOARD_SEQ, PROJECT_NAME, CONTENT, PERIOD, LIMIT, EMAIL, SUGANG_SEQ) VALUES (18,'오라클','데이터 쉽게 관리하기',to_date('2022-02-07', 'YYYY-MM-DD'),3,'xdv558@naver.com',18);
INSERT INTO TBLPROBOARD (PROBOARD_SEQ, PROJECT_NAME, CONTENT, PERIOD, LIMIT, EMAIL, SUGANG_SEQ) VALUES (19,'오라클','데이터 간단하게 출력',to_date('2021-12-13', 'YYYY-MM-DD'),10,'ryi025@gamil.com',36);


INSERT INTO TBLPROBOARD (PROBOARD_SEQ, PROJECT_NAME, CONTENT, PERIOD, LIMIT, EMAIL, SUGANG_SEQ) VALUES (20,'마트매출관리 시스템','마트매출관리 시스템 프로젝트',to_date('2021-09-20', 'YYYY-MM-DD'),5,'uyh907@naver.com',1);
INSERT INTO TBLPROBOARD (PROBOARD_SEQ, PROJECT_NAME, CONTENT, PERIOD, LIMIT, EMAIL, SUGANG_SEQ) VALUES (21,'대학교학사정보 시스템','대학교학사정보 시스템 프로젝트',to_date('2021-09-24', 'YYYY-MM-DD'),5,'uyh907@naver.com',2);
INSERT INTO TBLPROBOARD (PROBOARD_SEQ, PROJECT_NAME, CONTENT, PERIOD, LIMIT, EMAIL, SUGANG_SEQ) VALUES (22,'자바 놀이공원 프로젝트','놀이공원 안내 콘솔 제작',to_date('2021-09-20', 'YYYY-MM-DD'),6,'songjun123@naver.com',3);   
INSERT INTO TBLPROBOARD (PROBOARD_SEQ, PROJECT_NAME, CONTENT, PERIOD, LIMIT, EMAIL, SUGANG_SEQ) VALUES (23,'자바로 하는 건강관리 시스템','운동 및 칼로리 자동 계산',to_date('2021-09-27', 'YYYY-MM-DD'),6,'pullip95@gmail.com',4);
INSERT INTO TBLPROBOARD (PROBOARD_SEQ, PROJECT_NAME, CONTENT, PERIOD, LIMIT, EMAIL, SUGANG_SEQ) VALUES (24,'자바를 이용한 은행 업무 시스템','은행기능을 구현하여 프로그램을 만드는 프로젝트',to_date('2021-09-29', 'YYYY-MM-DD'),5,'uyh907@naver.com',5);
INSERT INTO TBLPROBOARD (PROBOARD_SEQ, PROJECT_NAME, CONTENT, PERIOD, LIMIT, EMAIL, SUGANG_SEQ) VALUES (25,'자바','CMD 로 구현하는 전자제품 판매관리 사이트',to_date('2021-12-24', 'YYYY-MM-DD'),5,'qqq4472@gmail.com',6);

commit;

select * from TBLPROBOARD;

--GisuBoard

insert into tblGisuBoard(GisuBoard_Seq, title, GisuBoard_Date, Sugang_Seq) values(1,'보령시와 태안군 이동시간 대폭 줄어든다','2021-05-15',18);
insert into tblGisuBoard(GisuBoard_Seq, title, GisuBoard_Date, Sugang_Seq) values(2,'코로나19 바이러스 새 변이 오미크론 유럽 중심으로 빠르게 퍼져 ','2021-10-19',13);
insert into tblGisuBoard(GisuBoard_Seq, title, GisuBoard_Date, Sugang_Seq) values(3,'의사봉 두드리는 박광온 위원장 		','2021-01-18',24);
insert into tblGisuBoard(GisuBoard_Seq, title, GisuBoard_Date, Sugang_Seq) values(4,'10세 미만 첫 사망자, 기저질환 확인… 사망원인 미상','2021-02-27',87);
insert into tblGisuBoard(GisuBoard_Seq, title, GisuBoard_Date, Sugang_Seq) values(5,'10세 미만 첫 사망자, 기저질환 확인… 사망원인 미상','2021-04-19',93);
insert into tblGisuBoard(GisuBoard_Seq, title, GisuBoard_Date, Sugang_Seq) values(6,'[속보] 코스피 2.42% 하락한 2,839.01 마감…연중 최저','2021-03-10',27);
insert into tblGisuBoard(GisuBoard_Seq, title, GisuBoard_Date, Sugang_Seq) values(7,'공식개통 하루 앞둔 보령해저터널','2021-12-15',38);
insert into tblGisuBoard(GisuBoard_Seq, title, GisuBoard_Date, Sugang_Seq) values(8,'코로나19 바이러스 새 변이 오미크론 유럽 중심으로 빠르게 퍼져 ','2021-07-14',87);
insert into tblGisuBoard(GisuBoard_Seq, title, GisuBoard_Date, Sugang_Seq) values(9,'[속보]코스피, 2839.01에 마감..연간 최저','2021-01-10',18);
insert into tblGisuBoard(GisuBoard_Seq, title, GisuBoard_Date, Sugang_Seq) values(10,'공식개통 하루 앞둔 보령해저터널','2021-03-26',30);
insert into tblGisuBoard(GisuBoard_Seq, title, GisuBoard_Date, Sugang_Seq) values(11,'보령시와 태안군 이동시간 대폭 줄어든다','2021-06-16',16);
insert into tblGisuBoard(GisuBoard_Seq, title, GisuBoard_Date, Sugang_Seq) values(12,'전북 고창군, 옛도심지역 담장 페인트칠 봉사','2021-10-05',99);
insert into tblGisuBoard(GisuBoard_Seq, title, GisuBoard_Date, Sugang_Seq) values(13,'일본·이스라엘, 외국인 입국 전면 금지','2021-11-02',1);
insert into tblGisuBoard(GisuBoard_Seq, title, GisuBoard_Date, Sugang_Seq) values(14,'[속보]코스피, 2839.01에 마감..연간 최저','2021-11-27',13);
insert into tblGisuBoard(GisuBoard_Seq, title, GisuBoard_Date, Sugang_Seq) values(15,'공식개통 하루 앞둔 보령해저터널','2021-10-10',37);
insert into tblGisuBoard(GisuBoard_Seq, title, GisuBoard_Date, Sugang_Seq) values(16,'[속보]코스피, 2839.01에 마감..연간 최저','2021-10-14',86);
insert into tblGisuBoard(GisuBoard_Seq, title, GisuBoard_Date, Sugang_Seq) values(17,'홍남기 가상자산 과세 인프라 준비 됐지만 국회 의결 이행','2021-04-16',26);
insert into tblGisuBoard(GisuBoard_Seq, title, GisuBoard_Date, Sugang_Seq) values(18,'보령시와 태안군 이동시간 대폭 줄어든다','2021-05-25',10);
insert into tblGisuBoard(GisuBoard_Seq, title, GisuBoard_Date, Sugang_Seq) values(19,'청년 스타트업 대표들과 대화하는 이재명 ','2021-10-27',90);
insert into tblGisuBoard(GisuBoard_Seq, title, GisuBoard_Date, Sugang_Seq) values(20,'플로 운영사 드림어스컴퍼니, 글로벌 팬더스트리 사업 추진한다','2021-11-03',83);
insert into tblGisuBoard(GisuBoard_Seq, title, GisuBoard_Date, Sugang_Seq) values(21,'[속보] 코스피 2.42% 하락한 2,839.01 마감…연중 최저','2021-06-07',76);
insert into tblGisuBoard(GisuBoard_Seq, title, GisuBoard_Date, Sugang_Seq) values(22,'플로 운영사 드림어스컴퍼니, 글로벌 팬더스트리 사업 추진한다','2021-09-09',12);
insert into tblGisuBoard(GisuBoard_Seq, title, GisuBoard_Date, Sugang_Seq) values(23,'일본·이스라엘, 외국인 입국 전면 금지','2021-09-28',19);
insert into tblGisuBoard(GisuBoard_Seq, title, GisuBoard_Date, Sugang_Seq) values(24,'[속보]코스피, 2839.01에 마감..연간 최저','2021-10-21',95);
insert into tblGisuBoard(GisuBoard_Seq, title, GisuBoard_Date, Sugang_Seq) values(25,'의사봉 두드리는 박광온 위원장 		','2021-08-14',71);
insert into tblGisuBoard(GisuBoard_Seq, title, GisuBoard_Date, Sugang_Seq) values(26,'공식개통 하루 앞둔 보령해저터널','2021-12-30',25);
insert into tblGisuBoard(GisuBoard_Seq, title, GisuBoard_Date, Sugang_Seq) values(27,'[속보] 코스피 2.42% 하락한 2,839.01 마감…연중 최저','2021-01-23',58);
insert into tblGisuBoard(GisuBoard_Seq, title, GisuBoard_Date, Sugang_Seq) values(28,'[속보]코스피, 2839.01에 마감..연간 최저','2021-03-13',91);
insert into tblGisuBoard(GisuBoard_Seq, title, GisuBoard_Date, Sugang_Seq) values(29,'국회 법사위 전체회의','2021-10-11',21);
insert into tblGisuBoard(GisuBoard_Seq, title, GisuBoard_Date, Sugang_Seq) values(30,'[속보]코스피, 2839.01에 마감..연간 최저','2021-10-16',16);
insert into tblGisuBoard(GisuBoard_Seq, title, GisuBoard_Date, Sugang_Seq) values(31,'코로나19 바이러스 새 변이 오미크론 유럽 중심으로 빠르게 퍼져 ','2021-06-14',77);
insert into tblGisuBoard(GisuBoard_Seq, title, GisuBoard_Date, Sugang_Seq) values(32,'잭 도시 바통 이은 아그라왈…인도 최고 명문대 출신 AI 전문가','2021-10-23',59);
insert into tblGisuBoard(GisuBoard_Seq, title, GisuBoard_Date, Sugang_Seq) values(33,'국회 법사위 전체회의','2021-08-27',57);
insert into tblGisuBoard(GisuBoard_Seq, title, GisuBoard_Date, Sugang_Seq) values(34,'전북 고창군, 옛도심지역 담장 페인트칠 봉사','2021-12-01',75);
insert into tblGisuBoard(GisuBoard_Seq, title, GisuBoard_Date, Sugang_Seq) values(35,'공식개통 하루 앞둔 보령해저터널','2021-12-17',7);
insert into tblGisuBoard(GisuBoard_Seq, title, GisuBoard_Date, Sugang_Seq) values(36,'[속보]코스피, 2839.01에 마감..연간 최저','2021-12-27',83);
insert into tblGisuBoard(GisuBoard_Seq, title, GisuBoard_Date, Sugang_Seq) values(37,'플로 운영사 드림어스컴퍼니, 글로벌 팬더스트리 사업 추진한다','2021-05-07',12);
insert into tblGisuBoard(GisuBoard_Seq, title, GisuBoard_Date, Sugang_Seq) values(38,'공식개통 하루 앞둔 보령해저터널','2021-01-17',81);
insert into tblGisuBoard(GisuBoard_Seq, title, GisuBoard_Date, Sugang_Seq) values(39,'청년 스타트업 대표들과 대화하는 이재명 ','2021-04-13',30);
insert into tblGisuBoard(GisuBoard_Seq, title, GisuBoard_Date, Sugang_Seq) values(40,'플로 운영사 드림어스컴퍼니, 글로벌 팬더스트리 사업 추진한다','2021-02-24',68);
insert into tblGisuBoard(GisuBoard_Seq, title, GisuBoard_Date, Sugang_Seq) values(41,'홍남기 가상자산 과세 인프라 준비 됐지만 국회 의결 이행','2021-09-17',20);
insert into tblGisuBoard(GisuBoard_Seq, title, GisuBoard_Date, Sugang_Seq) values(42,'국회 법사위 전체회의','2021-01-18',76);
insert into tblGisuBoard(GisuBoard_Seq, title, GisuBoard_Date, Sugang_Seq) values(43,'일본·이스라엘, 외국인 입국 전면 금지','2021-06-06',14);
insert into tblGisuBoard(GisuBoard_Seq, title, GisuBoard_Date, Sugang_Seq) values(44,'[속보] 코스피 2.42% 하락한 2,839.01 마감…연중 최저','2021-07-19',51);
insert into tblGisuBoard(GisuBoard_Seq, title, GisuBoard_Date, Sugang_Seq) values(45,'전북 고창군, 옛도심지역 담장 페인트칠 봉사','2021-06-30',19);
insert into tblGisuBoard(GisuBoard_Seq, title, GisuBoard_Date, Sugang_Seq) values(46,'공식개통 하루 앞둔 보령해저터널','2021-04-14',24);
insert into tblGisuBoard(GisuBoard_Seq, title, GisuBoard_Date, Sugang_Seq) values(47,'[속보]코스피, 2839.01에 마감..연간 최저','2021-07-27',52);
insert into tblGisuBoard(GisuBoard_Seq, title, GisuBoard_Date, Sugang_Seq) values(48,'[신간] 주소 이야기','2021-09-05',60);
insert into tblGisuBoard(GisuBoard_Seq, title, GisuBoard_Date, Sugang_Seq) values(49,'홍남기 가상자산 과세 인프라 준비 됐지만 국회 의결 이행','2021-05-27',91);
insert into tblGisuBoard(GisuBoard_Seq, title, GisuBoard_Date, Sugang_Seq) values(50,'의사봉 두드리는 박광온 위원장 		','2021-10-30',5);
insert into tblGisuBoard(GisuBoard_Seq, title, GisuBoard_Date, Sugang_Seq) values(51,'전북 고창군, 옛도심지역 담장 페인트칠 봉사','2021-12-08',86);
insert into tblGisuBoard(GisuBoard_Seq, title, GisuBoard_Date, Sugang_Seq) values(52,'코로나19 바이러스 새 변이 오미크론 유럽 중심으로 빠르게 퍼져 ','2021-12-14',99);
insert into tblGisuBoard(GisuBoard_Seq, title, GisuBoard_Date, Sugang_Seq) values(53,'[속보] 코스피 2.42% 하락한 2,839.01 마감…연중 최저','2021-06-04',68);
insert into tblGisuBoard(GisuBoard_Seq, title, GisuBoard_Date, Sugang_Seq) values(54,'보령시와 태안군 이동시간 대폭 줄어든다','2021-06-02',51);
insert into tblGisuBoard(GisuBoard_Seq, title, GisuBoard_Date, Sugang_Seq) values(55,'10세 미만 첫 사망자, 기저질환 확인… 사망원인 미상','2021-12-10',25);
insert into tblGisuBoard(GisuBoard_Seq, title, GisuBoard_Date, Sugang_Seq) values(56,'청년 스타트업 대표들과 대화하는 이재명 ','2021-01-28',46);
insert into tblGisuBoard(GisuBoard_Seq, title, GisuBoard_Date, Sugang_Seq) values(57,'의사봉 두드리는 박광온 위원장 		','2021-08-21',47);
insert into tblGisuBoard(GisuBoard_Seq, title, GisuBoard_Date, Sugang_Seq) values(58,'[신간] 주소 이야기','2021-09-23',97);
insert into tblGisuBoard(GisuBoard_Seq, title, GisuBoard_Date, Sugang_Seq) values(59,'홍남기 가상자산 과세 인프라 준비 됐지만 국회 의결 이행','2021-09-21',57);
insert into tblGisuBoard(GisuBoard_Seq, title, GisuBoard_Date, Sugang_Seq) values(60,'잭 도시 바통 이은 아그라왈…인도 최고 명문대 출신 AI 전문가','2021-07-10',20);
insert into tblGisuBoard(GisuBoard_Seq, title, GisuBoard_Date, Sugang_Seq) values(61,'코로나19 바이러스 새 변이 오미크론 유럽 중심으로 빠르게 퍼져 ','2021-12-11',8);
insert into tblGisuBoard(GisuBoard_Seq, title, GisuBoard_Date, Sugang_Seq) values(62,'홍남기 가상자산 과세 인프라 준비 됐지만 국회 의결 이행','2021-06-28',92);
insert into tblGisuBoard(GisuBoard_Seq, title, GisuBoard_Date, Sugang_Seq) values(63,'코로나19 바이러스 새 변이 오미크론 유럽 중심으로 빠르게 퍼져 ','2021-06-13',89);
insert into tblGisuBoard(GisuBoard_Seq, title, GisuBoard_Date, Sugang_Seq) values(64,'플로 운영사 드림어스컴퍼니, 글로벌 팬더스트리 사업 추진한다','2021-08-24',46);
insert into tblGisuBoard(GisuBoard_Seq, title, GisuBoard_Date, Sugang_Seq) values(65,'전북 고창군, 옛도심지역 담장 페인트칠 봉사','2021-04-22',92);
insert into tblGisuBoard(GisuBoard_Seq, title, GisuBoard_Date, Sugang_Seq) values(66,'코로나19 바이러스 새 변이 오미크론 유럽 중심으로 빠르게 퍼져 ','2021-08-27',91);
insert into tblGisuBoard(GisuBoard_Seq, title, GisuBoard_Date, Sugang_Seq) values(67,'10세 미만 첫 사망자, 기저질환 확인… 사망원인 미상','2021-10-04',64);
insert into tblGisuBoard(GisuBoard_Seq, title, GisuBoard_Date, Sugang_Seq) values(68,'잭 도시 바통 이은 아그라왈…인도 최고 명문대 출신 AI 전문가','2021-12-06',61);
insert into tblGisuBoard(GisuBoard_Seq, title, GisuBoard_Date, Sugang_Seq) values(69,'공식개통 하루 앞둔 보령해저터널','2021-09-11',42);
insert into tblGisuBoard(GisuBoard_Seq, title, GisuBoard_Date, Sugang_Seq) values(70,'[속보]코스피, 2839.01에 마감..연간 최저','2021-02-27',2);
insert into tblGisuBoard(GisuBoard_Seq, title, GisuBoard_Date, Sugang_Seq) values(71,'청년 스타트업 대표들과 대화하는 이재명 ','2021-10-27',61);
insert into tblGisuBoard(GisuBoard_Seq, title, GisuBoard_Date, Sugang_Seq) values(72,'플로 운영사 드림어스컴퍼니, 글로벌 팬더스트리 사업 추진한다','2021-04-17',21);
insert into tblGisuBoard(GisuBoard_Seq, title, GisuBoard_Date, Sugang_Seq) values(73,'10세 미만 첫 사망자, 기저질환 확인… 사망원인 미상','2021-08-02',25);
insert into tblGisuBoard(GisuBoard_Seq, title, GisuBoard_Date, Sugang_Seq) values(74,'일본·이스라엘, 외국인 입국 전면 금지','2021-05-01',37);
insert into tblGisuBoard(GisuBoard_Seq, title, GisuBoard_Date, Sugang_Seq) values(75,'코로나19 바이러스 새 변이 오미크론 유럽 중심으로 빠르게 퍼져 ','2021-02-10',86);
insert into tblGisuBoard(GisuBoard_Seq, title, GisuBoard_Date, Sugang_Seq) values(76,'공식개통 하루 앞둔 보령해저터널','2021-07-19',57);
insert into tblGisuBoard(GisuBoard_Seq, title, GisuBoard_Date, Sugang_Seq) values(77,'[신간] 주소 이야기','2021-03-26',75);
insert into tblGisuBoard(GisuBoard_Seq, title, GisuBoard_Date, Sugang_Seq) values(78,'코로나19 바이러스 새 변이 오미크론 유럽 중심으로 빠르게 퍼져 ','2021-04-12',85);
insert into tblGisuBoard(GisuBoard_Seq, title, GisuBoard_Date, Sugang_Seq) values(79,'[신간] 주소 이야기','2021-07-02',37);
insert into tblGisuBoard(GisuBoard_Seq, title, GisuBoard_Date, Sugang_Seq) values(80,'보령시와 태안군 이동시간 대폭 줄어든다','2021-07-21',97);
insert into tblGisuBoard(GisuBoard_Seq, title, GisuBoard_Date, Sugang_Seq) values(81,'오미크론 확산 긴장 속 입국','2021-05-14',3);
insert into tblGisuBoard(GisuBoard_Seq, title, GisuBoard_Date, Sugang_Seq) values(82,'플로 운영사 드림어스컴퍼니, 글로벌 팬더스트리 사업 추진한다','2021-06-02',90);
insert into tblGisuBoard(GisuBoard_Seq, title, GisuBoard_Date, Sugang_Seq) values(83,'[신간] 주소 이야기','2021-01-12',53);
insert into tblGisuBoard(GisuBoard_Seq, title, GisuBoard_Date, Sugang_Seq) values(84,'플로 운영사 드림어스컴퍼니, 글로벌 팬더스트리 사업 추진한다','2021-03-06',74);
insert into tblGisuBoard(GisuBoard_Seq, title, GisuBoard_Date, Sugang_Seq) values(85,'10세 미만 첫 사망자, 기저질환 확인… 사망원인 미상','2021-05-02',51);
insert into tblGisuBoard(GisuBoard_Seq, title, GisuBoard_Date, Sugang_Seq) values(86,'[속보]코스피, 2839.01에 마감..연간 최저','2021-05-04',73);
insert into tblGisuBoard(GisuBoard_Seq, title, GisuBoard_Date, Sugang_Seq) values(87,'홍남기 가상자산 과세 인프라 준비 됐지만 국회 의결 이행','2021-06-04',69);
insert into tblGisuBoard(GisuBoard_Seq, title, GisuBoard_Date, Sugang_Seq) values(88,'국회 법사위 전체회의','2021-02-23',88);
insert into tblGisuBoard(GisuBoard_Seq, title, GisuBoard_Date, Sugang_Seq) values(89,'의사봉 두드리는 박광온 위원장 		','2021-05-27',73);
insert into tblGisuBoard(GisuBoard_Seq, title, GisuBoard_Date, Sugang_Seq) values(90,'[속보]코스피, 2839.01에 마감..연간 최저','2021-12-12',23);
insert into tblGisuBoard(GisuBoard_Seq, title, GisuBoard_Date, Sugang_Seq) values(91,'국회 법사위 전체회의','2021-12-24',22);
insert into tblGisuBoard(GisuBoard_Seq, title, GisuBoard_Date, Sugang_Seq) values(92,'[신간] 주소 이야기','2021-02-06',96);
insert into tblGisuBoard(GisuBoard_Seq, title, GisuBoard_Date, Sugang_Seq) values(93,'[속보] 코스피 2.42% 하락한 2,839.01 마감…연중 최저','2021-04-20',97);
insert into tblGisuBoard(GisuBoard_Seq, title, GisuBoard_Date, Sugang_Seq) values(94,'잭 도시 바통 이은 아그라왈…인도 최고 명문대 출신 AI 전문가','2021-06-19',70);
insert into tblGisuBoard(GisuBoard_Seq, title, GisuBoard_Date, Sugang_Seq) values(95,'[신간] 주소 이야기','2021-10-14',36);
insert into tblGisuBoard(GisuBoard_Seq, title, GisuBoard_Date, Sugang_Seq) values(96,'일본·이스라엘, 외국인 입국 전면 금지','2021-09-10',9);
insert into tblGisuBoard(GisuBoard_Seq, title, GisuBoard_Date, Sugang_Seq) values(97,'일본·이스라엘, 외국인 입국 전면 금지','2021-08-11',29);
insert into tblGisuBoard(GisuBoard_Seq, title, GisuBoard_Date, Sugang_Seq) values(98,'코로나19 바이러스 새 변이 오미크론 유럽 중심으로 빠르게 퍼져 ','2021-12-29',34);
insert into tblGisuBoard(GisuBoard_Seq, title, GisuBoard_Date, Sugang_Seq) values(99,'국회 법사위 전체회의','2021-06-14',60);
insert into tblGisuBoard(GisuBoard_Seq, title, GisuBoard_Date, Sugang_Seq) values(100,'의사봉 두드리는 박광온 위원장 		','2021-02-20',89);

insert into tblGisuBoard(GisuBoard_Seq, title, GisuBoard_Date, Sugang_Seq) values(101,'프로젝트 결과물 정리 잘 되신분 계신가요??','2021-12-07',1);
insert into tblGisuBoard(GisuBoard_Seq, title, GisuBoard_Date, Sugang_Seq) values(102,'오늘 수업 다들 이해 되시나요??','2021-10-23',2);
insert into tblGisuBoard(GisuBoard_Seq, title, GisuBoard_Date, Sugang_Seq) values(103,'이번 오라클 프로젝트 생각보다 손이 많이 가네요','2021-12-02',3);
insert into tblGisuBoard(GisuBoard_Seq, title, GisuBoard_Date, Sugang_Seq) values(104,'주말에 같이 공부하실분 계신가요??','2021-12-01',4);
insert into tblGisuBoard(GisuBoard_Seq, title, GisuBoard_Date, Sugang_Seq) values(105,'다들 취업 희망하는 회사가 어디인가요?','2021-12-02',5);
insert into tblGisuBoard(GisuBoard_Seq, title, GisuBoard_Date, Sugang_Seq) values(106,'새해복 많이 받으세요~~!','2021-09-15',6);
insert into tblGisuBoard(GisuBoard_Seq, title, GisuBoard_Date, Sugang_Seq) values(107,'토이프로젝트 아이디어좀 공유해 주세요!','2021-10-18',1);
insert into tblGisuBoard(GisuBoard_Seq, title, GisuBoard_Date, Sugang_Seq) values(108,'아직 취업 못하신 분들 들어와 주세요..','2021-10-10',2);
insert into tblGisuBoard(GisuBoard_Seq, title, GisuBoard_Date, Sugang_Seq) values(109,'취업하신 회사 다들 어떠신가요??','2021-11-17',3);
insert into tblGisuBoard(GisuBoard_Seq, title, GisuBoard_Date, Sugang_Seq) values(110,'이직 준비중이신분들 같이 공부해요','2021-09-18',4);

commit;

select * from tblGisuBoard;
--content

insert into tblContent(content_seq,content,gisuBoard_seq) values (1,'다들 취업은 어디로 하셨나요?? 실무에서도 이렇게 하나요?? 인원 구해요~!',100) ;
insert into tblContent(content_seq,content,gisuBoard_seq) values (2,'다들 오늘 뭐하시나요?? 심심하신분 들어오세요! 실무에서도 이렇게 하나요??',14) ;
insert into tblContent(content_seq,content,gisuBoard_seq) values (3,'제발 도와주세요 인원 구해요~! 오류가 났는데 해결을 못하겠어요ㅠㅠ',16) ;
insert into tblContent(content_seq,content,gisuBoard_seq) values (4,'심심하신분 들어오세요! 오류가 났는데 해결을 못하겠어요ㅠㅠ 너무 궁금해요~!',89) ;
insert into tblContent(content_seq,content,gisuBoard_seq) values (5,'제발 도와주세요 심심하신분 들어오세요! 다들 취업은 어디로 하셨나요??',30) ;
insert into tblContent(content_seq,content,gisuBoard_seq) values (6,'다들 오늘 뭐하시나요?? 다들 오늘 뭐하시나요?? 다들 오늘 뭐하시나요??',67) ;
insert into tblContent(content_seq,content,gisuBoard_seq) values (7,'인원 구해요~! 심심하신분 들어오세요! 제발 도와주세요',72) ;
insert into tblContent(content_seq,content,gisuBoard_seq) values (8,'실무에서도 이렇게 하나요?? 너무 궁금해요~! 다들 오늘 뭐하시나요??',98) ;
insert into tblContent(content_seq,content,gisuBoard_seq) values (9,'인원 구해요~! 제발 도와주세요 다들 오늘 뭐하시나요??',78) ;
insert into tblContent(content_seq,content,gisuBoard_seq) values (10,'실무에서도 이렇게 하나요?? 인원 구해요~! 심심하신분 들어오세요!',50) ;
insert into tblContent(content_seq,content,gisuBoard_seq) values (11,'다들 오늘 뭐하시나요?? 인원 구해요~! 실무에서도 이렇게 하나요??',72) ;
insert into tblContent(content_seq,content,gisuBoard_seq) values (12,'다들 오늘 뭐하시나요?? 제발 도와주세요 제발 도와주세요',76) ;
insert into tblContent(content_seq,content,gisuBoard_seq) values (13,'인원 구해요~! 인원 구해요~! 오류가 났는데 해결을 못하겠어요ㅠㅠ',38) ;
insert into tblContent(content_seq,content,gisuBoard_seq) values (14,'너무 궁금해요~! 제발 도와주세요 오류가 났는데 해결을 못하겠어요ㅠㅠ',21) ;
insert into tblContent(content_seq,content,gisuBoard_seq) values (15,'제발 도와주세요 제발 도와주세요 제발 도와주세요',99) ;
insert into tblContent(content_seq,content,gisuBoard_seq) values (16,'제발 도와주세요 오류가 났는데 해결을 못하겠어요ㅠㅠ 오류가 났는데 해결을 못하겠어요ㅠㅠ',57) ;
insert into tblContent(content_seq,content,gisuBoard_seq) values (17,'인원 구해요~! 실무에서도 이렇게 하나요?? 인원 구해요~!',40) ;
insert into tblContent(content_seq,content,gisuBoard_seq) values (18,'오류가 났는데 해결을 못하겠어요ㅠㅠ 너무 궁금해요~! 다들 취업은 어디로 하셨나요??',94) ;
insert into tblContent(content_seq,content,gisuBoard_seq) values (19,'오류가 났는데 해결을 못하겠어요ㅠㅠ 너무 궁금해요~! 실무에서도 이렇게 하나요??',35) ;
insert into tblContent(content_seq,content,gisuBoard_seq) values (20,'실무에서도 이렇게 하나요?? 다들 오늘 뭐하시나요?? 심심하신분 들어오세요!',5) ;
insert into tblContent(content_seq,content,gisuBoard_seq) values (21,'실무에서도 이렇게 하나요?? 다들 취업은 어디로 하셨나요?? 심심하신분 들어오세요!',62) ;
insert into tblContent(content_seq,content,gisuBoard_seq) values (22,'너무 궁금해요~! 심심하신분 들어오세요! 다들 오늘 뭐하시나요??',38) ;
insert into tblContent(content_seq,content,gisuBoard_seq) values (23,'오류가 났는데 해결을 못하겠어요ㅠㅠ 너무 궁금해요~! 너무 궁금해요~!',3) ;
insert into tblContent(content_seq,content,gisuBoard_seq) values (24,'다들 오늘 뭐하시나요?? 심심하신분 들어오세요! 실무에서도 이렇게 하나요??',77) ;
insert into tblContent(content_seq,content,gisuBoard_seq) values (25,'제발 도와주세요 제발 도와주세요 인원 구해요~!',20) ;
insert into tblContent(content_seq,content,gisuBoard_seq) values (26,'실무에서도 이렇게 하나요?? 실무에서도 이렇게 하나요?? 실무에서도 이렇게 하나요??',4) ;
insert into tblContent(content_seq,content,gisuBoard_seq) values (27,'다들 취업은 어디로 하셨나요?? 제발 도와주세요 오류가 났는데 해결을 못하겠어요ㅠㅠ',34) ;
insert into tblContent(content_seq,content,gisuBoard_seq) values (28,'인원 구해요~! 오류가 났는데 해결을 못하겠어요ㅠㅠ 다들 취업은 어디로 하셨나요??',81) ;
insert into tblContent(content_seq,content,gisuBoard_seq) values (29,'인원 구해요~! 인원 구해요~! 심심하신분 들어오세요!',55) ;
insert into tblContent(content_seq,content,gisuBoard_seq) values (30,'오류가 났는데 해결을 못하겠어요ㅠㅠ 심심하신분 들어오세요! 다들 오늘 뭐하시나요??',38) ;
insert into tblContent(content_seq,content,gisuBoard_seq) values (31,'너무 궁금해요~! 심심하신분 들어오세요! 오류가 났는데 해결을 못하겠어요ㅠㅠ',57) ;
insert into tblContent(content_seq,content,gisuBoard_seq) values (32,'너무 궁금해요~! 실무에서도 이렇게 하나요?? 심심하신분 들어오세요!',45) ;
insert into tblContent(content_seq,content,gisuBoard_seq) values (33,'인원 구해요~! 다들 취업은 어디로 하셨나요?? 제발 도와주세요',47) ;
insert into tblContent(content_seq,content,gisuBoard_seq) values (34,'제발 도와주세요 다들 오늘 뭐하시나요?? 다들 취업은 어디로 하셨나요??',40) ;
insert into tblContent(content_seq,content,gisuBoard_seq) values (35,'실무에서도 이렇게 하나요?? 다들 오늘 뭐하시나요?? 오류가 났는데 해결을 못하겠어요ㅠㅠ',16) ;
insert into tblContent(content_seq,content,gisuBoard_seq) values (36,'제발 도와주세요 실무에서도 이렇게 하나요?? 다들 오늘 뭐하시나요??',14) ;
insert into tblContent(content_seq,content,gisuBoard_seq) values (37,'너무 궁금해요~! 인원 구해요~! 오류가 났는데 해결을 못하겠어요ㅠㅠ',29) ;
insert into tblContent(content_seq,content,gisuBoard_seq) values (38,'다들 오늘 뭐하시나요?? 다들 취업은 어디로 하셨나요?? 너무 궁금해요~!',57) ;
insert into tblContent(content_seq,content,gisuBoard_seq) values (39,'오류가 났는데 해결을 못하겠어요ㅠㅠ 다들 오늘 뭐하시나요?? 다들 취업은 어디로 하셨나요??',97) ;
insert into tblContent(content_seq,content,gisuBoard_seq) values (40,'인원 구해요~! 인원 구해요~! 오류가 났는데 해결을 못하겠어요ㅠㅠ',78) ;
insert into tblContent(content_seq,content,gisuBoard_seq) values (41,'제발 도와주세요 제발 도와주세요 심심하신분 들어오세요!',24) ;
insert into tblContent(content_seq,content,gisuBoard_seq) values (42,'제발 도와주세요 다들 오늘 뭐하시나요?? 심심하신분 들어오세요!',72) ;
insert into tblContent(content_seq,content,gisuBoard_seq) values (43,'너무 궁금해요~! 제발 도와주세요 인원 구해요~!',58) ;
insert into tblContent(content_seq,content,gisuBoard_seq) values (44,'너무 궁금해요~! 제발 도와주세요 제발 도와주세요',86) ;
insert into tblContent(content_seq,content,gisuBoard_seq) values (45,'다들 취업은 어디로 하셨나요?? 다들 오늘 뭐하시나요?? 심심하신분 들어오세요!',43) ;
insert into tblContent(content_seq,content,gisuBoard_seq) values (46,'인원 구해요~! 다들 취업은 어디로 하셨나요?? 오류가 났는데 해결을 못하겠어요ㅠㅠ',67) ;
insert into tblContent(content_seq,content,gisuBoard_seq) values (47,'인원 구해요~! 심심하신분 들어오세요! 다들 오늘 뭐하시나요??',98) ;
insert into tblContent(content_seq,content,gisuBoard_seq) values (48,'다들 오늘 뭐하시나요?? 다들 오늘 뭐하시나요?? 실무에서도 이렇게 하나요??',54) ;
insert into tblContent(content_seq,content,gisuBoard_seq) values (49,'다들 취업은 어디로 하셨나요?? 실무에서도 이렇게 하나요?? 심심하신분 들어오세요!',60) ;
insert into tblContent(content_seq,content,gisuBoard_seq) values (50,'오류가 났는데 해결을 못하겠어요ㅠㅠ 제발 도와주세요 인원 구해요~!',34) ;
insert into tblContent(content_seq,content,gisuBoard_seq) values (51,'제발 도와주세요 인원 구해요~! 심심하신분 들어오세요!',96) ;
insert into tblContent(content_seq,content,gisuBoard_seq) values (52,'너무 궁금해요~! 다들 취업은 어디로 하셨나요?? 다들 취업은 어디로 하셨나요??',8) ;
insert into tblContent(content_seq,content,gisuBoard_seq) values (53,'실무에서도 이렇게 하나요?? 제발 도와주세요 심심하신분 들어오세요!',10) ;
insert into tblContent(content_seq,content,gisuBoard_seq) values (54,'다들 오늘 뭐하시나요?? 다들 취업은 어디로 하셨나요?? 너무 궁금해요~!',9) ;
insert into tblContent(content_seq,content,gisuBoard_seq) values (55,'다들 취업은 어디로 하셨나요?? 다들 취업은 어디로 하셨나요?? 다들 오늘 뭐하시나요??',86) ;
insert into tblContent(content_seq,content,gisuBoard_seq) values (56,'인원 구해요~! 다들 취업은 어디로 하셨나요?? 다들 취업은 어디로 하셨나요??',34) ;
insert into tblContent(content_seq,content,gisuBoard_seq) values (57,'다들 취업은 어디로 하셨나요?? 다들 오늘 뭐하시나요?? 너무 궁금해요~!',55) ;
insert into tblContent(content_seq,content,gisuBoard_seq) values (58,'다들 취업은 어디로 하셨나요?? 실무에서도 이렇게 하나요?? 오류가 났는데 해결을 못하겠어요ㅠㅠ',88) ;
insert into tblContent(content_seq,content,gisuBoard_seq) values (59,'너무 궁금해요~! 심심하신분 들어오세요! 오류가 났는데 해결을 못하겠어요ㅠㅠ',6) ;
insert into tblContent(content_seq,content,gisuBoard_seq) values (60,'너무 궁금해요~! 너무 궁금해요~! 제발 도와주세요',20) ;
insert into tblContent(content_seq,content,gisuBoard_seq) values (61,'심심하신분 들어오세요! 다들 취업은 어디로 하셨나요?? 다들 취업은 어디로 하셨나요??',1) ;
insert into tblContent(content_seq,content,gisuBoard_seq) values (62,'심심하신분 들어오세요! 다들 오늘 뭐하시나요?? 제발 도와주세요',22) ;
insert into tblContent(content_seq,content,gisuBoard_seq) values (63,'심심하신분 들어오세요! 오류가 났는데 해결을 못하겠어요ㅠㅠ 인원 구해요~!',66) ;
insert into tblContent(content_seq,content,gisuBoard_seq) values (64,'인원 구해요~! 심심하신분 들어오세요! 다들 오늘 뭐하시나요??',19) ;
insert into tblContent(content_seq,content,gisuBoard_seq) values (65,'다들 오늘 뭐하시나요?? 심심하신분 들어오세요! 다들 취업은 어디로 하셨나요??',84) ;
insert into tblContent(content_seq,content,gisuBoard_seq) values (66,'인원 구해요~! 너무 궁금해요~! 다들 오늘 뭐하시나요??',72) ;
insert into tblContent(content_seq,content,gisuBoard_seq) values (67,'인원 구해요~! 너무 궁금해요~! 다들 오늘 뭐하시나요??',87) ;
insert into tblContent(content_seq,content,gisuBoard_seq) values (68,'다들 취업은 어디로 하셨나요?? 오류가 났는데 해결을 못하겠어요ㅠㅠ 다들 오늘 뭐하시나요??',98) ;
insert into tblContent(content_seq,content,gisuBoard_seq) values (69,'제발 도와주세요 오류가 났는데 해결을 못하겠어요ㅠㅠ 제발 도와주세요',73) ;
insert into tblContent(content_seq,content,gisuBoard_seq) values (70,'실무에서도 이렇게 하나요?? 다들 취업은 어디로 하셨나요?? 실무에서도 이렇게 하나요??',82) ;
insert into tblContent(content_seq,content,gisuBoard_seq) values (71,'인원 구해요~! 너무 궁금해요~! 심심하신분 들어오세요!',9) ;
insert into tblContent(content_seq,content,gisuBoard_seq) values (72,'실무에서도 이렇게 하나요?? 실무에서도 이렇게 하나요?? 오류가 났는데 해결을 못하겠어요ㅠㅠ',88) ;
insert into tblContent(content_seq,content,gisuBoard_seq) values (73,'심심하신분 들어오세요! 오류가 났는데 해결을 못하겠어요ㅠㅠ 제발 도와주세요',76) ;
insert into tblContent(content_seq,content,gisuBoard_seq) values (74,'너무 궁금해요~! 제발 도와주세요 제발 도와주세요',97) ;
insert into tblContent(content_seq,content,gisuBoard_seq) values (75,'실무에서도 이렇게 하나요?? 다들 취업은 어디로 하셨나요?? 심심하신분 들어오세요!',7) ;
insert into tblContent(content_seq,content,gisuBoard_seq) values (76,'다들 취업은 어디로 하셨나요?? 오류가 났는데 해결을 못하겠어요ㅠㅠ 실무에서도 이렇게 하나요??',99) ;
insert into tblContent(content_seq,content,gisuBoard_seq) values (77,'다들 취업은 어디로 하셨나요?? 인원 구해요~! 다들 취업은 어디로 하셨나요??',2) ;
insert into tblContent(content_seq,content,gisuBoard_seq) values (78,'너무 궁금해요~! 다들 취업은 어디로 하셨나요?? 너무 궁금해요~!',37) ;
insert into tblContent(content_seq,content,gisuBoard_seq) values (79,'인원 구해요~! 제발 도와주세요 심심하신분 들어오세요!',17) ;
insert into tblContent(content_seq,content,gisuBoard_seq) values (80,'오류가 났는데 해결을 못하겠어요ㅠㅠ 다들 오늘 뭐하시나요?? 너무 궁금해요~!',73) ;
insert into tblContent(content_seq,content,gisuBoard_seq) values (81,'너무 궁금해요~! 실무에서도 이렇게 하나요?? 제발 도와주세요',47) ;
insert into tblContent(content_seq,content,gisuBoard_seq) values (82,'실무에서도 이렇게 하나요?? 심심하신분 들어오세요! 다들 취업은 어디로 하셨나요??',7) ;
insert into tblContent(content_seq,content,gisuBoard_seq) values (83,'너무 궁금해요~! 너무 궁금해요~! 실무에서도 이렇게 하나요??',8) ;
insert into tblContent(content_seq,content,gisuBoard_seq) values (84,'너무 궁금해요~! 다들 취업은 어디로 하셨나요?? 실무에서도 이렇게 하나요??',97) ;
insert into tblContent(content_seq,content,gisuBoard_seq) values (85,'오류가 났는데 해결을 못하겠어요ㅠㅠ 오류가 났는데 해결을 못하겠어요ㅠㅠ 다들 취업은 어디로 하셨나요??',24) ;
insert into tblContent(content_seq,content,gisuBoard_seq) values (86,'인원 구해요~! 오류가 났는데 해결을 못하겠어요ㅠㅠ 인원 구해요~!',51) ;
insert into tblContent(content_seq,content,gisuBoard_seq) values (87,'오류가 났는데 해결을 못하겠어요ㅠㅠ 심심하신분 들어오세요! 너무 궁금해요~!',95) ;
insert into tblContent(content_seq,content,gisuBoard_seq) values (88,'제발 도와주세요 오류가 났는데 해결을 못하겠어요ㅠㅠ 제발 도와주세요',14) ;
insert into tblContent(content_seq,content,gisuBoard_seq) values (89,'오류가 났는데 해결을 못하겠어요ㅠㅠ 심심하신분 들어오세요! 인원 구해요~!',88) ;
insert into tblContent(content_seq,content,gisuBoard_seq) values (90,'제발 도와주세요 오류가 났는데 해결을 못하겠어요ㅠㅠ 인원 구해요~!',74) ;
insert into tblContent(content_seq,content,gisuBoard_seq) values (91,'다들 오늘 뭐하시나요?? 실무에서도 이렇게 하나요?? 오류가 났는데 해결을 못하겠어요ㅠㅠ',36) ;
insert into tblContent(content_seq,content,gisuBoard_seq) values (92,'심심하신분 들어오세요! 실무에서도 이렇게 하나요?? 너무 궁금해요~!',38) ;
insert into tblContent(content_seq,content,gisuBoard_seq) values (93,'심심하신분 들어오세요! 다들 취업은 어디로 하셨나요?? 제발 도와주세요',58) ;
insert into tblContent(content_seq,content,gisuBoard_seq) values (94,'인원 구해요~! 제발 도와주세요 인원 구해요~!',84) ;
insert into tblContent(content_seq,content,gisuBoard_seq) values (95,'제발 도와주세요 심심하신분 들어오세요! 오류가 났는데 해결을 못하겠어요ㅠㅠ',6) ;
insert into tblContent(content_seq,content,gisuBoard_seq) values (96,'실무에서도 이렇게 하나요?? 너무 궁금해요~! 제발 도와주세요',55) ;
insert into tblContent(content_seq,content,gisuBoard_seq) values (97,'제발 도와주세요 다들 오늘 뭐하시나요?? 다들 취업은 어디로 하셨나요??',28) ;
insert into tblContent(content_seq,content,gisuBoard_seq) values (98,'제발 도와주세요 심심하신분 들어오세요! 너무 궁금해요~!',83) ;
insert into tblContent(content_seq,content,gisuBoard_seq) values (99,'다들 오늘 뭐하시나요?? 다들 오늘 뭐하시나요?? 오류가 났는데 해결을 못하겠어요ㅠㅠ',80) ;
insert into tblContent(content_seq,content,gisuBoard_seq) values (100,'제발 도와주세요 오류가 났는데 해결을 못하겠어요ㅠㅠ 실무에서도 이렇게 하나요??',61) ;

insert into tblContent(content_seq,content,gisuBoard_seq) values (101,'제가 프로젝트 결과물 정리가 조금 미흠한것 같아서 그러는데 혹시 정리가 잘 되어있으신분 계신가요??',101);
insert into tblContent(content_seq,content,gisuBoard_seq) values (102,'저는 오늘 수업이 너무 어려워서 못따라가겠네요.. 다들 잘 이해되시나요??',102);
insert into tblContent(content_seq,content,gisuBoard_seq) values (103,'오라클을 이번에 처음 사용해 보다 보니깐 너무 복잡하고 어렵네요 ... 데이터를 빨리 넣고 쿼리 짜고 싶어요..',103);
insert into tblContent(content_seq,content,gisuBoard_seq) values (104,'저는 이번주 부터라도 주말에 공부하려고 하는데 같이 하실분 계신가요??',104);
insert into tblContent(content_seq,content,gisuBoard_seq) values (105,'저는 아직 취업하고싶은 회사를 못정했는데 다들 어느 분야로 취업 생각중이신가요??',105);
insert into tblContent(content_seq,content,gisuBoard_seq) values (106,'벌써 22 년이네요 새해복 많이 받이시고 하는일 모두 성공하길 기도할께요!',106);
insert into tblContent(content_seq,content,gisuBoard_seq) values (107,'좀 기발한 토이프로젝트를 해보고 싶은데 아이디어 공유 가능하신분 계실까요??',107);
insert into tblContent(content_seq,content,gisuBoard_seq) values (108,'저는 아직 취업을 못했는데 혹시 아직 취업 못하신 분들 게신가요??',108);
insert into tblContent(content_seq,content,gisuBoard_seq) values (109,'저희 회사는 나름 괜찮은것 같은데 다들 일하시는 직장은 어떠신가요? 그리고 어떤업무 하시죠??',109);
insert into tblContent(content_seq,content,gisuBoard_seq) values (110,'아직 준비중이신 분들 저녁에 디스코드로 같이 공부해요!',110);

commit;

select * from tblContent
--con-comment

insert into tblcon_Comment(con_comment_seq,content,reg_time,content_seq) values (1,'콘서트.가서 맡은 화약냄새가 아직두 나여 빨리 콘서트.가고싶당','2021-06-27',86);
insert into tblcon_Comment(con_comment_seq,content,reg_time,content_seq) values (2,'자네 누군가','2021-07-11',91);
insert into tblcon_Comment(con_comment_seq,content,reg_time,content_seq) values (3,'줌수업하는데 엄마가 줌하는줄 모르고 워하고 그대로 나와서 쪽팔려 뒈질뻔했네','2021-12-14',93);
insert into tblcon_Comment(con_comment_seq,content,reg_time,content_seq) values (4,'전 뭐 기억이 잊지 않고 있는 건 없고 그냥 다 잊습니다.','2021-12-03',92);
insert into tblcon_Comment(con_comment_seq,content,reg_time,content_seq) values (5,'전 뭐 기억이 잊지 않고 있는 건 없고 그냥 다 잊습니다.','2021-04-02',46);
insert into tblcon_Comment(con_comment_seq,content,reg_time,content_seq) values (6,'(슬프게도) 친구라고 생각한 이에게... 뒤통수 맞은 기억..','2021-08-01',10);
insert into tblcon_Comment(con_comment_seq,content,reg_time,content_seq) values (7,'고백했다가 차인거죠....ㅠ','2021-09-28',95);
insert into tblcon_Comment(con_comment_seq,content,reg_time,content_seq) values (8,'코로나19가 퍼지기 전에 한 할아버지 생신잔치','2021-02-03',30);
insert into tblcon_Comment(con_comment_seq,content,reg_time,content_seq) values (9,'자네 누군가','2021-12-06',82);
insert into tblcon_Comment(con_comment_seq,content,reg_time,content_seq) values (10,'매일매일이 왜 이렇게 그리운걸까요...','2021-12-10',84);
insert into tblcon_Comment(con_comment_seq,content,reg_time,content_seq) values (11,'지금 이순간..','2021-03-13',92);
insert into tblcon_Comment(con_comment_seq,content,reg_time,content_seq) values (12,'자바 잘하시는분 ','2021-12-14',95);
insert into tblcon_Comment(con_comment_seq,content,reg_time,content_seq) values (13,'저는 매일 눌렸던 가위가 잊혀지지 않네요.. 그 귀신의 선명한 실루엣이 아직도 눈앞에 아른거립니다.','2021-02-28',75);
insert into tblcon_Comment(con_comment_seq,content,reg_time,content_seq) values (14,'뇌종양 완치 판정 받았을 때 참 만감이 교차하더군요.','2021-08-04',77);
insert into tblcon_Comment(con_comment_seq,content,reg_time,content_seq) values (15,'지금 이 순간이요. 기말고사 정확히 2주 전','2021-08-11',94);
insert into tblcon_Comment(con_comment_seq,content,reg_time,content_seq) values (16,'얘네는 이대로 데뷔해도 좋겠다고 생각했는데 한명이 떨어졌네','2021-04-03',50);
insert into tblcon_Comment(con_comment_seq,content,reg_time,content_seq) values (17,'ㅋㅋㅋㅋㅋ 직접 본것도 있네요 ㅋㅋㅋ','2021-12-01',10);
insert into tblcon_Comment(con_comment_seq,content,reg_time,content_seq) values (18,'싸운기억.','2021-12-25',4);
insert into tblcon_Comment(con_comment_seq,content,reg_time,content_seq) values (19,'더이상 볼 수 없는 사람과의 마지막 날','2021-01-28',60);
insert into tblcon_Comment(con_comment_seq,content,reg_time,content_seq) values (20,'가족이랑 여행갔을때요!','2021-01-20',45);
insert into tblcon_Comment(con_comment_seq,content,reg_time,content_seq) values (21,'전 뭐 기억이 잊지 않고 있는 건 없고 그냥 다 잊습니다.','2021-12-01',31);
insert into tblcon_Comment(con_comment_seq,content,reg_time,content_seq) values (22,'헐~~~대박','2021-06-06',25);
insert into tblcon_Comment(con_comment_seq,content,reg_time,content_seq) values (23,'자바 잘하시는분 ','2021-11-18',40);
insert into tblcon_Comment(con_comment_seq,content,reg_time,content_seq) values (24,'어릴때 흑역사는 잊혀지지 않아요 ㅜㅜ','2021-01-20',23);
insert into tblcon_Comment(con_comment_seq,content,reg_time,content_seq) values (25,'싸운기억.','2021-01-20',81);
insert into tblcon_Comment(con_comment_seq,content,reg_time,content_seq) values (26,'어릴때 흑역사는 잊혀지지 않아요 ㅜㅜ','2021-09-06',45);
insert into tblcon_Comment(con_comment_seq,content,reg_time,content_seq) values (27,'자바 잘하시는분 ','2021-10-06',56);
insert into tblcon_Comment(con_comment_seq,content,reg_time,content_seq) values (28,'대단하네 ㄷㄷ','2021-10-28',99);
insert into tblcon_Comment(con_comment_seq,content,reg_time,content_seq) values (29,'바지에 똥 싼 날이요.','2021-01-01',55);
insert into tblcon_Comment(con_comment_seq,content,reg_time,content_seq) values (30,'뇌종양 완치 판정 받았을 때 참 만감이 교차하더군요.','2021-10-25',37);
insert into tblcon_Comment(con_comment_seq,content,reg_time,content_seq) values (31,'...말하기 부끄럽네요','2021-10-12',36);
insert into tblcon_Comment(con_comment_seq,content,reg_time,content_seq) values (32,'바지에 똥 싼 날이요.','2021-08-23',58);
insert into tblcon_Comment(con_comment_seq,content,reg_time,content_seq) values (33,'흑역사는 어디서든지 기억이납니다 흑흑 ㅠㅠ','2021-03-17',88);
insert into tblcon_Comment(con_comment_seq,content,reg_time,content_seq) values (34,'콘서트.가서 맡은 화약냄새가 아직두 나여 빨리 콘서트.가고싶당','2021-01-06',81);
insert into tblcon_Comment(con_comment_seq,content,reg_time,content_seq) values (35,'비디오가 켜져있어서','2021-09-02',98);
insert into tblcon_Comment(con_comment_seq,content,reg_time,content_seq) values (36,'싸운기억.','2021-09-28',27);
insert into tblcon_Comment(con_comment_seq,content,reg_time,content_seq) values (37,'뇌종양 완치 판정 받았을 때 참 만감이 교차하더군요.','2021-02-19',42);
insert into tblcon_Comment(con_comment_seq,content,reg_time,content_seq) values (38,'뇌종양 완치 판정 받았을 때 참 만감이 교차하더군요.','2021-04-09',46);
insert into tblcon_Comment(con_comment_seq,content,reg_time,content_seq) values (39,'바지에 똥 싼 날이요.','2021-05-14',83);
insert into tblcon_Comment(con_comment_seq,content,reg_time,content_seq) values (40,'매일매일이 왜 이렇게 그리운걸까요...','2021-07-20',73);
insert into tblcon_Comment(con_comment_seq,content,reg_time,content_seq) values (41,'저는 매일 눌렸던 가위가 잊혀지지 않네요.. 그 귀신의 선명한 실루엣이 아직도 눈앞에 아른거립니다.','2021-07-06',63);
insert into tblcon_Comment(con_comment_seq,content,reg_time,content_seq) values (42,'더이상 볼 수 없는 사람과의 마지막 날','2021-06-08',63);
insert into tblcon_Comment(con_comment_seq,content,reg_time,content_seq) values (43,'...말하기 부끄럽네요','2021-10-16',3);
insert into tblcon_Comment(con_comment_seq,content,reg_time,content_seq) values (44,'흑역사는 어디서든지 기억이납니다 흑흑 ㅠㅠ','2021-08-10',62);
insert into tblcon_Comment(con_comment_seq,content,reg_time,content_seq) values (45,'뇌종양 완치 판정 받았을 때 참 만감이 교차하더군요.','2021-02-06',22);
insert into tblcon_Comment(con_comment_seq,content,reg_time,content_seq) values (46,'바지에 똥 싼 날이요.','2021-12-16',46);
insert into tblcon_Comment(con_comment_seq,content,reg_time,content_seq) values (47,'콘서트.가서 맡은 화약냄새가 아직두 나여 빨리 콘서트.가고싶당','2021-01-02',97);
insert into tblcon_Comment(con_comment_seq,content,reg_time,content_seq) values (48,'콘서트.가서 맡은 화약냄새가 아직두 나여 빨리 콘서트.가고싶당','2021-04-07',86);
insert into tblcon_Comment(con_comment_seq,content,reg_time,content_seq) values (49,'대단하네 ㄷㄷ','2021-08-16',25);
insert into tblcon_Comment(con_comment_seq,content,reg_time,content_seq) values (50,'마스크 없는게 대박부럽다','2021-06-18',75);
insert into tblcon_Comment(con_comment_seq,content,reg_time,content_seq) values (51,'처음으로 핸드폰이 생겼을때	','2021-06-28',38);
insert into tblcon_Comment(con_comment_seq,content,reg_time,content_seq) values (52,'더이상 볼 수 없는 사람과의 마지막 날','2021-09-07',69);
insert into tblcon_Comment(con_comment_seq,content,reg_time,content_seq) values (53,'완전 민망했던 기억이요','2021-01-28',8);
insert into tblcon_Comment(con_comment_seq,content,reg_time,content_seq) values (54,'학년 때 견학 끝나고 친구들과 밤까지 놀던게 잊혀지지 않습니다.','2021-02-14',51);
insert into tblcon_Comment(con_comment_seq,content,reg_time,content_seq) values (55,'얘네는 이대로 데뷔해도 좋겠다고 생각했는데 한명이 떨어졌네','2021-06-01',29);
insert into tblcon_Comment(con_comment_seq,content,reg_time,content_seq) values (56,'완전 민망했던 기억이요','2021-09-23',47);
insert into tblcon_Comment(con_comment_seq,content,reg_time,content_seq) values (57,'어릴때 흑역사는 잊혀지지 않아요 ㅜㅜ','2021-11-23',11);
insert into tblcon_Comment(con_comment_seq,content,reg_time,content_seq) values (58,'...말하기 부끄럽네요','2021-10-12',21);
insert into tblcon_Comment(con_comment_seq,content,reg_time,content_seq) values (59,'대단하네 ㄷㄷ','2021-04-20',41);
insert into tblcon_Comment(con_comment_seq,content,reg_time,content_seq) values (60,'처음으로 핸드폰이 생겼을때	','2021-10-01',67);
insert into tblcon_Comment(con_comment_seq,content,reg_time,content_seq) values (61,'마스크 없는게 대박부럽다','2021-04-23',31);
insert into tblcon_Comment(con_comment_seq,content,reg_time,content_seq) values (62,'뿜고갑니다 ㅋㅋㅋ','2021-10-28',27);
insert into tblcon_Comment(con_comment_seq,content,reg_time,content_seq) values (63,'지금 이순간..','2021-02-26',56);
insert into tblcon_Comment(con_comment_seq,content,reg_time,content_seq) values (64,'지금 이 순간이요. 기말고사 정확히 2주 전','2021-04-20',66);
insert into tblcon_Comment(con_comment_seq,content,reg_time,content_seq) values (65,'ㅋㅋㅋㅋㅋ 직접 본것도 있네요 ㅋㅋㅋ','2021-11-12',73);
insert into tblcon_Comment(con_comment_seq,content,reg_time,content_seq) values (66,'완전 민망했던 기억이요','2021-06-10',37);
insert into tblcon_Comment(con_comment_seq,content,reg_time,content_seq) values (67,'고백했다가 차인거죠....ㅠ','2021-04-24',33);
insert into tblcon_Comment(con_comment_seq,content,reg_time,content_seq) values (68,'국회 법사위 전체회의','2021-12-19',100);
insert into tblcon_Comment(con_comment_seq,content,reg_time,content_seq) values (69,'비디오가 켜져있어서','2021-10-28',4);
insert into tblcon_Comment(con_comment_seq,content,reg_time,content_seq) values (70,'국회 법사위 전체회의','2021-11-04',16);
insert into tblcon_Comment(con_comment_seq,content,reg_time,content_seq) values (71,'비디오가 켜져있어서','2021-08-13',78);
insert into tblcon_Comment(con_comment_seq,content,reg_time,content_seq) values (72,'뇌종양 완치 판정 받았을 때 참 만감이 교차하더군요.','2021-06-13',18);
insert into tblcon_Comment(con_comment_seq,content,reg_time,content_seq) values (73,'ㅋㅋㅋㅋㅋ 직접 본것도 있네요 ㅋㅋㅋ','2021-12-17',78);
insert into tblcon_Comment(con_comment_seq,content,reg_time,content_seq) values (74,'어릴때 흑역사는 잊혀지지 않아요 ㅜㅜ','2021-06-03',12);
insert into tblcon_Comment(con_comment_seq,content,reg_time,content_seq) values (75,'...말하기 부끄럽네요','2021-07-27',17);
insert into tblcon_Comment(con_comment_seq,content,reg_time,content_seq) values (76,'국회 법사위 전체회의','2021-08-19',4);
insert into tblcon_Comment(con_comment_seq,content,reg_time,content_seq) values (77,'가족이랑 여행갔을때요!','2021-08-28',59);
insert into tblcon_Comment(con_comment_seq,content,reg_time,content_seq) values (78,'줌수업하는데 엄마가 줌하는줄 모르고 워하고 그대로 나와서 쪽팔려 뒈질뻔했네','2021-07-14',77);
insert into tblcon_Comment(con_comment_seq,content,reg_time,content_seq) values (79,'자네 누군가','2021-09-16',62);
insert into tblcon_Comment(con_comment_seq,content,reg_time,content_seq) values (80,'정해종 의장은 개회사를 통해 내년 1월 지방자치법 전부개정이 시행됨에 따라 주민발안제와 정책지원관이 도입되고 의회 인사권이 독립되어 획기적인 주민주권 시대가 열릴','2021-07-07',4);
insert into tblcon_Comment(con_comment_seq,content,reg_time,content_seq) values (81,'비디오가 켜져있어서','2021-11-28',19);
insert into tblcon_Comment(con_comment_seq,content,reg_time,content_seq) values (82,'(슬프게도) 친구라고 생각한 이에게... 뒤통수 맞은 기억..','2021-02-04',36);
insert into tblcon_Comment(con_comment_seq,content,reg_time,content_seq) values (83,'정해종 의장은 개회사를 통해 내년 1월 지방자치법 전부개정이 시행됨에 따라 주민발안제와 정책지원관이 도입되고 의회 인사권이 독립되어 획기적인 주민주권 시대가 열릴','2021-08-14',18);
insert into tblcon_Comment(con_comment_seq,content,reg_time,content_seq) values (84,'굿굿입니다','2021-04-23',99);
insert into tblcon_Comment(con_comment_seq,content,reg_time,content_seq) values (85,'저는 매일 눌렸던 가위가 잊혀지지 않네요.. 그 귀신의 선명한 실루엣이 아직도 눈앞에 아른거립니다.','2021-05-01',87);
insert into tblcon_Comment(con_comment_seq,content,reg_time,content_seq) values (86,'완전 민망했던 기억이요','2021-12-07',95);
insert into tblcon_Comment(con_comment_seq,content,reg_time,content_seq) values (87,'고백했다가 차인거죠....ㅠ','2021-03-08',93);
insert into tblcon_Comment(con_comment_seq,content,reg_time,content_seq) values (88,'어릴때 흑역사는 잊혀지지 않아요 ㅜㅜ','2021-03-14',90);
insert into tblcon_Comment(con_comment_seq,content,reg_time,content_seq) values (89,'대단하네 ㄷㄷ','2021-12-27',68);
insert into tblcon_Comment(con_comment_seq,content,reg_time,content_seq) values (90,'완전 민망했던 기억이요','2021-06-23',23);
insert into tblcon_Comment(con_comment_seq,content,reg_time,content_seq) values (91,'저는 매일 눌렸던 가위가 잊혀지지 않네요.. 그 귀신의 선명한 실루엣이 아직도 눈앞에 아른거립니다.','2021-08-23',56);
insert into tblcon_Comment(con_comment_seq,content,reg_time,content_seq) values (92,'전 뭐 기억이 잊지 않고 있는 건 없고 그냥 다 잊습니다.','2021-04-28',50);
insert into tblcon_Comment(con_comment_seq,content,reg_time,content_seq) values (93,'헐~~~대박','2021-01-18',17);
insert into tblcon_Comment(con_comment_seq,content,reg_time,content_seq) values (94,'완전 민망했던 기억이요','2021-03-15',28);
insert into tblcon_Comment(con_comment_seq,content,reg_time,content_seq) values (95,'ㅋㅋㅋㅋㅋ 직접 본것도 있네요 ㅋㅋㅋ','2021-10-26',10);
insert into tblcon_Comment(con_comment_seq,content,reg_time,content_seq) values (96,'...말하기 부끄럽네요','2021-06-10',41);
insert into tblcon_Comment(con_comment_seq,content,reg_time,content_seq) values (97,'자네 누군가','2021-05-01',52);
insert into tblcon_Comment(con_comment_seq,content,reg_time,content_seq) values (98,'자바 잘하시는분 ','2021-10-09',52);
insert into tblcon_Comment(con_comment_seq,content,reg_time,content_seq) values (99,'학년 때 견학 끝나고 친구들과 밤까지 놀던게 잊혀지지 않습니다.','2021-02-27',50);
insert into tblcon_Comment(con_comment_seq,content,reg_time,content_seq) values (100,'마스크 없는게 대박부럽다','2021-06-06',59);


insert into tblcon_Comment(con_comment_seq,content,reg_time,content_seq) values (101,'지금 조금 급해서 그런데 부탁좀 드릴께요..','2021-12-07',101);
insert into tblcon_Comment(con_comment_seq,content,reg_time,content_seq) values (102,'저는 아무리 다시봐도 이해가 안되네요','2021-10-23',102);
insert into tblcon_Comment(con_comment_seq,content,reg_time,content_seq) values (103,'언제쯤 잘수 있을지 모르겠는데 그나저나 댓글은 익명인가 보네요!!','2021-12-02',103);
insert into tblcon_Comment(con_comment_seq,content,reg_time,content_seq) values (104,'혼자공부하면 잘 안되시는 분들 아무나 댓글 남겨주세요','2021-12-01',104);
insert into tblcon_Comment(con_comment_seq,content,reg_time,content_seq) values (105,'SI는 너무 힘들긴 해도 배우는게 많을거 같고 어느 분야로 가야할지 막막하네요..','2021-12-02',105);
insert into tblcon_Comment(con_comment_seq,content,reg_time,content_seq) values (106,'이번 새해에는 진짜 로또라도 당첨되면 좋겠네요.','2021-09-15',106);
insert into tblcon_Comment(con_comment_seq,content,reg_time,content_seq) values (107,'너무 다들 똑같은 토이 프로젝트 하는것 같은데 기발한 아이디어있으시면 저도 같이해요!','2021-10-18',107);
insert into tblcon_Comment(con_comment_seq,content,reg_time,content_seq) values (108,'바로 취업할 줄 알았는데 너무 안일했네요ㅠㅠ','2021-10-10',108);
insert into tblcon_Comment(con_comment_seq,content,reg_time,content_seq) values (109,'여기 회사일 나름 재밌는데 스타트업도 가보고 싶네요','2021-11-17',109);
insert into tblcon_Comment(con_comment_seq,content,reg_time,content_seq) values (110,'어차피 공부는 계속해야 될 것 같은데 아직 준비 중이신 분들 같이하면 서로 도움이 될 것 같아요!!','2021-09-18',110);

commit;

select * from tblcon_Comment;
--com-comment(대댓글)

insert into tblCom_Comment(Com_Comment_seq,content,reg_time,con_comment_seq) values (1,'벌써 점심이네요..','2021-11-15',57) ;
insert into tblCom_Comment(Com_Comment_seq,content,reg_time,con_comment_seq) values (2,'이렇게 하시면 돼요!','2021-11-21',92) ;
insert into tblCom_Comment(Com_Comment_seq,content,reg_time,con_comment_seq) values (3,'내일은 뭐하면 좋을까요?','2021-06-16',96) ;
insert into tblCom_Comment(Com_Comment_seq,content,reg_time,con_comment_seq) values (4,'저는 여기 취업했어요!','2021-11-16',70) ;
insert into tblCom_Comment(Com_Comment_seq,content,reg_time,con_comment_seq) values (5,'이것도 궁금해요','2021-11-13',69) ;
insert into tblCom_Comment(Com_Comment_seq,content,reg_time,con_comment_seq) values (6,'이것도 궁금해요','2021-05-24',71) ;
insert into tblCom_Comment(Com_Comment_seq,content,reg_time,con_comment_seq) values (7,'벌써 점심이네요..','2021-04-20',97) ;
insert into tblCom_Comment(Com_Comment_seq,content,reg_time,con_comment_seq) values (8,'저는 여기 취업했어요!','2021-10-07',66) ;
insert into tblCom_Comment(Com_Comment_seq,content,reg_time,con_comment_seq) values (9,'이렇게 하시면 돼요!','2021-06-21',55) ;
insert into tblCom_Comment(Com_Comment_seq,content,reg_time,con_comment_seq) values (10,'이렇게 하시면 돼요!','2021-02-13',68) ;
insert into tblCom_Comment(Com_Comment_seq,content,reg_time,con_comment_seq) values (11,'내일은 뭐하면 좋을까요?','2021-11-26',15) ;
insert into tblCom_Comment(Com_Comment_seq,content,reg_time,con_comment_seq) values (12,'저도 잘 모르겠네요 ㅠㅠ','2021-01-28',91) ;
insert into tblCom_Comment(Com_Comment_seq,content,reg_time,con_comment_seq) values (13,'이 언어도 쓰실줄 아시나요??','2021-10-03',48) ;
insert into tblCom_Comment(Com_Comment_seq,content,reg_time,con_comment_seq) values (14,'이것도 궁금해요','2021-08-11',58) ;
insert into tblCom_Comment(Com_Comment_seq,content,reg_time,con_comment_seq) values (15,'벌써 점심이네요..','2021-12-19',16) ;
insert into tblCom_Comment(Com_Comment_seq,content,reg_time,con_comment_seq) values (16,'내일은 뭐하면 좋을까요?','2021-03-07',16) ;
insert into tblCom_Comment(Com_Comment_seq,content,reg_time,con_comment_seq) values (17,'내일은 뭐하면 좋을까요?','2021-11-09',40) ;
insert into tblCom_Comment(Com_Comment_seq,content,reg_time,con_comment_seq) values (18,'내일은 뭐하면 좋을까요?','2021-09-11',55) ;
insert into tblCom_Comment(Com_Comment_seq,content,reg_time,con_comment_seq) values (19,'저는 여기 취업했어요!','2021-03-15',7) ;
insert into tblCom_Comment(Com_Comment_seq,content,reg_time,con_comment_seq) values (20,'벌써 점심이네요..','2021-09-21',35) ;
insert into tblCom_Comment(Com_Comment_seq,content,reg_time,con_comment_seq) values (21,'저는 여기 취업했어요!','2021-06-05',86) ;
insert into tblCom_Comment(Com_Comment_seq,content,reg_time,con_comment_seq) values (22,'내일은 뭐하면 좋을까요?','2021-09-06',99) ;
insert into tblCom_Comment(Com_Comment_seq,content,reg_time,con_comment_seq) values (23,'이 언어도 쓰실줄 아시나요??','2021-01-19',10) ;
insert into tblCom_Comment(Com_Comment_seq,content,reg_time,con_comment_seq) values (24,'이렇게 하시면 돼요!','2021-03-01',76) ;
insert into tblCom_Comment(Com_Comment_seq,content,reg_time,con_comment_seq) values (25,'저는 여기 취업했어요!','2021-11-18',19) ;
insert into tblCom_Comment(Com_Comment_seq,content,reg_time,con_comment_seq) values (26,'벌써 점심이네요..','2021-02-16',90) ;
insert into tblCom_Comment(Com_Comment_seq,content,reg_time,con_comment_seq) values (27,'내일은 뭐하면 좋을까요?','2021-02-19',45) ;
insert into tblCom_Comment(Com_Comment_seq,content,reg_time,con_comment_seq) values (28,'이것도 궁금해요','2021-11-13',84) ;
insert into tblCom_Comment(Com_Comment_seq,content,reg_time,con_comment_seq) values (29,'벌써 점심이네요..','2021-07-16',22) ;
insert into tblCom_Comment(Com_Comment_seq,content,reg_time,con_comment_seq) values (30,'저도 잘 모르겠네요 ㅠㅠ','2021-02-10',52) ;
insert into tblCom_Comment(Com_Comment_seq,content,reg_time,con_comment_seq) values (31,'이 언어도 쓰실줄 아시나요??','2021-08-28',64) ;
insert into tblCom_Comment(Com_Comment_seq,content,reg_time,con_comment_seq) values (32,'저는 여기 취업했어요!','2021-11-09',10) ;
insert into tblCom_Comment(Com_Comment_seq,content,reg_time,con_comment_seq) values (33,'내일은 뭐하면 좋을까요?','2021-05-03',50) ;
insert into tblCom_Comment(Com_Comment_seq,content,reg_time,con_comment_seq) values (34,'이것도 궁금해요','2021-11-24',92) ;
insert into tblCom_Comment(Com_Comment_seq,content,reg_time,con_comment_seq) values (35,'이 언어도 쓰실줄 아시나요??','2021-01-22',48) ;
insert into tblCom_Comment(Com_Comment_seq,content,reg_time,con_comment_seq) values (36,'이렇게 하시면 돼요!','2021-07-17',48) ;
insert into tblCom_Comment(Com_Comment_seq,content,reg_time,con_comment_seq) values (37,'이 언어도 쓰실줄 아시나요??','2021-07-19',89) ;
insert into tblCom_Comment(Com_Comment_seq,content,reg_time,con_comment_seq) values (38,'저는 여기 취업했어요!','2021-09-23',71) ;
insert into tblCom_Comment(Com_Comment_seq,content,reg_time,con_comment_seq) values (39,'벌써 점심이네요..','2021-08-03',14) ;
insert into tblCom_Comment(Com_Comment_seq,content,reg_time,con_comment_seq) values (40,'내일은 뭐하면 좋을까요?','2021-11-19',86) ;
insert into tblCom_Comment(Com_Comment_seq,content,reg_time,con_comment_seq) values (41,'저는 여기 취업했어요!','2021-09-09',6) ;
insert into tblCom_Comment(Com_Comment_seq,content,reg_time,con_comment_seq) values (42,'저도 잘 모르겠네요 ㅠㅠ','2021-09-18',85) ;
insert into tblCom_Comment(Com_Comment_seq,content,reg_time,con_comment_seq) values (43,'이렇게 하시면 돼요!','2021-11-21',5) ;
insert into tblCom_Comment(Com_Comment_seq,content,reg_time,con_comment_seq) values (44,'이렇게 하시면 돼요!','2021-04-21',97) ;
insert into tblCom_Comment(Com_Comment_seq,content,reg_time,con_comment_seq) values (45,'내일은 뭐하면 좋을까요?','2021-09-14',35) ;
insert into tblCom_Comment(Com_Comment_seq,content,reg_time,con_comment_seq) values (46,'저도 잘 모르겠네요 ㅠㅠ','2021-07-16',99) ;
insert into tblCom_Comment(Com_Comment_seq,content,reg_time,con_comment_seq) values (47,'내일은 뭐하면 좋을까요?','2021-05-14',87) ;
insert into tblCom_Comment(Com_Comment_seq,content,reg_time,con_comment_seq) values (48,'내일은 뭐하면 좋을까요?','2021-11-10',9) ;
insert into tblCom_Comment(Com_Comment_seq,content,reg_time,con_comment_seq) values (49,'내일은 뭐하면 좋을까요?','2021-08-18',26) ;
insert into tblCom_Comment(Com_Comment_seq,content,reg_time,con_comment_seq) values (50,'이 언어도 쓰실줄 아시나요??','2021-05-20',73) ;
insert into tblCom_Comment(Com_Comment_seq,content,reg_time,con_comment_seq) values (51,'이렇게 하시면 돼요!','2021-05-03',100) ;
insert into tblCom_Comment(Com_Comment_seq,content,reg_time,con_comment_seq) values (52,'저도 잘 모르겠네요 ㅠㅠ','2021-04-21',98) ;
insert into tblCom_Comment(Com_Comment_seq,content,reg_time,con_comment_seq) values (53,'내일은 뭐하면 좋을까요?','2021-02-21',95) ;
insert into tblCom_Comment(Com_Comment_seq,content,reg_time,con_comment_seq) values (54,'이렇게 하시면 돼요!','2021-08-18',93) ;
insert into tblCom_Comment(Com_Comment_seq,content,reg_time,con_comment_seq) values (55,'내일은 뭐하면 좋을까요?','2021-08-19',76) ;
insert into tblCom_Comment(Com_Comment_seq,content,reg_time,con_comment_seq) values (56,'벌써 점심이네요..','2021-03-15',21) ;
insert into tblCom_Comment(Com_Comment_seq,content,reg_time,con_comment_seq) values (57,'이 언어도 쓰실줄 아시나요??','2021-09-09',47) ;
insert into tblCom_Comment(Com_Comment_seq,content,reg_time,con_comment_seq) values (58,'이렇게 하시면 돼요!','2021-05-28',12) ;
insert into tblCom_Comment(Com_Comment_seq,content,reg_time,con_comment_seq) values (59,'벌써 점심이네요..','2021-06-04',12) ;
insert into tblCom_Comment(Com_Comment_seq,content,reg_time,con_comment_seq) values (60,'벌써 점심이네요..','2021-09-20',72) ;
insert into tblCom_Comment(Com_Comment_seq,content,reg_time,con_comment_seq) values (61,'이것도 궁금해요','2021-12-17',14) ;
insert into tblCom_Comment(Com_Comment_seq,content,reg_time,con_comment_seq) values (62,'이것도 궁금해요','2021-08-17',51) ;
insert into tblCom_Comment(Com_Comment_seq,content,reg_time,con_comment_seq) values (63,'이것도 궁금해요','2021-09-18',25) ;
insert into tblCom_Comment(Com_Comment_seq,content,reg_time,con_comment_seq) values (64,'저도 잘 모르겠네요 ㅠㅠ','2021-11-18',16) ;
insert into tblCom_Comment(Com_Comment_seq,content,reg_time,con_comment_seq) values (65,'저는 여기 취업했어요!','2021-09-02',89) ;
insert into tblCom_Comment(Com_Comment_seq,content,reg_time,con_comment_seq) values (66,'이렇게 하시면 돼요!','2021-09-19',95) ;
insert into tblCom_Comment(Com_Comment_seq,content,reg_time,con_comment_seq) values (67,'이 언어도 쓰실줄 아시나요??','2021-06-25',86) ;
insert into tblCom_Comment(Com_Comment_seq,content,reg_time,con_comment_seq) values (68,'이 언어도 쓰실줄 아시나요??','2021-12-28',53) ;
insert into tblCom_Comment(Com_Comment_seq,content,reg_time,con_comment_seq) values (69,'저도 잘 모르겠네요 ㅠㅠ','2021-07-25',19) ;
insert into tblCom_Comment(Com_Comment_seq,content,reg_time,con_comment_seq) values (70,'저는 여기 취업했어요!','2021-11-05',10) ;
insert into tblCom_Comment(Com_Comment_seq,content,reg_time,con_comment_seq) values (71,'이 언어도 쓰실줄 아시나요??','2021-02-22',69) ;
insert into tblCom_Comment(Com_Comment_seq,content,reg_time,con_comment_seq) values (72,'저도 잘 모르겠네요 ㅠㅠ','2021-07-18',33) ;
insert into tblCom_Comment(Com_Comment_seq,content,reg_time,con_comment_seq) values (73,'저는 여기 취업했어요!','2021-07-26',95) ;
insert into tblCom_Comment(Com_Comment_seq,content,reg_time,con_comment_seq) values (74,'내일은 뭐하면 좋을까요?','2021-03-13',84) ;
insert into tblCom_Comment(Com_Comment_seq,content,reg_time,con_comment_seq) values (75,'벌써 점심이네요..','2021-06-09',14) ;
insert into tblCom_Comment(Com_Comment_seq,content,reg_time,con_comment_seq) values (76,'이 언어도 쓰실줄 아시나요??','2021-05-11',95) ;
insert into tblCom_Comment(Com_Comment_seq,content,reg_time,con_comment_seq) values (77,'이것도 궁금해요','2021-02-05',27) ;
insert into tblCom_Comment(Com_Comment_seq,content,reg_time,con_comment_seq) values (78,'이 언어도 쓰실줄 아시나요??','2021-09-10',7) ;
insert into tblCom_Comment(Com_Comment_seq,content,reg_time,con_comment_seq) values (79,'내일은 뭐하면 좋을까요?','2021-09-23',49) ;
insert into tblCom_Comment(Com_Comment_seq,content,reg_time,con_comment_seq) values (80,'내일은 뭐하면 좋을까요?','2021-03-21',68) ;
insert into tblCom_Comment(Com_Comment_seq,content,reg_time,con_comment_seq) values (81,'저는 여기 취업했어요!','2021-12-24',2) ;
insert into tblCom_Comment(Com_Comment_seq,content,reg_time,con_comment_seq) values (82,'이렇게 하시면 돼요!','2021-06-21',37) ;
insert into tblCom_Comment(Com_Comment_seq,content,reg_time,con_comment_seq) values (83,'내일은 뭐하면 좋을까요?','2021-10-28',95) ;
insert into tblCom_Comment(Com_Comment_seq,content,reg_time,con_comment_seq) values (84,'저도 잘 모르겠네요 ㅠㅠ','2021-05-17',12) ;
insert into tblCom_Comment(Com_Comment_seq,content,reg_time,con_comment_seq) values (85,'이 언어도 쓰실줄 아시나요??','2021-01-02',30) ;
insert into tblCom_Comment(Com_Comment_seq,content,reg_time,con_comment_seq) values (86,'저도 잘 모르겠네요 ㅠㅠ','2021-09-03',49) ;
insert into tblCom_Comment(Com_Comment_seq,content,reg_time,con_comment_seq) values (87,'내일은 뭐하면 좋을까요?','2021-06-05',89) ;
insert into tblCom_Comment(Com_Comment_seq,content,reg_time,con_comment_seq) values (88,'이렇게 하시면 돼요!','2021-06-09',65) ;
insert into tblCom_Comment(Com_Comment_seq,content,reg_time,con_comment_seq) values (89,'저는 여기 취업했어요!','2021-11-16',6) ;
insert into tblCom_Comment(Com_Comment_seq,content,reg_time,con_comment_seq) values (90,'이렇게 하시면 돼요!','2021-06-16',53) ;
insert into tblCom_Comment(Com_Comment_seq,content,reg_time,con_comment_seq) values (91,'이 언어도 쓰실줄 아시나요??','2021-04-22',54) ;
insert into tblCom_Comment(Com_Comment_seq,content,reg_time,con_comment_seq) values (92,'벌써 점심이네요..','2021-02-20',54) ;
insert into tblCom_Comment(Com_Comment_seq,content,reg_time,con_comment_seq) values (93,'이 언어도 쓰실줄 아시나요??','2021-04-07',52) ;
insert into tblCom_Comment(Com_Comment_seq,content,reg_time,con_comment_seq) values (94,'이것도 궁금해요','2021-01-05',60) ;
insert into tblCom_Comment(Com_Comment_seq,content,reg_time,con_comment_seq) values (95,'이 언어도 쓰실줄 아시나요??','2021-08-12',80) ;
insert into tblCom_Comment(Com_Comment_seq,content,reg_time,con_comment_seq) values (96,'저는 여기 취업했어요!','2021-06-03',57) ;
insert into tblCom_Comment(Com_Comment_seq,content,reg_time,con_comment_seq) values (97,'저는 여기 취업했어요!','2021-12-07',98) ;
insert into tblCom_Comment(Com_Comment_seq,content,reg_time,con_comment_seq) values (98,'벌써 점심이네요..','2021-10-22',4) ;
insert into tblCom_Comment(Com_Comment_seq,content,reg_time,con_comment_seq) values (99,'이렇게 하시면 돼요!','2021-06-24',35) ;
insert into tblCom_Comment(Com_Comment_seq,content,reg_time,con_comment_seq) values (100,'이렇게 하시면 돼요!','2021-12-02',100) ;

insert into tblCom_Comment(Com_Comment_seq,content,reg_time,con_comment_seq) values (101,'잠시만요 제가 정리한거 보내드릴께요!!','2021-12-08',101) ;
insert into tblCom_Comment(Com_Comment_seq,content,reg_time,con_comment_seq) values (102,'오늘 조금 어렵긴 했죠..?','2021-10-27',102) ;
insert into tblCom_Comment(Com_Comment_seq,content,reg_time,con_comment_seq) values (103,'한 3시까지만 하고 자야겠어요.. 아까 너무 해매서 시간 버렸네요','2021-12-11',103) ;
insert into tblCom_Comment(Com_Comment_seq,content,reg_time,con_comment_seq) values (104,'저도 같이 공부 가능할까요??','2021-12-07',104) ;
insert into tblCom_Comment(Com_Comment_seq,content,reg_time,con_comment_seq) values (105,'저는 솔루션 회사로 도전해 볼려구요!','2021-12-12',105) ;
insert into tblCom_Comment(Com_Comment_seq,content,reg_time,con_comment_seq) values (106,'다들 새해복 많이받으세요!','2021-10-15',106) ;
insert into tblCom_Comment(Com_Comment_seq,content,reg_time,con_comment_seq) values (107,'토이프로젝트는 그냥 많이하는게 좋을거예요 질보다 양!!','2021-10-20',107) ;
insert into tblCom_Comment(Com_Comment_seq,content,reg_time,con_comment_seq) values (108,'저도요ㅠㅠ','2021-10-11',108) ;
insert into tblCom_Comment(Com_Comment_seq,content,reg_time,con_comment_seq) values (109,'저는 솔루션 갈껄 후회되네요','2021-11-18',109) ;
insert into tblCom_Comment(Com_Comment_seq,content,reg_time,con_comment_seq) values (110,'저도 공부 같이할 수 있을까요??','2021-09-19',110) ;

commit;

select * from tblCom_Comment;
--wishJob

--WishJob더미

INSERT INTO TBLWISHJOB (WISHJOB_SEQ, CITY, BASICPAY, STUDENT_SEQ) VALUES (1,'서울시 강서',1500000,1);
INSERT INTO TBLWISHJOB (WISHJOB_SEQ, CITY, BASICPAY, STUDENT_SEQ) VALUES (2,'서울시 강남',1800000,2);
INSERT INTO TBLWISHJOB (WISHJOB_SEQ, CITY, BASICPAY, STUDENT_SEQ) VALUES (3,'서울시 강서',1500000,3);
INSERT INTO TBLWISHJOB (WISHJOB_SEQ, CITY, BASICPAY, STUDENT_SEQ) VALUES (4,'서울시 강동',3500000,4);
INSERT INTO TBLWISHJOB (WISHJOB_SEQ, CITY, BASICPAY, STUDENT_SEQ) VALUES (5,'서울시 강북',3000000,5);
INSERT INTO TBLWISHJOB (WISHJOB_SEQ, CITY, BASICPAY, STUDENT_SEQ) VALUES (6,'서울시 강서',3500000,6);
INSERT INTO TBLWISHJOB (WISHJOB_SEQ, CITY, BASICPAY, STUDENT_SEQ) VALUES (7,'수원시',2000000,7);
INSERT INTO TBLWISHJOB (WISHJOB_SEQ, CITY, BASICPAY, STUDENT_SEQ) VALUES (8,'수원시',1500000,8);
INSERT INTO TBLWISHJOB (WISHJOB_SEQ, CITY, BASICPAY, STUDENT_SEQ) VALUES (9,'인천시',1800000,9);
INSERT INTO TBLWISHJOB (WISHJOB_SEQ, CITY, BASICPAY, STUDENT_SEQ) VALUES (10,'인천시',1500000,10);
INSERT INTO TBLWISHJOB (WISHJOB_SEQ, CITY, BASICPAY, STUDENT_SEQ) VALUES (11,'인천시',3000000,11);
INSERT INTO TBLWISHJOB (WISHJOB_SEQ, CITY, BASICPAY, STUDENT_SEQ) VALUES (12,'서울시 강서',1800000,12);
INSERT INTO TBLWISHJOB (WISHJOB_SEQ, CITY, BASICPAY, STUDENT_SEQ) VALUES (13,'서울시 강서',3000000,13);
INSERT INTO TBLWISHJOB (WISHJOB_SEQ, CITY, BASICPAY, STUDENT_SEQ) VALUES (14,'인천시',2500000,14);
INSERT INTO TBLWISHJOB (WISHJOB_SEQ, CITY, BASICPAY, STUDENT_SEQ) VALUES (15,'서울시 강동',1500000,15);
INSERT INTO TBLWISHJOB (WISHJOB_SEQ, CITY, BASICPAY, STUDENT_SEQ) VALUES (16,'인천시',1500000,16);
INSERT INTO TBLWISHJOB (WISHJOB_SEQ, CITY, BASICPAY, STUDENT_SEQ) VALUES (17,'서울시 강남',3000000,17);
INSERT INTO TBLWISHJOB (WISHJOB_SEQ, CITY, BASICPAY, STUDENT_SEQ) VALUES (18,'서울시 강동',1500000,18);
INSERT INTO TBLWISHJOB (WISHJOB_SEQ, CITY, BASICPAY, STUDENT_SEQ) VALUES (19,'인천시',3000000,19);
INSERT INTO TBLWISHJOB (WISHJOB_SEQ, CITY, BASICPAY, STUDENT_SEQ) VALUES (20,'서울시 강동',3000000,20);
INSERT INTO TBLWISHJOB (WISHJOB_SEQ, CITY, BASICPAY, STUDENT_SEQ) VALUES (21,'서울시 강북',1800000,21);
INSERT INTO TBLWISHJOB (WISHJOB_SEQ, CITY, BASICPAY, STUDENT_SEQ) VALUES (22,'서울시 강동',3500000,22);
INSERT INTO TBLWISHJOB (WISHJOB_SEQ, CITY, BASICPAY, STUDENT_SEQ) VALUES (23,'수원시',3500000,23);
INSERT INTO TBLWISHJOB (WISHJOB_SEQ, CITY, BASICPAY, STUDENT_SEQ) VALUES (24,'수원시',3500000,24);
INSERT INTO TBLWISHJOB (WISHJOB_SEQ, CITY, BASICPAY, STUDENT_SEQ) VALUES (25,'인천시',3500000,25);
INSERT INTO TBLWISHJOB (WISHJOB_SEQ, CITY, BASICPAY, STUDENT_SEQ) VALUES (26,'서울시 강남',1800000,26);
INSERT INTO TBLWISHJOB (WISHJOB_SEQ, CITY, BASICPAY, STUDENT_SEQ) VALUES (27,'서울시 강남',2500000,27);
INSERT INTO TBLWISHJOB (WISHJOB_SEQ, CITY, BASICPAY, STUDENT_SEQ) VALUES (28,'수원시',2500000,28);
INSERT INTO TBLWISHJOB (WISHJOB_SEQ, CITY, BASICPAY, STUDENT_SEQ) VALUES (29,'서울시 강남',1500000,29);
INSERT INTO TBLWISHJOB (WISHJOB_SEQ, CITY, BASICPAY, STUDENT_SEQ) VALUES (30,'서울시 강동',1800000,30);
INSERT INTO TBLWISHJOB (WISHJOB_SEQ, CITY, BASICPAY, STUDENT_SEQ) VALUES (31,'수원시',2500000,31);
INSERT INTO TBLWISHJOB (WISHJOB_SEQ, CITY, BASICPAY, STUDENT_SEQ) VALUES (32,'서울시 강남',1800000,32);
INSERT INTO TBLWISHJOB (WISHJOB_SEQ, CITY, BASICPAY, STUDENT_SEQ) VALUES (33,'서울시 강남',3500000,33);
INSERT INTO TBLWISHJOB (WISHJOB_SEQ, CITY, BASICPAY, STUDENT_SEQ) VALUES (34,'수원시',2500000,34);
INSERT INTO TBLWISHJOB (WISHJOB_SEQ, CITY, BASICPAY, STUDENT_SEQ) VALUES (35,'서울시 강동',2000000,35);
INSERT INTO TBLWISHJOB (WISHJOB_SEQ, CITY, BASICPAY, STUDENT_SEQ) VALUES (36,'수원시',3500000,36);
INSERT INTO TBLWISHJOB (WISHJOB_SEQ, CITY, BASICPAY, STUDENT_SEQ) VALUES (37,'서울시 강동',1800000,37);
INSERT INTO TBLWISHJOB (WISHJOB_SEQ, CITY, BASICPAY, STUDENT_SEQ) VALUES (38,'서울시 강동',2500000,38);
INSERT INTO TBLWISHJOB (WISHJOB_SEQ, CITY, BASICPAY, STUDENT_SEQ) VALUES (39,'서울시 강북',1800000,39);
INSERT INTO TBLWISHJOB (WISHJOB_SEQ, CITY, BASICPAY, STUDENT_SEQ) VALUES (40,'수원시',3000000,40);
INSERT INTO TBLWISHJOB (WISHJOB_SEQ, CITY, BASICPAY, STUDENT_SEQ) VALUES (41,'서울시 강동',3000000,41);
INSERT INTO TBLWISHJOB (WISHJOB_SEQ, CITY, BASICPAY, STUDENT_SEQ) VALUES (42,'서울시 강남',1800000,42);
INSERT INTO TBLWISHJOB (WISHJOB_SEQ, CITY, BASICPAY, STUDENT_SEQ) VALUES (43,'서울시 강남',1500000,43);
INSERT INTO TBLWISHJOB (WISHJOB_SEQ, CITY, BASICPAY, STUDENT_SEQ) VALUES (44,'서울시 강동',2500000,44);
INSERT INTO TBLWISHJOB (WISHJOB_SEQ, CITY, BASICPAY, STUDENT_SEQ) VALUES (45,'서울시 강서',2500000,45);
INSERT INTO TBLWISHJOB (WISHJOB_SEQ, CITY, BASICPAY, STUDENT_SEQ) VALUES (46,'서울시 강동',3000000,46);
INSERT INTO TBLWISHJOB (WISHJOB_SEQ, CITY, BASICPAY, STUDENT_SEQ) VALUES (47,'서울시 강동',3000000,47);
INSERT INTO TBLWISHJOB (WISHJOB_SEQ, CITY, BASICPAY, STUDENT_SEQ) VALUES (48,'인천시',2000000,48);
INSERT INTO TBLWISHJOB (WISHJOB_SEQ, CITY, BASICPAY, STUDENT_SEQ) VALUES (49,'서울시 강동',2500000,49);
INSERT INTO TBLWISHJOB (WISHJOB_SEQ, CITY, BASICPAY, STUDENT_SEQ) VALUES (50,'서울시 강서',1800000,50);
INSERT INTO TBLWISHJOB (WISHJOB_SEQ, CITY, BASICPAY, STUDENT_SEQ) VALUES (51,'서울시 강북',3000000,51);
INSERT INTO TBLWISHJOB (WISHJOB_SEQ, CITY, BASICPAY, STUDENT_SEQ) VALUES (52,'서울시 강남',3000000,52);
INSERT INTO TBLWISHJOB (WISHJOB_SEQ, CITY, BASICPAY, STUDENT_SEQ) VALUES (53,'서울시 강북',2500000,53);
INSERT INTO TBLWISHJOB (WISHJOB_SEQ, CITY, BASICPAY, STUDENT_SEQ) VALUES (54,'서울시 강서',2500000,54);
INSERT INTO TBLWISHJOB (WISHJOB_SEQ, CITY, BASICPAY, STUDENT_SEQ) VALUES (55,'서울시 강서',2000000,55);
INSERT INTO TBLWISHJOB (WISHJOB_SEQ, CITY, BASICPAY, STUDENT_SEQ) VALUES (56,'서울시 강서',3000000,56);
INSERT INTO TBLWISHJOB (WISHJOB_SEQ, CITY, BASICPAY, STUDENT_SEQ) VALUES (57,'수원시',1500000,57);
INSERT INTO TBLWISHJOB (WISHJOB_SEQ, CITY, BASICPAY, STUDENT_SEQ) VALUES (58,'서울시 강남',1500000,58);
INSERT INTO TBLWISHJOB (WISHJOB_SEQ, CITY, BASICPAY, STUDENT_SEQ) VALUES (59,'서울시 강북',3000000,59);
INSERT INTO TBLWISHJOB (WISHJOB_SEQ, CITY, BASICPAY, STUDENT_SEQ) VALUES (60,'서울시 강서',3000000,60);
INSERT INTO TBLWISHJOB (WISHJOB_SEQ, CITY, BASICPAY, STUDENT_SEQ) VALUES (61,'서울시 강남',3500000,61);
INSERT INTO TBLWISHJOB (WISHJOB_SEQ, CITY, BASICPAY, STUDENT_SEQ) VALUES (62,'수원시',3500000,62);
INSERT INTO TBLWISHJOB (WISHJOB_SEQ, CITY, BASICPAY, STUDENT_SEQ) VALUES (63,'인천시',1800000,63);
INSERT INTO TBLWISHJOB (WISHJOB_SEQ, CITY, BASICPAY, STUDENT_SEQ) VALUES (64,'수원시',3000000,64);
INSERT INTO TBLWISHJOB (WISHJOB_SEQ, CITY, BASICPAY, STUDENT_SEQ) VALUES (65,'서울시 강동',1500000,65);
INSERT INTO TBLWISHJOB (WISHJOB_SEQ, CITY, BASICPAY, STUDENT_SEQ) VALUES (66,'인천시',2500000,66);
INSERT INTO TBLWISHJOB (WISHJOB_SEQ, CITY, BASICPAY, STUDENT_SEQ) VALUES (67,'수원시',1800000,67);
INSERT INTO TBLWISHJOB (WISHJOB_SEQ, CITY, BASICPAY, STUDENT_SEQ) VALUES (68,'수원시',2000000,68);
INSERT INTO TBLWISHJOB (WISHJOB_SEQ, CITY, BASICPAY, STUDENT_SEQ) VALUES (69,'서울시 강동',2000000,69);
INSERT INTO TBLWISHJOB (WISHJOB_SEQ, CITY, BASICPAY, STUDENT_SEQ) VALUES (70,'서울시 강서',2000000,70);
INSERT INTO TBLWISHJOB (WISHJOB_SEQ, CITY, BASICPAY, STUDENT_SEQ) VALUES (71,'서울시 강남',2500000,71);
INSERT INTO TBLWISHJOB (WISHJOB_SEQ, CITY, BASICPAY, STUDENT_SEQ) VALUES (72,'인천시',3000000,72);
INSERT INTO TBLWISHJOB (WISHJOB_SEQ, CITY, BASICPAY, STUDENT_SEQ) VALUES (73,'서울시 강남',2500000,73);
INSERT INTO TBLWISHJOB (WISHJOB_SEQ, CITY, BASICPAY, STUDENT_SEQ) VALUES (74,'인천시',2000000,74);
INSERT INTO TBLWISHJOB (WISHJOB_SEQ, CITY, BASICPAY, STUDENT_SEQ) VALUES (75,'서울시 강남',1800000,75);
INSERT INTO TBLWISHJOB (WISHJOB_SEQ, CITY, BASICPAY, STUDENT_SEQ) VALUES (76,'서울시 강남',2500000,76);
INSERT INTO TBLWISHJOB (WISHJOB_SEQ, CITY, BASICPAY, STUDENT_SEQ) VALUES (77,'서울시 강북',2000000,77);
INSERT INTO TBLWISHJOB (WISHJOB_SEQ, CITY, BASICPAY, STUDENT_SEQ) VALUES (78,'서울시 강동',2500000,78);
INSERT INTO TBLWISHJOB (WISHJOB_SEQ, CITY, BASICPAY, STUDENT_SEQ) VALUES (79,'서울시 강동',3000000,79);
INSERT INTO TBLWISHJOB (WISHJOB_SEQ, CITY, BASICPAY, STUDENT_SEQ) VALUES (80,'인천시',2500000,80);
INSERT INTO TBLWISHJOB (WISHJOB_SEQ, CITY, BASICPAY, STUDENT_SEQ) VALUES (81,'수원시',3500000,81);
INSERT INTO TBLWISHJOB (WISHJOB_SEQ, CITY, BASICPAY, STUDENT_SEQ) VALUES (82,'서울시 강동',1500000,82);
INSERT INTO TBLWISHJOB (WISHJOB_SEQ, CITY, BASICPAY, STUDENT_SEQ) VALUES (83,'서울시 강북',3000000,83);
INSERT INTO TBLWISHJOB (WISHJOB_SEQ, CITY, BASICPAY, STUDENT_SEQ) VALUES (84,'서울시 강북',2500000,84);
INSERT INTO TBLWISHJOB (WISHJOB_SEQ, CITY, BASICPAY, STUDENT_SEQ) VALUES (85,'서울시 강서',3500000,85);
INSERT INTO TBLWISHJOB (WISHJOB_SEQ, CITY, BASICPAY, STUDENT_SEQ) VALUES (86,'수원시',2500000,86);
INSERT INTO TBLWISHJOB (WISHJOB_SEQ, CITY, BASICPAY, STUDENT_SEQ) VALUES (87,'서울시 강남',3000000,87);
INSERT INTO TBLWISHJOB (WISHJOB_SEQ, CITY, BASICPAY, STUDENT_SEQ) VALUES (88,'수원시',2500000,88);
INSERT INTO TBLWISHJOB (WISHJOB_SEQ, CITY, BASICPAY, STUDENT_SEQ) VALUES (89,'서울시 강남',1500000,89);
INSERT INTO TBLWISHJOB (WISHJOB_SEQ, CITY, BASICPAY, STUDENT_SEQ) VALUES (90,'서울시 강서',2000000,90);
INSERT INTO TBLWISHJOB (WISHJOB_SEQ, CITY, BASICPAY, STUDENT_SEQ) VALUES (91,'서울시 강동',1500000,91);
INSERT INTO TBLWISHJOB (WISHJOB_SEQ, CITY, BASICPAY, STUDENT_SEQ) VALUES (92,'서울시 강동',1800000,92);
INSERT INTO TBLWISHJOB (WISHJOB_SEQ, CITY, BASICPAY, STUDENT_SEQ) VALUES (93,'서울시 강북',1800000,93);
INSERT INTO TBLWISHJOB (WISHJOB_SEQ, CITY, BASICPAY, STUDENT_SEQ) VALUES (94,'서울시 강남',2000000,94);
INSERT INTO TBLWISHJOB (WISHJOB_SEQ, CITY, BASICPAY, STUDENT_SEQ) VALUES (95,'서울시 강남',2500000,95);
INSERT INTO TBLWISHJOB (WISHJOB_SEQ, CITY, BASICPAY, STUDENT_SEQ) VALUES (96,'서울시 강남',1500000,96);
INSERT INTO TBLWISHJOB (WISHJOB_SEQ, CITY, BASICPAY, STUDENT_SEQ) VALUES (97,'수원시',2500000,97);
INSERT INTO TBLWISHJOB (WISHJOB_SEQ, CITY, BASICPAY, STUDENT_SEQ) VALUES (98,'인천시',1800000,98);
INSERT INTO TBLWISHJOB (WISHJOB_SEQ, CITY, BASICPAY, STUDENT_SEQ) VALUES (99,'수원시',3000000,99);
INSERT INTO TBLWISHJOB (WISHJOB_SEQ, CITY, BASICPAY, STUDENT_SEQ) VALUES (100,'서울시 강북',1500000,100);

commit;

select * from TBLWISHJOB;
--StudentSpec

insert into tblStudentspec(student_seq , Education , certificate ) values (1, '대졸', 'OCP,빅데이터 분석기사,빅데이터 분석기사,정보처리 기사') ;
insert into tblStudentspec(student_seq , Education , certificate ) values (2, '대졸', '컴활') ;
insert into tblStudentspec(student_seq , Education , certificate ) values (3, '대졸', 'SQLP,OCP,정보처리 산업기사') ;
insert into tblStudentspec(student_seq , Education , certificate ) values (4, '대졸', '컴활') ;
insert into tblStudentspec(student_seq , Education , certificate ) values (5, '대졸', '빅데이터 분석기사,OCP,정보처리 기사') ;
insert into tblStudentspec(student_seq , Education , certificate ) values (6, '대졸', 'OCP,SQLP') ;
insert into tblStudentspec(student_seq , Education , certificate ) values (7, '대졸', 'SQLD,컴활') ;
insert into tblStudentspec(student_seq , Education , certificate ) values (8, '중졸', '정보처리 산업기사,OCM') ;
insert into tblStudentspec(student_seq , Education , certificate ) values (9, '박사', 'OCP,MOS,OCP,OCA') ;
insert into tblStudentspec(student_seq , Education , certificate ) values (10, '박사', 'OCM,빅데이터 분석기사,OCA,SQLD') ;
insert into tblStudentspec(student_seq , Education , certificate ) values (11, '고졸', '정보처리 산업기사,정보처리 기사,MOS,OCP') ;
insert into tblStudentspec(student_seq , Education , certificate ) values (12, '중졸', 'OCM') ;
insert into tblStudentspec(student_seq , Education , certificate ) values (13, '중졸', 'SQLD,정보처리 기사,빅데이터 분석기사,정보처리 기사') ;
insert into tblStudentspec(student_seq , Education , certificate ) values (14, '석사', 'MOS') ;
insert into tblStudentspec(student_seq , Education , certificate ) values (15, '석사', 'SQLP,네트워크 관리사,빅데이터 분석기사,정보처리 기사') ;
insert into tblStudentspec(student_seq , Education , certificate ) values (16, '석사', '빅데이터 분석기사,정보처리 기사,컴활') ;
insert into tblStudentspec(student_seq , Education , certificate ) values (17, '석사', '네트워크 관리사') ;
insert into tblStudentspec(student_seq , Education , certificate ) values (18, '고졸', 'MOS') ;
insert into tblStudentspec(student_seq , Education , certificate ) values (19, '석사', '정보처리 기사,OCM') ;
insert into tblStudentspec(student_seq , Education , certificate ) values (20, '전문대졸', 'SQLP,컴활') ;
insert into tblStudentspec(student_seq , Education , certificate ) values (21, '석사', '정보처리 산업기사,정보처리 기사') ;
insert into tblStudentspec(student_seq , Education , certificate ) values (22, '박사', '컴활') ;
insert into tblStudentspec(student_seq , Education , certificate ) values (23, '석사', 'OCM') ;
insert into tblStudentspec(student_seq , Education , certificate ) values (24, '전문대졸', 'OCA') ;
insert into tblStudentspec(student_seq , Education , certificate ) values (25, '전문대졸', 'SQLP,OCM,네트워크 관리사') ;
insert into tblStudentspec(student_seq , Education , certificate ) values (26, '대졸', '정보처리 기사,네트워크 관리사') ;
insert into tblStudentspec(student_seq , Education , certificate ) values (27, '중졸', '정보처리 산업기사') ;
insert into tblStudentspec(student_seq , Education , certificate ) values (28, '고졸', '네트워크 관리사,빅데이터 분석기사,정보처리 산업기사,SQLD') ;
insert into tblStudentspec(student_seq , Education , certificate ) values (29, '전문대졸', '컴활') ;
insert into tblStudentspec(student_seq , Education , certificate ) values (30, '고졸', 'SQLD,OCA,OCA') ;
insert into tblStudentspec(student_seq , Education , certificate ) values (31, '전문대졸', 'SQLP,네트워크 관리사,OCA,정보처리 산업기사') ;
insert into tblStudentspec(student_seq , Education , certificate ) values (32, '석사', 'OCP,SQLD,OCA') ;
insert into tblStudentspec(student_seq , Education , certificate ) values (33, '중졸', 'OCA,SQLD,MOS') ;
insert into tblStudentspec(student_seq , Education , certificate ) values (34, '석사', 'MOS,SQLP,OCM') ;
insert into tblStudentspec(student_seq , Education , certificate ) values (35, '대졸', 'MOS,OCM,정보처리 산업기사') ;
insert into tblStudentspec(student_seq , Education , certificate ) values (36, '중졸', 'OCA,네트워크 관리사') ;
insert into tblStudentspec(student_seq , Education , certificate ) values (37, '전문대졸', 'MOS,컴활,네트워크 관리사') ;
insert into tblStudentspec(student_seq , Education , certificate ) values (38, '중졸', 'OCM') ;
insert into tblStudentspec(student_seq , Education , certificate ) values (39, '전문대졸', 'MOS,SQLP,정보처리 산업기사') ;
insert into tblStudentspec(student_seq , Education , certificate ) values (40, '석사', '정보처리 산업기사,OCP') ;
insert into tblStudentspec(student_seq , Education , certificate ) values (41, '대졸', 'OCM,컴활,OCA') ;
insert into tblStudentspec(student_seq , Education , certificate ) values (42, '석사', '네트워크 관리사,OCP,OCM') ;
insert into tblStudentspec(student_seq , Education , certificate ) values (43, '고졸', 'OCP,빅데이터 분석기사,정보처리 기사') ;
insert into tblStudentspec(student_seq , Education , certificate ) values (44, '중졸', 'SQLP,네트워크 관리사,OCM,정보처리 기사') ;
insert into tblStudentspec(student_seq , Education , certificate ) values (45, '대졸', 'SQLD') ;
insert into tblStudentspec(student_seq , Education , certificate ) values (46, '석사', 'MOS') ;
insert into tblStudentspec(student_seq , Education , certificate ) values (47, '박사', 'SQLP,컴활') ;
insert into tblStudentspec(student_seq , Education , certificate ) values (48, '석사', 'SQLD,빅데이터 분석기사') ;
insert into tblStudentspec(student_seq , Education , certificate ) values (49, '박사', 'OCM,빅데이터 분석기사,MOS') ;
insert into tblStudentspec(student_seq , Education , certificate ) values (50, '대졸', '컴활,빅데이터 분석기사') ;
insert into tblStudentspec(student_seq , Education , certificate ) values (51, '전문대졸', 'OCM') ;
insert into tblStudentspec(student_seq , Education , certificate ) values (52, '전문대졸', '정보처리 기사') ;
insert into tblStudentspec(student_seq , Education , certificate ) values (53, '박사', 'SQLP,OCA,정보처리 기사,OCM') ;
insert into tblStudentspec(student_seq , Education , certificate ) values (54, '대졸', '네트워크 관리사,네트워크 관리사') ;
insert into tblStudentspec(student_seq , Education , certificate ) values (55, '석사', '네트워크 관리사,빅데이터 분석기사,정보처리 산업기사') ;
insert into tblStudentspec(student_seq , Education , certificate ) values (56, '중졸', '네트워크 관리사,정보처리 기사,빅데이터 분석기사') ;
insert into tblStudentspec(student_seq , Education , certificate ) values (57, '중졸', '컴활,MOS') ;
insert into tblStudentspec(student_seq , Education , certificate ) values (58, '석사', '컴활') ;
insert into tblStudentspec(student_seq , Education , certificate ) values (59, '고졸', '정보처리 산업기사,OCP') ;
insert into tblStudentspec(student_seq , Education , certificate ) values (60, '석사', '정보처리 기사,정보처리 산업기사,컴활') ;
insert into tblStudentspec(student_seq , Education , certificate ) values (61, '전문대졸', '정보처리 기사,컴활,빅데이터 분석기사') ;
insert into tblStudentspec(student_seq , Education , certificate ) values (62, '석사', '정보처리 산업기사,정보처리 기사') ;
insert into tblStudentspec(student_seq , Education , certificate ) values (63, '고졸', 'MOS,SQLP') ;
insert into tblStudentspec(student_seq , Education , certificate ) values (64, '석사', 'OCA,네트워크 관리사,OCA,OCA') ;
insert into tblStudentspec(student_seq , Education , certificate ) values (65, '중졸', 'OCP') ;
insert into tblStudentspec(student_seq , Education , certificate ) values (66, '중졸', '빅데이터 분석기사') ;
insert into tblStudentspec(student_seq , Education , certificate ) values (67, '고졸', '빅데이터 분석기사') ;
insert into tblStudentspec(student_seq , Education , certificate ) values (68, '전문대졸', '정보처리 산업기사,SQLD,OCA') ;
insert into tblStudentspec(student_seq , Education , certificate ) values (69, '대졸', 'OCM') ;
insert into tblStudentspec(student_seq , Education , certificate ) values (70, '중졸', 'OCA') ;
insert into tblStudentspec(student_seq , Education , certificate ) values (71, '고졸', '정보처리 기사') ;
insert into tblStudentspec(student_seq , Education , certificate ) values (72, '전문대졸', 'MOS,SQLD,컴활') ;
insert into tblStudentspec(student_seq , Education , certificate ) values (73, '전문대졸', '컴활,MOS,OCP') ;
insert into tblStudentspec(student_seq , Education , certificate ) values (74, '석사', 'SQLD') ;
insert into tblStudentspec(student_seq , Education , certificate ) values (75, '박사', 'OCP,SQLP') ;
insert into tblStudentspec(student_seq , Education , certificate ) values (76, '전문대졸', '컴활,OCM,네트워크 관리사') ;
insert into tblStudentspec(student_seq , Education , certificate ) values (77, '박사', '컴활,네트워크 관리사,MOS,빅데이터 분석기사') ;
insert into tblStudentspec(student_seq , Education , certificate ) values (78, '석사', 'SQLD') ;
insert into tblStudentspec(student_seq , Education , certificate ) values (79, '박사', 'OCM,MOS,빅데이터 분석기사,MOS') ;
insert into tblStudentspec(student_seq , Education , certificate ) values (80, '중졸', '빅데이터 분석기사,SQLP,정보처리 기사,OCP') ;
insert into tblStudentspec(student_seq , Education , certificate ) values (81, '대졸', 'OCM,OCA') ;
insert into tblStudentspec(student_seq , Education , certificate ) values (82, '중졸', 'OCP,OCP,SQLP') ;
insert into tblStudentspec(student_seq , Education , certificate ) values (83, '중졸', '컴활,MOS,빅데이터 분석기사,SQLP') ;
insert into tblStudentspec(student_seq , Education , certificate ) values (84, '석사', 'OCM') ;
insert into tblStudentspec(student_seq , Education , certificate ) values (85, '중졸', 'MOS') ;
insert into tblStudentspec(student_seq , Education , certificate ) values (86, '고졸', '정보처리 산업기사,빅데이터 분석기사,네트워크 관리사') ;
insert into tblStudentspec(student_seq , Education , certificate ) values (87, '대졸', '정보처리 산업기사,MOS') ;
insert into tblStudentspec(student_seq , Education , certificate ) values (88, '전문대졸', '컴활,네트워크 관리사,OCP,OCP') ;
insert into tblStudentspec(student_seq , Education , certificate ) values (89, '전문대졸', 'OCM,컴활,컴활') ;
insert into tblStudentspec(student_seq , Education , certificate ) values (90, '고졸', 'SQLD,컴활,OCM,빅데이터 분석기사') ;
insert into tblStudentspec(student_seq , Education , certificate ) values (91, '석사', 'SQLD') ;
insert into tblStudentspec(student_seq , Education , certificate ) values (92, '박사', 'MOS,SQLP,OCP,OCP') ;
insert into tblStudentspec(student_seq , Education , certificate ) values (93, '대졸', '빅데이터 분석기사,SQLP') ;
insert into tblStudentspec(student_seq , Education , certificate ) values (94, '전문대졸', 'OCA') ;
insert into tblStudentspec(student_seq , Education , certificate ) values (95, '석사', 'SQLP') ;
insert into tblStudentspec(student_seq , Education , certificate ) values (96, '석사', '정보처리 기사,OCP') ;
insert into tblStudentspec(student_seq , Education , certificate ) values (97, '박사', 'SQLD,OCM') ;
insert into tblStudentspec(student_seq , Education , certificate ) values (98, '고졸', 'OCM,네트워크 관리사,빅데이터 분석기사') ;
insert into tblStudentspec(student_seq , Education , certificate ) values (99, '고졸', 'OCM,SQLD,SQLD,빅데이터 분석기사') ;
insert into tblStudentspec(student_seq , Education , certificate ) values (100, '고졸', '컴활,네트워크 관리사,정보처리 기사,OCM') ;
commit;

select * from tblStudentspec;
--Counsel

insert into tblcounsel values (1, '선생님', '공부 상담', '2021-09-12', 1, 5, 2);
insert into tblcounsel values (2, '관리자', '취업상담', '2021-09-08', 2, 6, 3);
insert into tblcounsel values (3, '선생님', '공부 상담', '2021-03-04', 3, 7, 4);
insert into tblcounsel values (4, '선생님', '취업상담', '2021-06-01', 4, 8, 1);
insert into tblcounsel values (5, '관리자', '개인 사정', '2021-09-18', 5, 9, 2);
insert into tblcounsel values (6, '관리자', '학원생 간 불화', '2021-06-06', 6, 1, 3);
insert into tblcounsel values (7, '관리자', '학원생 간 불화', '2021-01-01', 7, 2, 4);
insert into tblcounsel values (8, '선생님', '개인 사정', '2021-08-20', 8, 3, 1);
insert into tblcounsel values (9, '선생님', '공부 상담', '2021-03-28', 9, 4, 2);
insert into tblcounsel values (10, '관리자', '취업상담', '2021-05-08', 10, 5, 3);
insert into tblcounsel values (11, '관리자', '개인 사정', '2021-11-01', 11, 6, 4);
insert into tblcounsel values (12, '선생님', '취업상담', '2021-07-27', 12, 7, 1);
insert into tblcounsel values (13, '선생님', '공부 상담', '2021-03-03', 13, 8, 2);
insert into tblcounsel values (14, '선생님', '개인 사정', '2021-08-26', 14, 9, 3);
insert into tblcounsel values (15, '선생님', '공부 상담', '2021-04-04', 15, 1, 4);
insert into tblcounsel values (16, '관리자', '개인 사정', '2021-02-28', 16, 2, 1);
insert into tblcounsel values (17, '관리자', '개인 사정', '2021-08-21', 17, 3, 2);
insert into tblcounsel values (18, '선생님', '공부 상담', '2021-05-13', 18, 4, 3);
insert into tblcounsel values (19, '선생님', '개인 사정', '2021-07-27', 19, 5, 4);
insert into tblcounsel values (20, '선생님', '개인 사정', '2021-01-17', 20, 6, 1);
insert into tblcounsel values (21, '선생님', '취업상담', '2021-09-12', 21, 7, 2);
insert into tblcounsel values (22, '선생님', '공부 상담', '2021-03-08', 22, 8, 3);
insert into tblcounsel values (23, '선생님', '개인 사정', '2021-05-11', 23, 9, 4);
insert into tblcounsel values (24, '관리자', '공부 상담', '2021-07-10', 24, 1, 1);
insert into tblcounsel values (25, '선생님', '개인 사정', '2021-04-15', 25, 2, 2);
insert into tblcounsel values (26, '관리자', '공부 상담', '2021-12-25', 26, 3, 3);
insert into tblcounsel values (27, '선생님', '학원생 간 불화', '2021-10-18', 27, 4, 4);
insert into tblcounsel values (28, '선생님', '개인 사정', '2021-06-23', 28, 5, 1);
insert into tblcounsel values (29, '선생님', '개인 사정', '2021-08-03', 29, 6, 2);
insert into tblcounsel values (30, '관리자', '개인 사정', '2021-03-27', 1, 7, 3);
insert into tblcounsel values (31, '관리자', '취업상담', '2021-07-20', 2, 8, 4);
insert into tblcounsel values (32, '선생님', '취업상담', '2021-11-04', 3, 9, 1);
insert into tblcounsel values (33, '관리자', '공부 상담', '2021-07-20', 4, 1, 2);
insert into tblcounsel values (34, '관리자', '개인 사정', '2021-11-24', 5, 2, 3);
insert into tblcounsel values (35, '관리자', '취업상담', '2021-09-06', 6, 3, 4);
insert into tblcounsel values (36, '관리자', '공부 상담', '2021-04-11', 7, 4, 1);
insert into tblcounsel values (37, '선생님', '개인 사정', '2021-03-17', 8, 5, 2);
insert into tblcounsel values (38, '관리자', '학원생 간 불화', '2021-01-15', 9, 6, 3);
insert into tblcounsel values (39, '선생님', '공부 상담', '2021-08-05', 10, 7, 4);
insert into tblcounsel values (40, '관리자', '공부 상담', '2021-08-27', 11, 8, 1);
insert into tblcounsel values (41, '선생님', '취업상담', '2021-01-16', 12, 9, 2);
insert into tblcounsel values (42, '선생님', '개인 사정', '2021-09-14', 13, 1, 3);
insert into tblcounsel values (43, '선생님', '취업상담', '2021-08-12', 14, 2, 4);
insert into tblcounsel values (44, '선생님', '취업상담', '2021-10-19', 15, 3, 1);
insert into tblcounsel values (45, '관리자', '학원생 간 불화', '2021-08-08', 16, 4, 2);
insert into tblcounsel values (46, '관리자', '취업상담', '2021-07-06', 17, 5, 3);
insert into tblcounsel values (47, '선생님', '학원생 간 불화', '2021-06-05', 18, 6, 4);
insert into tblcounsel values (48, '관리자', '개인 사정', '2021-04-06', 19, 7, 1);
insert into tblcounsel values (49, '관리자', '개인 사정', '2021-09-19', 20, 8, 2);
insert into tblcounsel values (50, '관리자', '공부 상담', '2021-02-20', 21, 9, 3);
insert into tblcounsel values (51, '관리자', '개인 사정', '2021-07-28', 22, 1, 4);
insert into tblcounsel values (52, '관리자', '개인 사정', '2021-05-14', 23, 2, 1);
insert into tblcounsel values (53, '관리자', '취업상담', '2021-09-22', 24, 3, 2);
insert into tblcounsel values (54, '선생님', '취업상담', '2021-08-12', 25, 4, 3);
insert into tblcounsel values (55, '선생님', '개인 사정', '2021-10-28', 26, 5, 4);
insert into tblcounsel values (56, '관리자', '공부 상담', '2021-06-06', 27, 6, 1);
insert into tblcounsel values (57, '선생님', '공부 상담', '2021-04-23', 28, 7, 2);
insert into tblcounsel values (58, '선생님', '취업상담', '2021-02-21', 29, 8, 3);
insert into tblcounsel values (59, '관리자', '학원생 간 불화', '2021-05-28', 1, 9, 4);
insert into tblcounsel values (60, '선생님', '취업상담', '2021-12-06', 2, 1, 1);
insert into tblcounsel values (61, '선생님', '취업상담', '2021-11-13', 3, 2, 2);
insert into tblcounsel values (62, '관리자', '학원생 간 불화', '2021-05-07', 4, 3, 3);
insert into tblcounsel values (63, '선생님', '개인 사정', '2021-08-12', 5, 4, 4);
insert into tblcounsel values (64, '관리자', '공부 상담', '2021-10-28', 6, 5, 1);
insert into tblcounsel values (65, '선생님', '공부 상담', '2021-06-21', 7, 6, 2);
insert into tblcounsel values (66, '선생님', '취업상담', '2021-01-24', 8, 7, 3);
insert into tblcounsel values (67, '선생님', '개인 사정', '2021-04-25', 9, 8, 4);
insert into tblcounsel values (68, '선생님', '개인 사정', '2021-07-03', 10, 9, 1);
insert into tblcounsel values (69, '관리자', '공부 상담', '2021-02-08', 11, 1, 2);
insert into tblcounsel values (70, '관리자', '취업상담', '2021-04-11', 12, 2, 3);
insert into tblcounsel values (71, '관리자', '공부 상담', '2021-12-08', 13, 3, 4);
insert into tblcounsel values (72, '선생님', '취업상담', '2021-01-12', 14, 4, 1);
insert into tblcounsel values (73, '선생님', '학원생 간 불화', '2021-07-01', 15, 5, 2);
insert into tblcounsel values (74, '관리자', '학원생 간 불화', '2021-08-21', 16, 6, 3);
insert into tblcounsel values (75, '선생님', '학원생 간 불화', '2021-10-23', 17, 7, 4);
insert into tblcounsel values (76, '선생님', '개인 사정', '2021-02-12', 18, 8, 1);
insert into tblcounsel values (77, '관리자', '개인 사정', '2021-09-28', 19, 9, 2);
insert into tblcounsel values (78, '관리자', '공부 상담', '2021-04-06', 20, 1, 3);
insert into tblcounsel values (79, '관리자', '취업상담', '2021-09-04', 21, 2, 4);
insert into tblcounsel values (80, '관리자', '취업상담', '2021-02-06', 22, 3, 1);
insert into tblcounsel values (81, '선생님', '학원생 간 불화', '2021-06-25', 23, 4, 2);
insert into tblcounsel values (82, '관리자', '취업상담', '2021-02-27', 24, 5, 3);
insert into tblcounsel values (83, '관리자', '공부 상담', '2021-11-22', 25, 6, 4);
insert into tblcounsel values (84, '관리자', '공부 상담', '2021-01-16', 26, 7, 1);
insert into tblcounsel values (85, '관리자', '학원생 간 불화', '2021-10-28', 27, 8, 2);
insert into tblcounsel values (86, '선생님', '공부 상담', '2021-05-28', 28, 9, 3);
insert into tblcounsel values (87, '선생님', '취업상담', '2021-04-25', 29, 1, 4);
insert into tblcounsel values (88, '선생님', '공부 상담', '2021-01-27', 1, 2, 1);
insert into tblcounsel values (89, '선생님', '공부 상담', '2021-04-04', 2, 3, 2);
insert into tblcounsel values (90, '선생님', '개인 사정', '2021-08-27', 3, 4, 3);
insert into tblcounsel values (91, '선생님', '학원생 간 불화', '2021-01-19', 4, 5, 4);
insert into tblcounsel values (92, '관리자', '공부 상담', '2021-05-28', 5, 6, 1);
insert into tblcounsel values (93, '선생님', '개인 사정', '2021-03-09', 6, 7, 2);
insert into tblcounsel values (94, '관리자', '학원생 간 불화', '2021-03-28', 7, 8, 3);
insert into tblcounsel values (95, '관리자', '개인 사정', '2021-05-28', 8, 9, 4);
insert into tblcounsel values (96, '선생님', '공부 상담', '2021-06-14', 9, 1, 1);
insert into tblcounsel values (97, '선생님', '개인 사정', '2021-10-18', 10, 2, 2);
insert into tblcounsel values (98, '선생님', '학원생 간 불화', '2021-04-08', 11, 3, 3);
insert into tblcounsel values (99, '선생님', '학원생 간 불화', '2021-02-26', 12, 4, 4);
insert into tblcounsel values (100, '관리자', '공부 상담', '2021-09-18', 13, 5, 1);

insert into tblCounsel values(101, '선생님', '취업상담', '2021-12-15',1, 11, 1);
insert into tblCounsel values(102, '선생님', '고민상담', '2021-12-20',2, 11, 1);
insert into tblCounsel values(103, '선생님', '진로 상담', '2021-12-15',3, 11, 1);
insert into tblCounsel values(104, '선생님', '공부법 상담', '2021-12-22',4, 11, 1);
insert into tblCounsel values(105, '선생님', '통학 상담', '2021-12-30',5, 11, 1);
insert into tblCounsel values(106, '선생님', '고민상담', '2021-12-17',6, 11, 1);

commit;

select * from tblCounsel;

--assessement

insert into tblassessment(assessment_seq , contents , regdate , sugang_seq , teacher_seq) 
                          values (1, '선생님 수업이 재미없어요.' , '2021-12-10' ,40 ,1) ; 
insert into tblassessment(assessment_seq , contents , regdate , sugang_seq , teacher_seq) 
                          values (2, '선생님 수업이 너무 쉬어워.' , '2021-06-20' ,34 ,5) ; 
insert into tblassessment(assessment_seq , contents , regdate , sugang_seq , teacher_seq) 
                          values (3, '선생님 수업이 재미없어요.' , '2021-06-06' ,62 ,3) ; 
insert into tblassessment(assessment_seq , contents , regdate , sugang_seq , teacher_seq) 
                          values (4, '선생님 수업이 재미있어요.' , '2021-03-13' ,53 ,3) ; 
insert into tblassessment(assessment_seq , contents , regdate , sugang_seq , teacher_seq) 
                          values (5, '선생님 수업이 재미있어요.' , '2021-09-19' ,100 ,6) ; 
insert into tblassessment(assessment_seq , contents , regdate , sugang_seq , teacher_seq) 
                          values (6, '선생님 수업이 어려워요.' , '2021-07-02' ,53 ,4) ; 
insert into tblassessment(assessment_seq , contents , regdate , sugang_seq , teacher_seq) 
                          values (7, '선생님 수업이 지루해요.' , '2021-07-07' ,21 ,6) ; 
insert into tblassessment(assessment_seq , contents , regdate , sugang_seq , teacher_seq) 
                          values (8, '선생님 수업이 지루해요.' , '2021-05-06' ,60 ,5) ; 
insert into tblassessment(assessment_seq , contents , regdate , sugang_seq , teacher_seq) 
                          values (9, '선생님 수업이 너무 쉬어워.' , '2021-04-17' ,1 ,5) ; 
insert into tblassessment(assessment_seq , contents , regdate , sugang_seq , teacher_seq) 
                          values (10, '선생님 수업이 너무 쉬어워.' , '2021-04-01' ,34 ,4) ; 
insert into tblassessment(assessment_seq , contents , regdate , sugang_seq , teacher_seq) 
                          values (11, '선생님 수업이 재미있어요.' , '2021-06-22' ,57 ,5) ; 
insert into tblassessment(assessment_seq , contents , regdate , sugang_seq , teacher_seq) 
                          values (12, '선생님 수업이 지루해요.' , '2021-09-15' ,4 ,3) ; 
insert into tblassessment(assessment_seq , contents , regdate , sugang_seq , teacher_seq) 
                          values (13, '선생님 수업이 너무 재미있어요.' , '2021-11-04' ,82 ,4) ; 
insert into tblassessment(assessment_seq , contents , regdate , sugang_seq , teacher_seq) 
                          values (14, '선생님 수업이 너무 쉬어워.' , '2021-05-15' ,86 ,3) ; 
insert into tblassessment(assessment_seq , contents , regdate , sugang_seq , teacher_seq) 
                          values (15, '선생님 수업이 너무 졸려워요.' , '2021-05-09' ,15 ,3) ; 
insert into tblassessment(assessment_seq , contents , regdate , sugang_seq , teacher_seq) 
                          values (16, '선생님 수업이 지루해요.' , '2021-10-01' ,74 ,5) ; 
insert into tblassessment(assessment_seq , contents , regdate , sugang_seq , teacher_seq) 
                          values (17, '선생님 수업이 지루해요.' , '2021-10-21' ,32 ,3) ; 
insert into tblassessment(assessment_seq , contents , regdate , sugang_seq , teacher_seq) 
                          values (18, '선생님 수업이 재미없어요.' , '2021-09-01' ,94 ,6) ; 
insert into tblassessment(assessment_seq , contents , regdate , sugang_seq , teacher_seq) 
                          values (19, '선생님 수업이 너무 재미있어요.' , '2021-11-16' ,96 ,2) ; 
insert into tblassessment(assessment_seq , contents , regdate , sugang_seq , teacher_seq) 
                          values (20, '선생님 수업이 너무 졸려워요.' , '2021-01-27' ,79 ,5) ; 
insert into tblassessment(assessment_seq , contents , regdate , sugang_seq , teacher_seq) 
                          values (21, '선생님 수업이 너무 졸려워요.' , '2021-12-26' ,58 ,3) ; 
insert into tblassessment(assessment_seq , contents , regdate , sugang_seq , teacher_seq) 
                          values (22, '선생님 수업이 너무 재미있어요.' , '2021-03-10' ,17 ,1) ; 
insert into tblassessment(assessment_seq , contents , regdate , sugang_seq , teacher_seq) 
                          values (23, '선생님 수업이 재미없어요.' , '2021-06-22' ,58 ,2) ; 
insert into tblassessment(assessment_seq , contents , regdate , sugang_seq , teacher_seq) 
                          values (24, '선생님 수업이 너무 졸려워요.' , '2021-11-05' ,61 ,3) ; 
insert into tblassessment(assessment_seq , contents , regdate , sugang_seq , teacher_seq) 
                          values (25, '선생님 수업이 지루해요.' , '2021-05-03' ,24 ,6) ; 
insert into tblassessment(assessment_seq , contents , regdate , sugang_seq , teacher_seq) 
                          values (26, '선생님 수업이 너무 쉬어워.' , '2021-08-24' ,99 ,2) ; 
insert into tblassessment(assessment_seq , contents , regdate , sugang_seq , teacher_seq) 
                          values (27, '선생님 수업이 재미없어요.' , '2021-04-07' ,12 ,1) ; 
insert into tblassessment(assessment_seq , contents , regdate , sugang_seq , teacher_seq) 
                          values (28, '선생님 수업이 재미있어요.' , '2021-10-26' ,34 ,6) ; 
insert into tblassessment(assessment_seq , contents , regdate , sugang_seq , teacher_seq) 
                          values (29, '선생님 수업이 재미없어요.' , '2021-02-26' ,70 ,5) ; 
insert into tblassessment(assessment_seq , contents , regdate , sugang_seq , teacher_seq) 
                          values (30, '선생님 수업이 재미없어요.' , '2021-01-21' ,13 ,2) ; 
insert into tblassessment(assessment_seq , contents , regdate , sugang_seq , teacher_seq) 
                          values (31, '선생님 수업이 재미있어요.' , '2021-09-10' ,69 ,5) ; 
insert into tblassessment(assessment_seq , contents , regdate , sugang_seq , teacher_seq) 
                          values (32, '선생님 수업이 너무 재미있어요.' , '2021-11-19' ,57 ,1) ; 
insert into tblassessment(assessment_seq , contents , regdate , sugang_seq , teacher_seq) 
                          values (33, '선생님 수업이 지루해요.' , '2021-12-21' ,54 ,4) ; 
insert into tblassessment(assessment_seq , contents , regdate , sugang_seq , teacher_seq) 
                          values (34, '선생님 수업이 너무 재미있어요.' , '2021-12-07' ,65 ,3) ; 
insert into tblassessment(assessment_seq , contents , regdate , sugang_seq , teacher_seq) 
                          values (35, '선생님 수업이 너무 쉬어워.' , '2021-08-21' ,4 ,6) ; 
insert into tblassessment(assessment_seq , contents , regdate , sugang_seq , teacher_seq) 
                          values (36, '선생님 수업이 재미있어요.' , '2021-11-06' ,73 ,3) ; 
insert into tblassessment(assessment_seq , contents , regdate , sugang_seq , teacher_seq) 
                          values (37, '선생님 수업이 너무 졸려워요.' , '2021-06-21' ,66 ,5) ; 
insert into tblassessment(assessment_seq , contents , regdate , sugang_seq , teacher_seq) 
                          values (38, '선생님 수업이 지루해요.' , '2021-05-20' ,71 ,1) ; 
insert into tblassessment(assessment_seq , contents , regdate , sugang_seq , teacher_seq) 
                          values (39, '선생님 수업이 너무 재미있어요.' , '2021-08-20' ,67 ,4) ; 
insert into tblassessment(assessment_seq , contents , regdate , sugang_seq , teacher_seq) 
                          values (40, '선생님 수업이 너무 쉬어워.' , '2021-01-16' ,36 ,4) ; 
insert into tblassessment(assessment_seq , contents , regdate , sugang_seq , teacher_seq) 
                          values (41, '선생님 수업이 너무 졸려워요.' , '2021-10-09' ,53 ,4) ; 
insert into tblassessment(assessment_seq , contents , regdate , sugang_seq , teacher_seq) 
                          values (42, '선생님 수업이 지루해요.' , '2021-03-13' ,67 ,6) ; 
insert into tblassessment(assessment_seq , contents , regdate , sugang_seq , teacher_seq) 
                          values (43, '선생님 수업이 너무 졸려워요.' , '2021-11-16' ,26 ,6) ; 
insert into tblassessment(assessment_seq , contents , regdate , sugang_seq , teacher_seq) 
                          values (44, '선생님 수업이 재미없어요.' , '2021-04-24' ,61 ,5) ; 
insert into tblassessment(assessment_seq , contents , regdate , sugang_seq , teacher_seq) 
                          values (45, '선생님 수업이 재미없어요.' , '2021-11-16' ,83 ,1) ; 
insert into tblassessment(assessment_seq , contents , regdate , sugang_seq , teacher_seq) 
                          values (46, '선생님 수업이 너무 재미있어요.' , '2021-11-19' ,51 ,3) ; 
insert into tblassessment(assessment_seq , contents , regdate , sugang_seq , teacher_seq) 
                          values (47, '선생님 수업이 지루해요.' , '2021-11-08' ,92 ,1) ; 
insert into tblassessment(assessment_seq , contents , regdate , sugang_seq , teacher_seq) 
                          values (48, '선생님 수업이 어려워요.' , '2021-05-17' ,48 ,6) ; 
insert into tblassessment(assessment_seq , contents , regdate , sugang_seq , teacher_seq) 
                          values (49, '선생님 수업이 재미없어요.' , '2021-02-16' ,27 ,3) ; 
insert into tblassessment(assessment_seq , contents , regdate , sugang_seq , teacher_seq) 
                          values (50, '선생님 수업이 너무 재미있어요.' , '2021-10-18' ,78 ,3) ; 
insert into tblassessment(assessment_seq , contents , regdate , sugang_seq , teacher_seq) 
                          values (51, '선생님 수업이 지루해요.' , '2021-05-02' ,56 ,5) ; 
insert into tblassessment(assessment_seq , contents , regdate , sugang_seq , teacher_seq) 
                          values (52, '선생님 수업이 너무 졸려워요.' , '2021-07-24' ,87 ,6) ; 
insert into tblassessment(assessment_seq , contents , regdate , sugang_seq , teacher_seq) 
                          values (53, '선생님 수업이 너무 재미있어요.' , '2021-03-20' ,25 ,3) ; 
insert into tblassessment(assessment_seq , contents , regdate , sugang_seq , teacher_seq) 
                          values (54, '선생님 수업이 재미있어요.' , '2021-10-01' ,59 ,2) ; 
insert into tblassessment(assessment_seq , contents , regdate , sugang_seq , teacher_seq) 
                          values (55, '선생님 수업이 어려워요.' , '2021-11-04' ,93 ,4) ; 
insert into tblassessment(assessment_seq , contents , regdate , sugang_seq , teacher_seq) 
                          values (56, '선생님 수업이 재미있어요.' , '2021-04-02' ,14 ,6) ; 
insert into tblassessment(assessment_seq , contents , regdate , sugang_seq , teacher_seq) 
                          values (57, '선생님 수업이 재미있어요.' , '2021-11-08' ,54 ,4) ; 
insert into tblassessment(assessment_seq , contents , regdate , sugang_seq , teacher_seq) 
                          values (58, '선생님 수업이 어려워요.' , '2021-05-18' ,19 ,1) ; 
insert into tblassessment(assessment_seq , contents , regdate , sugang_seq , teacher_seq) 
                          values (59, '선생님 수업이 너무 졸려워요.' , '2021-05-11' ,48 ,6) ; 
insert into tblassessment(assessment_seq , contents , regdate , sugang_seq , teacher_seq) 
                          values (60, '선생님 수업이 재미있어요.' , '2021-08-20' ,22 ,2) ; 
insert into tblassessment(assessment_seq , contents , regdate , sugang_seq , teacher_seq) 
                          values (61, '선생님 수업이 너무 쉬어워.' , '2021-08-05' ,98 ,4) ; 
insert into tblassessment(assessment_seq , contents , regdate , sugang_seq , teacher_seq) 
                          values (62, '선생님 수업이 어려워요.' , '2021-01-06' ,72 ,1) ; 
insert into tblassessment(assessment_seq , contents , regdate , sugang_seq , teacher_seq) 
                          values (63, '선생님 수업이 어려워요.' , '2021-08-01' ,99 ,5) ; 
insert into tblassessment(assessment_seq , contents , regdate , sugang_seq , teacher_seq) 
                          values (64, '선생님 수업이 어려워요.' , '2021-10-01' ,78 ,5) ; 
insert into tblassessment(assessment_seq , contents , regdate , sugang_seq , teacher_seq) 
                          values (65, '선생님 수업이 지루해요.' , '2021-04-27' ,96 ,2) ; 
insert into tblassessment(assessment_seq , contents , regdate , sugang_seq , teacher_seq) 
                          values (66, '선생님 수업이 너무 쉬어워.' , '2021-05-21' ,55 ,1) ; 
insert into tblassessment(assessment_seq , contents , regdate , sugang_seq , teacher_seq) 
                          values (67, '선생님 수업이 어려워요.' , '2021-07-19' ,33 ,3) ; 
insert into tblassessment(assessment_seq , contents , regdate , sugang_seq , teacher_seq) 
                          values (68, '선생님 수업이 지루해요.' , '2021-07-17' ,91 ,1) ; 
insert into tblassessment(assessment_seq , contents , regdate , sugang_seq , teacher_seq) 
                          values (69, '선생님 수업이 재미없어요.' , '2021-03-20' ,88 ,2) ; 
insert into tblassessment(assessment_seq , contents , regdate , sugang_seq , teacher_seq) 
                          values (70, '선생님 수업이 너무 쉬어워.' , '2021-02-26' ,14 ,5) ; 
insert into tblassessment(assessment_seq , contents , regdate , sugang_seq , teacher_seq) 
                          values (71, '선생님 수업이 어려워요.' , '2021-03-01' ,25 ,3) ; 
insert into tblassessment(assessment_seq , contents , regdate , sugang_seq , teacher_seq) 
                          values (72, '선생님 수업이 지루해요.' , '2021-11-05' ,90 ,3) ; 
insert into tblassessment(assessment_seq , contents , regdate , sugang_seq , teacher_seq) 
                          values (73, '선생님 수업이 너무 쉬어워.' , '2021-08-19' ,57 ,1) ; 
insert into tblassessment(assessment_seq , contents , regdate , sugang_seq , teacher_seq) 
                          values (74, '선생님 수업이 재미없어요.' , '2021-07-25' ,24 ,4) ; 
insert into tblassessment(assessment_seq , contents , regdate , sugang_seq , teacher_seq) 
                          values (75, '선생님 수업이 너무 졸려워요.' , '2021-10-26' ,95 ,5) ; 
insert into tblassessment(assessment_seq , contents , regdate , sugang_seq , teacher_seq) 
                          values (76, '선생님 수업이 재미있어요.' , '2021-10-07' ,79 ,4) ; 
insert into tblassessment(assessment_seq , contents , regdate , sugang_seq , teacher_seq) 
                          values (77, '선생님 수업이 어려워요.' , '2021-12-23' ,34 ,1) ; 
insert into tblassessment(assessment_seq , contents , regdate , sugang_seq , teacher_seq) 
                          values (78, '선생님 수업이 너무 졸려워요.' , '2021-11-07' ,34 ,6) ; 
insert into tblassessment(assessment_seq , contents , regdate , sugang_seq , teacher_seq) 
                          values (79, '선생님 수업이 어려워요.' , '2021-04-04' ,97 ,2) ; 
insert into tblassessment(assessment_seq , contents , regdate , sugang_seq , teacher_seq) 
                          values (80, '선생님 수업이 너무 졸려워요.' , '2021-12-08' ,90 ,1) ; 
insert into tblassessment(assessment_seq , contents , regdate , sugang_seq , teacher_seq) 
                          values (81, '선생님 수업이 너무 쉬어워.' , '2021-11-07' ,33 ,6) ; 
insert into tblassessment(assessment_seq , contents , regdate , sugang_seq , teacher_seq) 
                          values (82, '선생님 수업이 어려워요.' , '2021-04-14' ,10 ,1) ; 
insert into tblassessment(assessment_seq , contents , regdate , sugang_seq , teacher_seq) 
                          values (83, '선생님 수업이 너무 졸려워요.' , '2021-06-26' ,79 ,2) ; 
insert into tblassessment(assessment_seq , contents , regdate , sugang_seq , teacher_seq) 
                          values (84, '선생님 수업이 어려워요.' , '2021-05-09' ,54 ,4) ; 
insert into tblassessment(assessment_seq , contents , regdate , sugang_seq , teacher_seq) 
                          values (85, '선생님 수업이 어려워요.' , '2021-08-13' ,71 ,2) ; 
insert into tblassessment(assessment_seq , contents , regdate , sugang_seq , teacher_seq) 
                          values (86, '선생님 수업이 너무 쉬어워.' , '2021-08-18' ,27 ,6) ; 
insert into tblassessment(assessment_seq , contents , regdate , sugang_seq , teacher_seq) 
                          values (87, '선생님 수업이 재미없어요.' , '2021-08-10' ,18 ,3) ; 
insert into tblassessment(assessment_seq , contents , regdate , sugang_seq , teacher_seq) 
                          values (88, '선생님 수업이 재미있어요.' , '2021-12-19' ,19 ,4) ; 
insert into tblassessment(assessment_seq , contents , regdate , sugang_seq , teacher_seq) 
                          values (89, '선생님 수업이 너무 재미있어요.' , '2021-07-10' ,71 ,4) ; 
insert into tblassessment(assessment_seq , contents , regdate , sugang_seq , teacher_seq) 
                          values (90, '선생님 수업이 너무 재미있어요.' , '2021-12-05' ,76 ,1) ; 
insert into tblassessment(assessment_seq , contents , regdate , sugang_seq , teacher_seq) 
                          values (91, '선생님 수업이 재미없어요.' , '2021-02-24' ,7 ,3) ; 
insert into tblassessment(assessment_seq , contents , regdate , sugang_seq , teacher_seq) 
                          values (92, '선생님 수업이 지루해요.' , '2021-08-22' ,92 ,2) ; 
insert into tblassessment(assessment_seq , contents , regdate , sugang_seq , teacher_seq) 
                          values (93, '선생님 수업이 너무 재미있어요.' , '2021-09-16' ,93 ,2) ; 
insert into tblassessment(assessment_seq , contents , regdate , sugang_seq , teacher_seq) 
                          values (94, '선생님 수업이 재미있어요.' , '2021-10-05' ,60 ,5) ; 
insert into tblassessment(assessment_seq , contents , regdate , sugang_seq , teacher_seq) 
                          values (95, '선생님 수업이 너무 재미있어요.' , '2021-07-13' ,36 ,6) ; 
insert into tblassessment(assessment_seq , contents , regdate , sugang_seq , teacher_seq) 
                          values (96, '선생님 수업이 재미없어요.' , '2021-09-02' ,38 ,3) ; 
insert into tblassessment(assessment_seq , contents , regdate , sugang_seq , teacher_seq) 
                          values (97, '선생님 수업이 재미있어요.' , '2021-04-08' ,26 ,3) ; 
insert into tblassessment(assessment_seq , contents , regdate , sugang_seq , teacher_seq) 
                          values (98, '선생님 수업이 지루해요.' , '2021-05-05' ,27 ,3) ; 
insert into tblassessment(assessment_seq , contents , regdate , sugang_seq , teacher_seq) 
                          values (99, '선생님 수업이 너무 졸려워요.' , '2021-03-04' ,93 ,5) ; 
insert into tblassessment(assessment_seq , contents , regdate , sugang_seq , teacher_seq) 
                          values (100, '선생님 수업이 재미없어요.' , '2021-06-05' ,24 ,3) ; 
						  
						  
insert into tblassessment(assessment_seq , contents , regdate , sugang_seq , teacher_seq) 
                          values (101, '박세인님 수업을 뒤집어 노았다.' , '2021-09-11' ,1 ,11) ;			
						  
insert into tblassessment(assessment_seq , contents , regdate , sugang_seq , teacher_seq) 
                          values (102, '선생님 굿굿입니다.' , '2021-09-11' ,2 ,11) ;						  
						  
insert into tblassessment(assessment_seq , contents , regdate , sugang_seq , teacher_seq) 
                          values (103, '선생님 진도가 빨라요 ' , '2021-11-17' ,3 ,11) ;						  
						  
insert into tblassessment(assessment_seq , contents , regdate , sugang_seq , teacher_seq) 
                          values (104, '선생님 문제가 어려워요.' , '2021-12-02' ,4 ,11) ;						  
						  
insert into tblassessment(assessment_seq , contents , regdate , sugang_seq , teacher_seq) 
                          values (105, '선생님 수업이 재미가 없어요.' , '2021-11-05' ,5 ,11) ;						  						  
						  
insert into tblassessment(assessment_seq , contents , regdate , sugang_seq , teacher_seq) 
                          values (106, '선생님 수업이 즐겁네요.' , '2021-09-28' ,6 ,11) ;	
insert into tblassessment(assessment_seq , contents , regdate , sugang_seq , teacher_seq) 
                          values (107, '하늘이 실수로 박세인 선생님을 내려주신게 아닐까요?' , '2021-03-15' ,90 ,11);
                          
insert into tblassessment(assessment_seq , contents , regdate , sugang_seq , teacher_seq) 
                        values (108, '선생님 수업듣고 병이 나았습니다.' , '2021-01-28' ,85 ,11);   						  
commit;

select * from tblassessment;

--team
insert into tblTeam values (1, 1, 1);
insert into tblTeam values (2, 1, 2);
insert into tblTeam values (3, 1, 3);
insert into tblTeam values (4, 1, 4);
insert into tblTeam values (5, 1, 5);
insert into tblTeam values (6, 1, 6);
insert into tblTeam values (7, 2, 7);
insert into tblTeam values (8, 2, 8);
insert into tblTeam values (9, 2, 9);
insert into tblTeam values (10, 2, 10);
insert into tblTeam values (11, 3, 11);
insert into tblTeam values (12, 3, 12);
insert into tblTeam values (13, 3, 13);
insert into tblTeam values (14, 3, 14);
insert into tblTeam values (15, 3, 15);
insert into tblTeam values (16, 4, 16);
insert into tblTeam values (17, 4, 17);
insert into tblTeam values (18, 4, 18);
insert into tblTeam values (19, 4, 19);
insert into tblTeam values (20, 4, 20);
insert into tblTeam values (21, 5, 21);
insert into tblTeam values (22, 5, 22);
insert into tblTeam values (23, 5, 23);
insert into tblTeam values (24, 5, 24);
insert into tblTeam values (25, 5, 25);
insert into tblTeam values (26, 1, 26);
insert into tblTeam values (27, 1, 27);
insert into tblTeam values (28, 1, 28);
insert into tblTeam values (29, 1, 29);
insert into tblTeam values (30, 1, 30);
insert into tblTeam values (31, 2, 31);
insert into tblTeam values (32, 2, 32);
insert into tblTeam values (33, 2, 33);
insert into tblTeam values (34, 2, 34);
insert into tblTeam values (35, 2, 35);
insert into tblTeam values (36, 3, 36);
insert into tblTeam values (37, 3, 37);
insert into tblTeam values (38, 3, 38);
insert into tblTeam values (39, 3, 39);
insert into tblTeam values (40, 3, 40);
insert into tblTeam values (41, 4, 41);
insert into tblTeam values (42, 4, 42);
insert into tblTeam values (43, 4, 43);
insert into tblTeam values (44, 4, 44);
insert into tblTeam values (45, 4, 45);
insert into tblTeam values (46, 5, 46);
insert into tblTeam values (47, 5, 47);
insert into tblTeam values (48, 5, 48);
insert into tblTeam values (49, 5, 49);
insert into tblTeam values (50, 5, 50);
insert into tblTeam values (51, 1, 51);
insert into tblTeam values (52, 1, 52);
insert into tblTeam values (53, 1, 53);
insert into tblTeam values (54, 1, 54);
insert into tblTeam values (55, 1, 55);
insert into tblTeam values (56, 2, 56);
insert into tblTeam values (57, 2, 57);
insert into tblTeam values (58, 2, 58);
insert into tblTeam values (59, 2, 59);
insert into tblTeam values (60, 2, 60);
insert into tblTeam values (61, 3, 61);
insert into tblTeam values (62, 3, 62);
insert into tblTeam values (63, 3, 63);
insert into tblTeam values (64, 3, 64);
insert into tblTeam values (65, 3, 65);
insert into tblTeam values (66, 4, 66);
insert into tblTeam values (67, 4, 67);
insert into tblTeam values (68, 4, 68);
insert into tblTeam values (69, 4, 69);
insert into tblTeam values (70, 4, 70);
insert into tblTeam values (71, 5, 71);
insert into tblTeam values (72, 5, 72);
insert into tblTeam values (73, 5, 73);
insert into tblTeam values (74, 5, 74);
insert into tblTeam values (75, 5, 75);
insert into tblTeam values (76, 1, 76);
insert into tblTeam values (77, 1, 77);
insert into tblTeam values (78, 1, 78);
insert into tblTeam values (79, 1, 79);
insert into tblTeam values (80, 1, 80);
insert into tblTeam values (81, 2, 81);
insert into tblTeam values (82, 2, 82);
insert into tblTeam values (83, 2, 83);
insert into tblTeam values (84, 2, 84);
insert into tblTeam values (85, 2, 85);
insert into tblTeam values (86, 3, 86);
insert into tblTeam values (87, 3, 87);
insert into tblTeam values (88, 3, 88);
insert into tblTeam values (89, 3, 89);
insert into tblTeam values (90, 3, 90);
insert into tblTeam values (91, 4, 91);
insert into tblTeam values (92, 4, 92);
insert into tblTeam values (93, 4, 93);
insert into tblTeam values (94, 4, 94);
insert into tblTeam values (95, 4, 95);
insert into tblTeam values (96, 5, 96);
insert into tblTeam values (97, 5, 97);
insert into tblTeam values (98, 5, 98);
insert into tblTeam values (99, 5, 99);
insert into tblTeam values (100, 5, 100);

commit;

select * from tblTeam;
--Mentoring

insert into tblMentoring (Mento_seq ,Graduate_seq ,student_seq) values (1,43,1);
insert into tblMentoring (Mento_seq ,Graduate_seq ,student_seq) values (2,49,2);
insert into tblMentoring (Mento_seq ,Graduate_seq ,student_seq) values (3,84,3);
insert into tblMentoring (Mento_seq ,Graduate_seq ,student_seq) values (4,79,4);
insert into tblMentoring (Mento_seq ,Graduate_seq ,student_seq) values (5,75,5);
insert into tblMentoring (Mento_seq ,Graduate_seq ,student_seq) values (6,24,6);


insert into tblMentoring (Mento_seq ,Graduate_seq ,student_seq) values (7,23,84);
insert into tblMentoring (Mento_seq ,Graduate_seq ,student_seq) values (8,65,76);
insert into tblMentoring (Mento_seq ,Graduate_seq ,student_seq) values (9,97,30);
insert into tblMentoring (Mento_seq ,Graduate_seq ,student_seq) values (10,26,34);
insert into tblMentoring (Mento_seq ,Graduate_seq ,student_seq) values (11,100,86);
insert into tblMentoring (Mento_seq ,Graduate_seq ,student_seq) values (12,34,52);
insert into tblMentoring (Mento_seq ,Graduate_seq ,student_seq) values (13,48,17);
insert into tblMentoring (Mento_seq ,Graduate_seq ,student_seq) values (14,25,12);
insert into tblMentoring (Mento_seq ,Graduate_seq ,student_seq) values (15,32,43);
insert into tblMentoring (Mento_seq ,Graduate_seq ,student_seq) values (16,95,100);
insert into tblMentoring (Mento_seq ,Graduate_seq ,student_seq) values (17,52,7);
insert into tblMentoring (Mento_seq ,Graduate_seq ,student_seq) values (18,9,39);
insert into tblMentoring (Mento_seq ,Graduate_seq ,student_seq) values (19,62,17);
insert into tblMentoring (Mento_seq ,Graduate_seq ,student_seq) values (20,68,9);
insert into tblMentoring (Mento_seq ,Graduate_seq ,student_seq) values (21,93,99);
insert into tblMentoring (Mento_seq ,Graduate_seq ,student_seq) values (22,59,49);
insert into tblMentoring (Mento_seq ,Graduate_seq ,student_seq) values (23,73,82);
insert into tblMentoring (Mento_seq ,Graduate_seq ,student_seq) values (24,64,54);
insert into tblMentoring (Mento_seq ,Graduate_seq ,student_seq) values (25,63,56);
insert into tblMentoring (Mento_seq ,Graduate_seq ,student_seq) values (26,83,29);
insert into tblMentoring (Mento_seq ,Graduate_seq ,student_seq) values (27,8,21);
insert into tblMentoring (Mento_seq ,Graduate_seq ,student_seq) values (28,54,83);
insert into tblMentoring (Mento_seq ,Graduate_seq ,student_seq) values (29,52,93);
insert into tblMentoring (Mento_seq ,Graduate_seq ,student_seq) values (30,1,27);
insert into tblMentoring (Mento_seq ,Graduate_seq ,student_seq) values (31,16,9);
insert into tblMentoring (Mento_seq ,Graduate_seq ,student_seq) values (32,37,100);
insert into tblMentoring (Mento_seq ,Graduate_seq ,student_seq) values (33,48,22);
insert into tblMentoring (Mento_seq ,Graduate_seq ,student_seq) values (34,17,64);
insert into tblMentoring (Mento_seq ,Graduate_seq ,student_seq) values (35,93,71);
insert into tblMentoring (Mento_seq ,Graduate_seq ,student_seq) values (36,36,48);
insert into tblMentoring (Mento_seq ,Graduate_seq ,student_seq) values (37,48,93);
insert into tblMentoring (Mento_seq ,Graduate_seq ,student_seq) values (38,26,48);
insert into tblMentoring (Mento_seq ,Graduate_seq ,student_seq) values (39,64,88);
insert into tblMentoring (Mento_seq ,Graduate_seq ,student_seq) values (40,87,79);
insert into tblMentoring (Mento_seq ,Graduate_seq ,student_seq) values (41,82,36);
insert into tblMentoring (Mento_seq ,Graduate_seq ,student_seq) values (42,14,10);
insert into tblMentoring (Mento_seq ,Graduate_seq ,student_seq) values (43,58,49);
insert into tblMentoring (Mento_seq ,Graduate_seq ,student_seq) values (44,44,11);
insert into tblMentoring (Mento_seq ,Graduate_seq ,student_seq) values (45,63,33);
insert into tblMentoring (Mento_seq ,Graduate_seq ,student_seq) values (46,67,14);
insert into tblMentoring (Mento_seq ,Graduate_seq ,student_seq) values (47,43,77);
insert into tblMentoring (Mento_seq ,Graduate_seq ,student_seq) values (48,26,16);
insert into tblMentoring (Mento_seq ,Graduate_seq ,student_seq) values (49,52,59);
insert into tblMentoring (Mento_seq ,Graduate_seq ,student_seq) values (50,79,85);
insert into tblMentoring (Mento_seq ,Graduate_seq ,student_seq) values (51,31,63);
insert into tblMentoring (Mento_seq ,Graduate_seq ,student_seq) values (52,44,48);
insert into tblMentoring (Mento_seq ,Graduate_seq ,student_seq) values (53,12,88);
insert into tblMentoring (Mento_seq ,Graduate_seq ,student_seq) values (54,68,16);
insert into tblMentoring (Mento_seq ,Graduate_seq ,student_seq) values (55,64,31);
insert into tblMentoring (Mento_seq ,Graduate_seq ,student_seq) values (56,50,59);
insert into tblMentoring (Mento_seq ,Graduate_seq ,student_seq) values (57,11,23);
insert into tblMentoring (Mento_seq ,Graduate_seq ,student_seq) values (58,61,44);
insert into tblMentoring (Mento_seq ,Graduate_seq ,student_seq) values (59,61,47);
insert into tblMentoring (Mento_seq ,Graduate_seq ,student_seq) values (60,78,9);
insert into tblMentoring (Mento_seq ,Graduate_seq ,student_seq) values (61,92,25);
insert into tblMentoring (Mento_seq ,Graduate_seq ,student_seq) values (62,3,99);
insert into tblMentoring (Mento_seq ,Graduate_seq ,student_seq) values (63,5,7);
insert into tblMentoring (Mento_seq ,Graduate_seq ,student_seq) values (64,45,28);
insert into tblMentoring (Mento_seq ,Graduate_seq ,student_seq) values (65,24,22);
insert into tblMentoring (Mento_seq ,Graduate_seq ,student_seq) values (66,16,61);
insert into tblMentoring (Mento_seq ,Graduate_seq ,student_seq) values (67,97,15);
insert into tblMentoring (Mento_seq ,Graduate_seq ,student_seq) values (68,67,58);
insert into tblMentoring (Mento_seq ,Graduate_seq ,student_seq) values (69,79,70);
insert into tblMentoring (Mento_seq ,Graduate_seq ,student_seq) values (70,23,48);
insert into tblMentoring (Mento_seq ,Graduate_seq ,student_seq) values (71,89,50);
insert into tblMentoring (Mento_seq ,Graduate_seq ,student_seq) values (72,18,62);
insert into tblMentoring (Mento_seq ,Graduate_seq ,student_seq) values (73,78,21);
insert into tblMentoring (Mento_seq ,Graduate_seq ,student_seq) values (74,57,55);
insert into tblMentoring (Mento_seq ,Graduate_seq ,student_seq) values (75,11,94);
insert into tblMentoring (Mento_seq ,Graduate_seq ,student_seq) values (76,3,63);
insert into tblMentoring (Mento_seq ,Graduate_seq ,student_seq) values (77,59,41);
insert into tblMentoring (Mento_seq ,Graduate_seq ,student_seq) values (78,5,52);
insert into tblMentoring (Mento_seq ,Graduate_seq ,student_seq) values (79,70,44);
insert into tblMentoring (Mento_seq ,Graduate_seq ,student_seq) values (80,18,78);
insert into tblMentoring (Mento_seq ,Graduate_seq ,student_seq) values (81,6,60);
insert into tblMentoring (Mento_seq ,Graduate_seq ,student_seq) values (82,72,88);
insert into tblMentoring (Mento_seq ,Graduate_seq ,student_seq) values (83,76,15);
insert into tblMentoring (Mento_seq ,Graduate_seq ,student_seq) values (84,62,19);
insert into tblMentoring (Mento_seq ,Graduate_seq ,student_seq) values (85,36,13);
insert into tblMentoring (Mento_seq ,Graduate_seq ,student_seq) values (86,13,32);
insert into tblMentoring (Mento_seq ,Graduate_seq ,student_seq) values (87,43,57);
insert into tblMentoring (Mento_seq ,Graduate_seq ,student_seq) values (88,2,59);
insert into tblMentoring (Mento_seq ,Graduate_seq ,student_seq) values (89,30,38);
insert into tblMentoring (Mento_seq ,Graduate_seq ,student_seq) values (90,45,59);
insert into tblMentoring (Mento_seq ,Graduate_seq ,student_seq) values (91,23,33);
insert into tblMentoring (Mento_seq ,Graduate_seq ,student_seq) values (92,16,49);
insert into tblMentoring (Mento_seq ,Graduate_seq ,student_seq) values (93,17,97);
insert into tblMentoring (Mento_seq ,Graduate_seq ,student_seq) values (94,24,100);
insert into tblMentoring (Mento_seq ,Graduate_seq ,student_seq) values (95,22,63);
insert into tblMentoring (Mento_seq ,Graduate_seq ,student_seq) values (96,81,15);
insert into tblMentoring (Mento_seq ,Graduate_seq ,student_seq) values (97,41,68);
insert into tblMentoring (Mento_seq ,Graduate_seq ,student_seq) values (98,58,86);
insert into tblMentoring (Mento_seq ,Graduate_seq ,student_seq) values (99,30,70);
insert into tblMentoring (Mento_seq ,Graduate_seq ,student_seq) values (100,71,43);



commit;

select * from tblMentoring;
--CovidT

INSERT INTO tblCovidT(CovidT_Seq, attendance, facetoface, Teacher_Seq) Values (1, '21-01-01', 'N', 2) ;
INSERT INTO tblCovidT(CovidT_Seq, attendance, facetoface, Teacher_Seq) Values (2, '21-01-04','N',  4) ;
INSERT INTO tblCovidT(CovidT_Seq, attendance, facetoface, Teacher_Seq) Values (3, '21-01-07','N',  3) ;
INSERT INTO tblCovidT(CovidT_Seq, attendance, facetoface, Teacher_Seq) Values (4, '21-01-12','N',  5) ;
INSERT INTO tblCovidT(CovidT_Seq, attendance, facetoface, Teacher_Seq) Values (5, '21-01-23','N',  1) ;
INSERT INTO tblCovidT(CovidT_Seq, attendance, facetoface, Teacher_Seq) Values (6, '21-01-23','Y',  4) ;
INSERT INTO tblCovidT(CovidT_Seq, attendance, facetoface, Teacher_Seq) Values (7, '21-01-25','N',  5) ;
INSERT INTO tblCovidT(CovidT_Seq, attendance, facetoface, Teacher_Seq) Values (8, '21-02-03','N',  3) ;
INSERT INTO tblCovidT(CovidT_Seq, attendance, facetoface, Teacher_Seq) Values (9, '21-02-18','N',  6) ;
INSERT INTO tblCovidT(CovidT_Seq, attendance, facetoface, Teacher_Seq) Values (10, '21-03-01','Y',  5) ;
INSERT INTO tblCovidT(CovidT_Seq, attendance, facetoface, Teacher_Seq) Values (11, '21-03-07','N',  6) ;
INSERT INTO tblCovidT(CovidT_Seq, attendance, facetoface, Teacher_Seq) Values (12, '21-03-22','N',  4) ;
INSERT INTO tblCovidT(CovidT_Seq, attendance, facetoface, Teacher_Seq) Values (13, '21-03-26','N',  1) ;
INSERT INTO tblCovidT(CovidT_Seq, attendance, facetoface, Teacher_Seq) Values (14, '21-04-06','N',  3) ;
INSERT INTO tblCovidT(CovidT_Seq, attendance, facetoface, Teacher_Seq) Values (15, '21-04-15','N',  2) ;
INSERT INTO tblCovidT(CovidT_Seq, attendance, facetoface, Teacher_Seq) Values (16, '21-04-16','Y',  1) ;
INSERT INTO tblCovidT(CovidT_Seq, attendance, facetoface, Teacher_Seq) Values (17, '21-04-18','N',  5) ;
INSERT INTO tblCovidT(CovidT_Seq, attendance, facetoface, Teacher_Seq) Values (18, '21-05-03','N',  2) ;
INSERT INTO tblCovidT(CovidT_Seq, attendance, facetoface, Teacher_Seq) Values (19, '21-05-17','N',  1) ;
INSERT INTO tblCovidT(CovidT_Seq, attendance, facetoface, Teacher_Seq) Values (20, '21-05-18','N',  6) ;
INSERT INTO tblCovidT(CovidT_Seq, attendance, facetoface, Teacher_Seq) Values (21, '21-05-19','N',  6) ;
INSERT INTO tblCovidT(CovidT_Seq, attendance, facetoface, Teacher_Seq) Values (22, '21-06-08','N',  1) ;
INSERT INTO tblCovidT(CovidT_Seq, attendance, facetoface, Teacher_Seq) Values (23, '21-06-28','N',  5) ;
INSERT INTO tblCovidT(CovidT_Seq, attendance, facetoface, Teacher_Seq) Values (24, '21-07-04','Y',  2) ;
INSERT INTO tblCovidT(CovidT_Seq, attendance, facetoface, Teacher_Seq) Values (25, '21-07-20','N',  5) ;
INSERT INTO tblCovidT(CovidT_Seq, attendance, facetoface, Teacher_Seq) Values (26, '21-07-27','N',  3) ;
INSERT INTO tblCovidT(CovidT_Seq, attendance, facetoface, Teacher_Seq) Values (27, '21-08-15','N',  6) ;
INSERT INTO tblCovidT(CovidT_Seq, attendance, facetoface, Teacher_Seq) Values (28, '21-08-21','N',  3) ;
INSERT INTO tblCovidT(CovidT_Seq, attendance, facetoface, Teacher_Seq) Values (29, '21-08-24','Y',  3) ;
INSERT INTO tblCovidT(CovidT_Seq, attendance, facetoface, Teacher_Seq) Values (30, '21-08-25','N',  4) ;
INSERT INTO tblCovidT(CovidT_Seq, attendance, facetoface, Teacher_Seq) Values (31, '21-08-27','N',  4) ;
INSERT INTO tblCovidT(CovidT_Seq, attendance, facetoface, Teacher_Seq) Values (32, '21-09-02','N',  3) ;
INSERT INTO tblCovidT(CovidT_Seq, attendance, facetoface, Teacher_Seq) Values (33, '21-09-02','Y',  4) ;
INSERT INTO tblCovidT(CovidT_Seq, attendance, facetoface, Teacher_Seq) Values (34, '21-09-16','N',  2) ;
INSERT INTO tblCovidT(CovidT_Seq, attendance, facetoface, Teacher_Seq) Values (35, '21-09-26','N',  5) ;
INSERT INTO tblCovidT(CovidT_Seq, attendance, facetoface, Teacher_Seq) Values (36, '21-10-04','Y',  2) ;
INSERT INTO tblCovidT(CovidT_Seq, attendance, facetoface, Teacher_Seq) Values (37, '21-10-09','N',  3) ;
INSERT INTO tblCovidT(CovidT_Seq, attendance, facetoface, Teacher_Seq) Values (38, '21-10-11','N',  4) ;
INSERT INTO tblCovidT(CovidT_Seq, attendance, facetoface, Teacher_Seq) Values (39, '21-10-23','N',  4) ;
INSERT INTO tblCovidT(CovidT_Seq, attendance, facetoface, Teacher_Seq) Values (40, '21-10-28','N',  6) ;
INSERT INTO tblCovidT(CovidT_Seq, attendance, facetoface, Teacher_Seq) Values (41, '21-11-07','Y',  1) ;
INSERT INTO tblCovidT(CovidT_Seq, attendance, facetoface, Teacher_Seq) Values (42, '21-11-10','N',  4) ;
INSERT INTO tblCovidT(CovidT_Seq, attendance, facetoface, Teacher_Seq) Values (43, '21-11-13','N',  2) ;
INSERT INTO tblCovidT(CovidT_Seq, attendance, facetoface, Teacher_Seq) Values (44, '21-11-14','N',  4) ;
INSERT INTO tblCovidT(CovidT_Seq, attendance, facetoface, Teacher_Seq) Values (45, '21-11-20','N',  6) ;
INSERT INTO tblCovidT(CovidT_Seq, attendance, facetoface, Teacher_Seq) Values (46, '21-11-23','Y',  6) ;
INSERT INTO tblCovidT(CovidT_Seq, attendance, facetoface, Teacher_Seq) Values (47, '21-12-03','N',  2) ;
INSERT INTO tblCovidT(CovidT_Seq, attendance, facetoface, Teacher_Seq) Values (48, '21-12-12','N',  4) ;
INSERT INTO tblCovidT(CovidT_Seq, attendance, facetoface, Teacher_Seq) Values (49, '21-12-21','N',  5) ;
INSERT INTO tblCovidT(CovidT_Seq, attendance, facetoface, Teacher_Seq) Values (50, '21-12-27','N',  5) ;

INSERT INTO tblCovidT(CovidT_Seq, attendance, facetoface, Teacher_Seq) Values (51, '2021-09-08','N', 11) ;
INSERT INTO tblCovidT(CovidT_Seq, attendance, facetoface, Teacher_Seq) Values (52, '2021-09-09','N', 11) ;
INSERT INTO tblCovidT(CovidT_Seq, attendance, facetoface, Teacher_Seq) Values (53, '2021-09-10','N', 11) ;
INSERT INTO tblCovidT(CovidT_Seq, attendance, facetoface, Teacher_Seq) Values (54, '2021-09-13','N', 11) ;
INSERT INTO tblCovidT(CovidT_Seq, attendance, facetoface, Teacher_Seq) Values (55, '2021-09-14','N', 11) ;
INSERT INTO tblCovidT(CovidT_Seq, attendance, facetoface, Teacher_Seq) Values (56, '2021-09-15','N', 11) ;
INSERT INTO tblCovidT(CovidT_Seq, attendance, facetoface, Teacher_Seq) Values (57, '2021-09-16','N', 11) ;
INSERT INTO tblCovidT(CovidT_Seq, attendance, facetoface, Teacher_Seq) Values (58, '2021-09-17','N', 11) ;
INSERT INTO tblCovidT(CovidT_Seq, attendance, facetoface, Teacher_Seq) Values (59, '2021-09-23','N', 11) ;
INSERT INTO tblCovidT(CovidT_Seq, attendance, facetoface, Teacher_Seq) Values (60, '2021-09-24','N', 11) ;
INSERT INTO tblCovidT(CovidT_Seq, attendance, facetoface, Teacher_Seq) Values (61, '2021-09-27','N', 11) ;
INSERT INTO tblCovidT(CovidT_Seq, attendance, facetoface, Teacher_Seq) Values (62, '2021-09-28','N', 11) ;
INSERT INTO tblCovidT(CovidT_Seq, attendance, facetoface, Teacher_Seq) Values (63, '2021-09-29','N', 11) ;
INSERT INTO tblCovidT(CovidT_Seq, attendance, facetoface, Teacher_Seq) Values (64, '2021-09-30','N', 11) ;
INSERT INTO tblCovidT(CovidT_Seq, attendance, facetoface, Teacher_Seq) Values (65, '2021-10-01','N', 11) ;
INSERT INTO tblCovidT(CovidT_Seq, attendance, facetoface, Teacher_Seq) Values (66, '2021-10-06','N', 11) ;
INSERT INTO tblCovidT(CovidT_Seq, attendance, facetoface, Teacher_Seq) Values (67, '2021-10-07','N', 11) ;
INSERT INTO tblCovidT(CovidT_Seq, attendance, facetoface, Teacher_Seq) Values (68, '2021-10-08','N', 11) ;
INSERT INTO tblCovidT(CovidT_Seq, attendance, facetoface, Teacher_Seq) Values (69, '2021-10-12','N', 11) ;
INSERT INTO tblCovidT(CovidT_Seq, attendance, facetoface, Teacher_Seq) Values (70, '2021-10-13','N', 11) ;
INSERT INTO tblCovidT(CovidT_Seq, attendance, facetoface, Teacher_Seq) Values (71, '2021-10-14','N', 11) ;
INSERT INTO tblCovidT(CovidT_Seq, attendance, facetoface, Teacher_Seq) Values (72, '2021-10-15','N', 11) ;
INSERT INTO tblCovidT(CovidT_Seq, attendance, facetoface, Teacher_Seq) Values (73, '2021-10-18','N', 11) ;
INSERT INTO tblCovidT(CovidT_Seq, attendance, facetoface, Teacher_Seq) Values (74, '2021-10-19','N', 11) ;
INSERT INTO tblCovidT(CovidT_Seq, attendance, facetoface, Teacher_Seq) Values (75, '2021-10-20','N', 11) ;
INSERT INTO tblCovidT(CovidT_Seq, attendance, facetoface, Teacher_Seq) Values (76, '2021-10-21','N', 11) ;
INSERT INTO tblCovidT(CovidT_Seq, attendance, facetoface, Teacher_Seq) Values (77, '2021-10-22','N', 11) ;
INSERT INTO tblCovidT(CovidT_Seq, attendance, facetoface, Teacher_Seq) Values (78, '2021-10-25','N', 11) ;
INSERT INTO tblCovidT(CovidT_Seq, attendance, facetoface, Teacher_Seq) Values (79, '2021-10-26','N', 11) ;
INSERT INTO tblCovidT(CovidT_Seq, attendance, facetoface, Teacher_Seq) Values (80, '2021-10-27','N', 11) ;
INSERT INTO tblCovidT(CovidT_Seq, attendance, facetoface, Teacher_Seq) Values (81, '2021-10-28','N', 11) ;
INSERT INTO tblCovidT(CovidT_Seq, attendance, facetoface, Teacher_Seq) Values (82, '2021-10-29','N', 11) ;
INSERT INTO tblCovidT(CovidT_Seq, attendance, facetoface, Teacher_Seq) Values (83, '2021-11-01','N', 11) ;
INSERT INTO tblCovidT(CovidT_Seq, attendance, facetoface, Teacher_Seq) Values (84, '2021-11-02','N', 11) ;
INSERT INTO tblCovidT(CovidT_Seq, attendance, facetoface, Teacher_Seq) Values (85, '2021-11-03','N', 11) ;
INSERT INTO tblCovidT(CovidT_Seq, attendance, facetoface, Teacher_Seq) Values (86, '2021-11-04','N', 11) ;
INSERT INTO tblCovidT(CovidT_Seq, attendance, facetoface, Teacher_Seq) Values (87, '2021-11-05','N', 11) ;
INSERT INTO tblCovidT(CovidT_Seq, attendance, facetoface, Teacher_Seq) Values (88, '2021-11-08','N', 11) ;
INSERT INTO tblCovidT(CovidT_Seq, attendance, facetoface, Teacher_Seq) Values (89, '2021-11-09','N', 11) ;
INSERT INTO tblCovidT(CovidT_Seq, attendance, facetoface, Teacher_Seq) Values (90, '2021-11-10','N', 11) ;
INSERT INTO tblCovidT(CovidT_Seq, attendance, facetoface, Teacher_Seq) Values (91, '2021-11-11','N', 11) ;
INSERT INTO tblCovidT(CovidT_Seq, attendance, facetoface, Teacher_Seq) Values (92, '2021-11-12','N', 11) ;
INSERT INTO tblCovidT(CovidT_Seq, attendance, facetoface, Teacher_Seq) Values (93, '2021-11-15','N', 11) ;
INSERT INTO tblCovidT(CovidT_Seq, attendance, facetoface, Teacher_Seq) Values (94, '2021-11-16','N', 11) ;
INSERT INTO tblCovidT(CovidT_Seq, attendance, facetoface, Teacher_Seq) Values (95, '2021-11-17','N', 11) ;
INSERT INTO tblCovidT(CovidT_Seq, attendance, facetoface, Teacher_Seq) Values (96, '2021-11-18','N', 11) ;
INSERT INTO tblCovidT(CovidT_Seq, attendance, facetoface, Teacher_Seq) Values (97, '2021-11-19','N', 11) ;
INSERT INTO tblCovidT(CovidT_Seq, attendance, facetoface, Teacher_Seq) Values (98, '2021-11-22','N', 11) ;
INSERT INTO tblCovidT(CovidT_Seq, attendance, facetoface, Teacher_Seq) Values (99, '2021-11-23','N', 11) ;
INSERT INTO tblCovidT(CovidT_Seq, attendance, facetoface, Teacher_Seq) Values (100, '2021-11-24','N', 11) ;
INSERT INTO tblCovidT(CovidT_Seq, attendance, facetoface, Teacher_Seq) Values (101, '2021-11-25','N', 11) ;
INSERT INTO tblCovidT(CovidT_Seq, attendance, facetoface, Teacher_Seq) Values (102, '2021-11-26','N', 11) ;
INSERT INTO tblCovidT(CovidT_Seq, attendance, facetoface, Teacher_Seq) Values (103, '2021-11-29','N', 11) ;
INSERT INTO tblCovidT(CovidT_Seq, attendance, facetoface, Teacher_Seq) Values (104, '2021-11-30','N', 11) ;
INSERT INTO tblCovidT(CovidT_Seq, attendance, facetoface, Teacher_Seq) Values (105, '2021-12-01','N', 11) ;
INSERT INTO tblCovidT(CovidT_Seq, attendance, facetoface, Teacher_Seq) Values (106, '2021-12-02','N', 11) ;
INSERT INTO tblCovidT(CovidT_Seq, attendance, facetoface, Teacher_Seq) Values (107, '2021-12-03','N', 11) ;
INSERT INTO tblCovidT(CovidT_Seq, attendance, facetoface, Teacher_Seq) Values (108, '2021-12-06','N', 11) ;
INSERT INTO tblCovidT(CovidT_Seq, attendance, facetoface, Teacher_Seq) Values (109, '2021-12-07','N', 11) ;

commit;

select * from tblCovidT;
--CovidS

tblCovidS.sql

INSERT INTO tblCovidS(CovidS_Seq, attendance, facetoface , Sugang_seq) VALUES(101,'2021-09-08','N','1');
INSERT INTO tblCovidS(CovidS_Seq, attendance, facetoface , Sugang_seq) VALUES(102,'2021-09-09','N','1');
INSERT INTO tblCovidS(CovidS_Seq, attendance, facetoface , Sugang_seq) VALUES(103,'2021-09-10','N','1');
INSERT INTO tblCovidS(CovidS_Seq, attendance, facetoface , Sugang_seq) VALUES(104,'2021-09-13','N','1');
INSERT INTO tblCovidS(CovidS_Seq, attendance, facetoface , Sugang_seq) VALUES(105,'2021-09-14','N','1');
INSERT INTO tblCovidS(CovidS_Seq, attendance, facetoface , Sugang_seq) VALUES(106,'2021-09-15','N','1');
INSERT INTO tblCovidS(CovidS_Seq, attendance, facetoface , Sugang_seq) VALUES(107,'2021-09-16','N','1');
INSERT INTO tblCovidS(CovidS_Seq, attendance, facetoface , Sugang_seq) VALUES(108,'2021-09-17','N','1');
INSERT INTO tblCovidS(CovidS_Seq, attendance, facetoface , Sugang_seq) VALUES(109,'2021-09-23','N','1');
INSERT INTO tblCovidS(CovidS_Seq, attendance, facetoface , Sugang_seq) VALUES(110,'2021-09-24','N','1');
INSERT INTO tblCovidS(CovidS_Seq, attendance, facetoface , Sugang_seq) VALUES(111,'2021-09-27','N','1');
INSERT INTO tblCovidS(CovidS_Seq, attendance, facetoface , Sugang_seq) VALUES(112,'2021-09-28','N','1');
INSERT INTO tblCovidS(CovidS_Seq, attendance, facetoface , Sugang_seq) VALUES(113,'2021-09-29','N','1');
INSERT INTO tblCovidS(CovidS_Seq, attendance, facetoface , Sugang_seq) VALUES(114,'2021-09-30','N','1');
INSERT INTO tblCovidS(CovidS_Seq, attendance, facetoface , Sugang_seq) VALUES(115,'2021-10-01','N','1');
INSERT INTO tblCovidS(CovidS_Seq, attendance, facetoface , Sugang_seq) VALUES(116,'2021-10-06','N','1');
INSERT INTO tblCovidS(CovidS_Seq, attendance, facetoface , Sugang_seq) VALUES(117,'2021-10-07','N','1');
INSERT INTO tblCovidS(CovidS_Seq, attendance, facetoface , Sugang_seq) VALUES(118,'2021-10-08','N','1');
INSERT INTO tblCovidS(CovidS_Seq, attendance, facetoface , Sugang_seq) VALUES(119,'2021-10-12','N','1');
INSERT INTO tblCovidS(CovidS_Seq, attendance, facetoface , Sugang_seq) VALUES(120,'2021-10-13','N','1');
INSERT INTO tblCovidS(CovidS_Seq, attendance, facetoface , Sugang_seq) VALUES(121,'2021-10-14','N','1');
INSERT INTO tblCovidS(CovidS_Seq, attendance, facetoface , Sugang_seq) VALUES(122,'2021-10-15','N','1');
INSERT INTO tblCovidS(CovidS_Seq, attendance, facetoface , Sugang_seq) VALUES(123,'2021-10-18','N','1');
INSERT INTO tblCovidS(CovidS_Seq, attendance, facetoface , Sugang_seq) VALUES(124,'2021-10-19','N','1');
INSERT INTO tblCovidS(CovidS_Seq, attendance, facetoface , Sugang_seq) VALUES(125,'2021-10-20','N','1');
INSERT INTO tblCovidS(CovidS_Seq, attendance, facetoface , Sugang_seq) VALUES(126,'2021-10-21','N','1');
INSERT INTO tblCovidS(CovidS_Seq, attendance, facetoface , Sugang_seq) VALUES(127,'2021-10-22','N','1');
INSERT INTO tblCovidS(CovidS_Seq, attendance, facetoface , Sugang_seq) VALUES(128,'2021-10-25','N','1');
INSERT INTO tblCovidS(CovidS_Seq, attendance, facetoface , Sugang_seq) VALUES(129,'2021-10-26','N','1');
INSERT INTO tblCovidS(CovidS_Seq, attendance, facetoface , Sugang_seq) VALUES(130,'2021-10-27','N','1');
INSERT INTO tblCovidS(CovidS_Seq, attendance, facetoface , Sugang_seq) VALUES(131,'2021-10-28','N','1');
INSERT INTO tblCovidS(CovidS_Seq, attendance, facetoface , Sugang_seq) VALUES(132,'2021-10-29','N','1');
INSERT INTO tblCovidS(CovidS_Seq, attendance, facetoface , Sugang_seq) VALUES(133,'2021-11-01','N','1');
INSERT INTO tblCovidS(CovidS_Seq, attendance, facetoface , Sugang_seq) VALUES(134,'2021-11-02','N','1');
INSERT INTO tblCovidS(CovidS_Seq, attendance, facetoface , Sugang_seq) VALUES(135,'2021-11-03','N','1');
INSERT INTO tblCovidS(CovidS_Seq, attendance, facetoface , Sugang_seq) VALUES(136,'2021-11-04','N','1');
INSERT INTO tblCovidS(CovidS_Seq, attendance, facetoface , Sugang_seq) VALUES(137,'2021-11-05','N','1');
INSERT INTO tblCovidS(CovidS_Seq, attendance, facetoface , Sugang_seq) VALUES(138,'2021-11-08','N','1');
INSERT INTO tblCovidS(CovidS_Seq, attendance, facetoface , Sugang_seq) VALUES(139,'2021-11-09','N','1');
INSERT INTO tblCovidS(CovidS_Seq, attendance, facetoface , Sugang_seq) VALUES(140,'2021-11-10','N','1');
INSERT INTO tblCovidS(CovidS_Seq, attendance, facetoface , Sugang_seq) VALUES(141,'2021-11-11','N','1');
INSERT INTO tblCovidS(CovidS_Seq, attendance, facetoface , Sugang_seq) VALUES(142,'2021-11-12','N','1');
INSERT INTO tblCovidS(CovidS_Seq, attendance, facetoface , Sugang_seq) VALUES(143,'2021-11-15','N','1');
INSERT INTO tblCovidS(CovidS_Seq, attendance, facetoface , Sugang_seq) VALUES(144,'2021-11-16','N','1');
INSERT INTO tblCovidS(CovidS_Seq, attendance, facetoface , Sugang_seq) VALUES(145,'2021-11-17','N','1');
INSERT INTO tblCovidS(CovidS_Seq, attendance, facetoface , Sugang_seq) VALUES(146,'2021-11-18','N','1');
INSERT INTO tblCovidS(CovidS_Seq, attendance, facetoface , Sugang_seq) VALUES(147,'2021-11-19','N','1');
INSERT INTO tblCovidS(CovidS_Seq, attendance, facetoface , Sugang_seq) VALUES(148,'2021-11-22','N','1');
INSERT INTO tblCovidS(CovidS_Seq, attendance, facetoface , Sugang_seq) VALUES(149,'2021-11-23','N','1');
INSERT INTO tblCovidS(CovidS_Seq, attendance, facetoface , Sugang_seq) VALUES(150,'2021-11-24','N','1');
INSERT INTO tblCovidS(CovidS_Seq, attendance, facetoface , Sugang_seq) VALUES(151,'2021-11-25','N','1');
INSERT INTO tblCovidS(CovidS_Seq, attendance, facetoface , Sugang_seq) VALUES(152,'2021-11-26','N','1');
INSERT INTO tblCovidS(CovidS_Seq, attendance, facetoface , Sugang_seq) VALUES(153,'2021-11-29','N','1');
INSERT INTO tblCovidS(CovidS_Seq, attendance, facetoface , Sugang_seq) VALUES(154,'2021-11-30','N','1');
INSERT INTO tblCovidS(CovidS_Seq, attendance, facetoface , Sugang_seq) VALUES(155,'2021-12-01','N','1');
INSERT INTO tblCovidS(CovidS_Seq, attendance, facetoface , Sugang_seq) VALUES(156,'2021-12-02','N','1');
INSERT INTO tblCovidS(CovidS_Seq, attendance, facetoface , Sugang_seq) VALUES(157,'2021-12-03','N','1');
INSERT INTO tblCovidS(CovidS_Seq, attendance, facetoface , Sugang_seq) VALUES(158,'2021-12-06','N','1');
INSERT INTO tblCovidS(CovidS_Seq, attendance, facetoface , Sugang_seq) VALUES(159,'2021-12-07','N','1');

INSERT INTO tblCovidS(CovidS_Seq, attendance, facetoface , Sugang_seq) VALUES(160,'2021-09-08','N','2');
INSERT INTO tblCovidS(CovidS_Seq, attendance, facetoface , Sugang_seq) VALUES(161,'2021-09-09','N','2');
INSERT INTO tblCovidS(CovidS_Seq, attendance, facetoface , Sugang_seq) VALUES(162,'2021-09-10','N','2');
INSERT INTO tblCovidS(CovidS_Seq, attendance, facetoface , Sugang_seq) VALUES(163,'2021-09-13','N','2');
INSERT INTO tblCovidS(CovidS_Seq, attendance, facetoface , Sugang_seq) VALUES(164,'2021-09-14','N','2');
INSERT INTO tblCovidS(CovidS_Seq, attendance, facetoface , Sugang_seq) VALUES(165,'2021-09-15','N','2');
INSERT INTO tblCovidS(CovidS_Seq, attendance, facetoface , Sugang_seq) VALUES(166,'2021-09-16','N','2');
INSERT INTO tblCovidS(CovidS_Seq, attendance, facetoface , Sugang_seq) VALUES(167,'2021-09-17','N','2');
INSERT INTO tblCovidS(CovidS_Seq, attendance, facetoface , Sugang_seq) VALUES(168,'2021-09-23','N','2');
INSERT INTO tblCovidS(CovidS_Seq, attendance, facetoface , Sugang_seq) VALUES(169,'2021-09-24','N','2');
INSERT INTO tblCovidS(CovidS_Seq, attendance, facetoface , Sugang_seq) VALUES(170,'2021-09-27','N','2');
INSERT INTO tblCovidS(CovidS_Seq, attendance, facetoface , Sugang_seq) VALUES(171,'2021-09-28','N','2');
INSERT INTO tblCovidS(CovidS_Seq, attendance, facetoface , Sugang_seq) VALUES(172,'2021-09-29','N','2');
INSERT INTO tblCovidS(CovidS_Seq, attendance, facetoface , Sugang_seq) VALUES(173,'2021-09-30','N','2');
INSERT INTO tblCovidS(CovidS_Seq, attendance, facetoface , Sugang_seq) VALUES(174,'2021-10-01','N','2');
INSERT INTO tblCovidS(CovidS_Seq, attendance, facetoface , Sugang_seq) VALUES(175,'2021-10-06','N','2');
INSERT INTO tblCovidS(CovidS_Seq, attendance, facetoface , Sugang_seq) VALUES(176,'2021-10-07','N','2');
INSERT INTO tblCovidS(CovidS_Seq, attendance, facetoface , Sugang_seq) VALUES(177,'2021-10-08','N','2');
INSERT INTO tblCovidS(CovidS_Seq, attendance, facetoface , Sugang_seq) VALUES(178,'2021-10-12','N','2');
INSERT INTO tblCovidS(CovidS_Seq, attendance, facetoface , Sugang_seq) VALUES(179,'2021-10-13','N','2');
INSERT INTO tblCovidS(CovidS_Seq, attendance, facetoface , Sugang_seq) VALUES(180,'2021-10-14','N','2');
INSERT INTO tblCovidS(CovidS_Seq, attendance, facetoface , Sugang_seq) VALUES(181,'2021-10-15','N','2');
INSERT INTO tblCovidS(CovidS_Seq, attendance, facetoface , Sugang_seq) VALUES(182,'2021-10-18','N','2');
INSERT INTO tblCovidS(CovidS_Seq, attendance, facetoface , Sugang_seq) VALUES(183,'2021-10-19','N','2');
INSERT INTO tblCovidS(CovidS_Seq, attendance, facetoface , Sugang_seq) VALUES(184,'2021-10-20','N','2');
INSERT INTO tblCovidS(CovidS_Seq, attendance, facetoface , Sugang_seq) VALUES(185,'2021-10-21','N','2');
INSERT INTO tblCovidS(CovidS_Seq, attendance, facetoface , Sugang_seq) VALUES(186,'2021-10-22','N','2');
INSERT INTO tblCovidS(CovidS_Seq, attendance, facetoface , Sugang_seq) VALUES(187,'2021-10-25','N','2');
INSERT INTO tblCovidS(CovidS_Seq, attendance, facetoface , Sugang_seq) VALUES(188,'2021-10-26','N','2');
INSERT INTO tblCovidS(CovidS_Seq, attendance, facetoface , Sugang_seq) VALUES(189,'2021-10-27','N','2');
INSERT INTO tblCovidS(CovidS_Seq, attendance, facetoface , Sugang_seq) VALUES(190,'2021-10-28','N','2');
INSERT INTO tblCovidS(CovidS_Seq, attendance, facetoface , Sugang_seq) VALUES(191,'2021-10-29','N','2');
INSERT INTO tblCovidS(CovidS_Seq, attendance, facetoface , Sugang_seq) VALUES(192,'2021-11-01','N','2');
INSERT INTO tblCovidS(CovidS_Seq, attendance, facetoface , Sugang_seq) VALUES(193,'2021-11-02','N','2');
INSERT INTO tblCovidS(CovidS_Seq, attendance, facetoface , Sugang_seq) VALUES(194,'2021-11-03','N','2');
INSERT INTO tblCovidS(CovidS_Seq, attendance, facetoface , Sugang_seq) VALUES(195,'2021-11-04','N','2');
INSERT INTO tblCovidS(CovidS_Seq, attendance, facetoface , Sugang_seq) VALUES(196,'2021-11-05','N','2');
INSERT INTO tblCovidS(CovidS_Seq, attendance, facetoface , Sugang_seq) VALUES(197,'2021-11-08','N','2');
INSERT INTO tblCovidS(CovidS_Seq, attendance, facetoface , Sugang_seq) VALUES(198,'2021-11-09','N','2');
INSERT INTO tblCovidS(CovidS_Seq, attendance, facetoface , Sugang_seq) VALUES(199,'2021-11-10','N','2');
INSERT INTO tblCovidS(CovidS_Seq, attendance, facetoface , Sugang_seq) VALUES(200,'2021-11-11','N','2');
INSERT INTO tblCovidS(CovidS_Seq, attendance, facetoface , Sugang_seq) VALUES(201,'2021-11-12','N','2');
INSERT INTO tblCovidS(CovidS_Seq, attendance, facetoface , Sugang_seq) VALUES(202,'2021-11-15','N','2');
INSERT INTO tblCovidS(CovidS_Seq, attendance, facetoface , Sugang_seq) VALUES(203,'2021-11-16','N','2');
INSERT INTO tblCovidS(CovidS_Seq, attendance, facetoface , Sugang_seq) VALUES(204,'2021-11-17','N','2');
INSERT INTO tblCovidS(CovidS_Seq, attendance, facetoface , Sugang_seq) VALUES(205,'2021-11-18','N','2');
INSERT INTO tblCovidS(CovidS_Seq, attendance, facetoface , Sugang_seq) VALUES(206,'2021-11-19','N','2');
INSERT INTO tblCovidS(CovidS_Seq, attendance, facetoface , Sugang_seq) VALUES(207,'2021-11-22','N','2');
INSERT INTO tblCovidS(CovidS_Seq, attendance, facetoface , Sugang_seq) VALUES(208,'2021-11-23','N','2');
INSERT INTO tblCovidS(CovidS_Seq, attendance, facetoface , Sugang_seq) VALUES(209,'2021-11-24','N','2');
INSERT INTO tblCovidS(CovidS_Seq, attendance, facetoface , Sugang_seq) VALUES(210,'2021-11-25','N','2');
INSERT INTO tblCovidS(CovidS_Seq, attendance, facetoface , Sugang_seq) VALUES(211,'2021-11-26','N','2');
INSERT INTO tblCovidS(CovidS_Seq, attendance, facetoface , Sugang_seq) VALUES(212,'2021-11-29','N','2');
INSERT INTO tblCovidS(CovidS_Seq, attendance, facetoface , Sugang_seq) VALUES(213,'2021-11-30','N','2');
INSERT INTO tblCovidS(CovidS_Seq, attendance, facetoface , Sugang_seq) VALUES(214,'2021-12-01','N','2');
INSERT INTO tblCovidS(CovidS_Seq, attendance, facetoface , Sugang_seq) VALUES(215,'2021-12-02','N','2');
INSERT INTO tblCovidS(CovidS_Seq, attendance, facetoface , Sugang_seq) VALUES(216,'2021-12-03','N','2');
INSERT INTO tblCovidS(CovidS_Seq, attendance, facetoface , Sugang_seq) VALUES(217,'2021-12-06','N','2');
INSERT INTO tblCovidS(CovidS_Seq, attendance, facetoface , Sugang_seq) VALUES(218,'2021-12-07','N','2');

INSERT INTO tblCovidS(CovidS_Seq, attendance, facetoface , Sugang_seq) VALUES(219,'2021-09-08','N','3');
INSERT INTO tblCovidS(CovidS_Seq, attendance, facetoface , Sugang_seq) VALUES(220,'2021-09-09','N','3');
INSERT INTO tblCovidS(CovidS_Seq, attendance, facetoface , Sugang_seq) VALUES(221,'2021-09-10','N','3');
INSERT INTO tblCovidS(CovidS_Seq, attendance, facetoface , Sugang_seq) VALUES(222,'2021-09-13','N','3');
INSERT INTO tblCovidS(CovidS_Seq, attendance, facetoface , Sugang_seq) VALUES(223,'2021-09-14','N','3');
INSERT INTO tblCovidS(CovidS_Seq, attendance, facetoface , Sugang_seq) VALUES(224,'2021-09-15','N','3');
INSERT INTO tblCovidS(CovidS_Seq, attendance, facetoface , Sugang_seq) VALUES(225,'2021-09-16','N','3');
INSERT INTO tblCovidS(CovidS_Seq, attendance, facetoface , Sugang_seq) VALUES(226,'2021-09-17','N','3');
INSERT INTO tblCovidS(CovidS_Seq, attendance, facetoface , Sugang_seq) VALUES(227,'2021-09-23','N','3');
INSERT INTO tblCovidS(CovidS_Seq, attendance, facetoface , Sugang_seq) VALUES(228,'2021-09-24','N','3');
INSERT INTO tblCovidS(CovidS_Seq, attendance, facetoface , Sugang_seq) VALUES(229,'2021-09-27','N','3');
INSERT INTO tblCovidS(CovidS_Seq, attendance, facetoface , Sugang_seq) VALUES(230,'2021-09-28','N','3');
INSERT INTO tblCovidS(CovidS_Seq, attendance, facetoface , Sugang_seq) VALUES(231,'2021-09-29','N','3');
INSERT INTO tblCovidS(CovidS_Seq, attendance, facetoface , Sugang_seq) VALUES(232,'2021-09-30','N','3');
INSERT INTO tblCovidS(CovidS_Seq, attendance, facetoface , Sugang_seq) VALUES(233,'2021-10-01','N','3');
INSERT INTO tblCovidS(CovidS_Seq, attendance, facetoface , Sugang_seq) VALUES(234,'2021-10-06','N','3');
INSERT INTO tblCovidS(CovidS_Seq, attendance, facetoface , Sugang_seq) VALUES(235,'2021-10-07','N','3');
INSERT INTO tblCovidS(CovidS_Seq, attendance, facetoface , Sugang_seq) VALUES(236,'2021-10-08','N','3');
INSERT INTO tblCovidS(CovidS_Seq, attendance, facetoface , Sugang_seq) VALUES(237,'2021-10-12','N','3');
INSERT INTO tblCovidS(CovidS_Seq, attendance, facetoface , Sugang_seq) VALUES(238,'2021-10-13','N','3');
INSERT INTO tblCovidS(CovidS_Seq, attendance, facetoface , Sugang_seq) VALUES(239,'2021-10-14','N','3');
INSERT INTO tblCovidS(CovidS_Seq, attendance, facetoface , Sugang_seq) VALUES(240,'2021-10-15','N','3');
INSERT INTO tblCovidS(CovidS_Seq, attendance, facetoface , Sugang_seq) VALUES(241,'2021-10-18','N','3');
INSERT INTO tblCovidS(CovidS_Seq, attendance, facetoface , Sugang_seq) VALUES(242,'2021-10-19','N','3');
INSERT INTO tblCovidS(CovidS_Seq, attendance, facetoface , Sugang_seq) VALUES(243,'2021-10-20','N','3');
INSERT INTO tblCovidS(CovidS_Seq, attendance, facetoface , Sugang_seq) VALUES(244,'2021-10-21','N','3');
INSERT INTO tblCovidS(CovidS_Seq, attendance, facetoface , Sugang_seq) VALUES(245,'2021-10-22','N','3');
INSERT INTO tblCovidS(CovidS_Seq, attendance, facetoface , Sugang_seq) VALUES(246,'2021-10-25','N','3');
INSERT INTO tblCovidS(CovidS_Seq, attendance, facetoface , Sugang_seq) VALUES(247,'2021-10-26','N','3');
INSERT INTO tblCovidS(CovidS_Seq, attendance, facetoface , Sugang_seq) VALUES(248,'2021-10-27','N','3');
INSERT INTO tblCovidS(CovidS_Seq, attendance, facetoface , Sugang_seq) VALUES(249,'2021-10-28','N','3');
INSERT INTO tblCovidS(CovidS_Seq, attendance, facetoface , Sugang_seq) VALUES(250,'2021-10-29','N','3');
INSERT INTO tblCovidS(CovidS_Seq, attendance, facetoface , Sugang_seq) VALUES(251,'2021-11-01','N','3');
INSERT INTO tblCovidS(CovidS_Seq, attendance, facetoface , Sugang_seq) VALUES(252,'2021-11-02','N','3');
INSERT INTO tblCovidS(CovidS_Seq, attendance, facetoface , Sugang_seq) VALUES(253,'2021-11-03','N','3');
INSERT INTO tblCovidS(CovidS_Seq, attendance, facetoface , Sugang_seq) VALUES(254,'2021-11-04','N','3');
INSERT INTO tblCovidS(CovidS_Seq, attendance, facetoface , Sugang_seq) VALUES(255,'2021-11-05','N','3');
INSERT INTO tblCovidS(CovidS_Seq, attendance, facetoface , Sugang_seq) VALUES(256,'2021-11-08','N','3');
INSERT INTO tblCovidS(CovidS_Seq, attendance, facetoface , Sugang_seq) VALUES(257,'2021-11-09','N','3');
INSERT INTO tblCovidS(CovidS_Seq, attendance, facetoface , Sugang_seq) VALUES(258,'2021-11-10','N','3');
INSERT INTO tblCovidS(CovidS_Seq, attendance, facetoface , Sugang_seq) VALUES(259,'2021-11-11','N','3');
INSERT INTO tblCovidS(CovidS_Seq, attendance, facetoface , Sugang_seq) VALUES(260,'2021-11-12','N','3');
INSERT INTO tblCovidS(CovidS_Seq, attendance, facetoface , Sugang_seq) VALUES(261,'2021-11-15','N','3');
INSERT INTO tblCovidS(CovidS_Seq, attendance, facetoface , Sugang_seq) VALUES(262,'2021-11-16','N','3');
INSERT INTO tblCovidS(CovidS_Seq, attendance, facetoface , Sugang_seq) VALUES(263,'2021-11-17','N','3');
INSERT INTO tblCovidS(CovidS_Seq, attendance, facetoface , Sugang_seq) VALUES(264,'2021-11-18','N','3');
INSERT INTO tblCovidS(CovidS_Seq, attendance, facetoface , Sugang_seq) VALUES(265,'2021-11-19','N','3');
INSERT INTO tblCovidS(CovidS_Seq, attendance, facetoface , Sugang_seq) VALUES(266,'2021-11-22','N','3');
INSERT INTO tblCovidS(CovidS_Seq, attendance, facetoface , Sugang_seq) VALUES(267,'2021-11-23','N','3');
INSERT INTO tblCovidS(CovidS_Seq, attendance, facetoface , Sugang_seq) VALUES(268,'2021-11-24','N','3');
INSERT INTO tblCovidS(CovidS_Seq, attendance, facetoface , Sugang_seq) VALUES(269,'2021-11-25','N','3');
INSERT INTO tblCovidS(CovidS_Seq, attendance, facetoface , Sugang_seq) VALUES(270,'2021-11-26','N','3');
INSERT INTO tblCovidS(CovidS_Seq, attendance, facetoface , Sugang_seq) VALUES(271,'2021-11-29','N','3');
INSERT INTO tblCovidS(CovidS_Seq, attendance, facetoface , Sugang_seq) VALUES(272,'2021-11-30','N','3');
INSERT INTO tblCovidS(CovidS_Seq, attendance, facetoface , Sugang_seq) VALUES(273,'2021-12-01','N','3');
INSERT INTO tblCovidS(CovidS_Seq, attendance, facetoface , Sugang_seq) VALUES(274,'2021-12-02','N','3');
INSERT INTO tblCovidS(CovidS_Seq, attendance, facetoface , Sugang_seq) VALUES(275,'2021-12-03','N','3');
INSERT INTO tblCovidS(CovidS_Seq, attendance, facetoface , Sugang_seq) VALUES(276,'2021-12-06','N','3');
INSERT INTO tblCovidS(CovidS_Seq, attendance, facetoface , Sugang_seq) VALUES(277,'2021-12-07','N','3');

INSERT INTO tblCovidS(CovidS_Seq, attendance, facetoface , Sugang_seq) VALUES(278,'2021-09-08','N','4');
INSERT INTO tblCovidS(CovidS_Seq, attendance, facetoface , Sugang_seq) VALUES(279,'2021-09-09','N','4');
INSERT INTO tblCovidS(CovidS_Seq, attendance, facetoface , Sugang_seq) VALUES(280,'2021-09-10','N','4');
INSERT INTO tblCovidS(CovidS_Seq, attendance, facetoface , Sugang_seq) VALUES(281,'2021-09-13','N','4');
INSERT INTO tblCovidS(CovidS_Seq, attendance, facetoface , Sugang_seq) VALUES(282,'2021-09-14','N','4');
INSERT INTO tblCovidS(CovidS_Seq, attendance, facetoface , Sugang_seq) VALUES(283,'2021-09-15','N','4');
INSERT INTO tblCovidS(CovidS_Seq, attendance, facetoface , Sugang_seq) VALUES(284,'2021-09-16','N','4');
INSERT INTO tblCovidS(CovidS_Seq, attendance, facetoface , Sugang_seq) VALUES(285,'2021-09-17','N','4');
INSERT INTO tblCovidS(CovidS_Seq, attendance, facetoface , Sugang_seq) VALUES(286,'2021-09-23','N','4');
INSERT INTO tblCovidS(CovidS_Seq, attendance, facetoface , Sugang_seq) VALUES(287,'2021-09-24','N','4');
INSERT INTO tblCovidS(CovidS_Seq, attendance, facetoface , Sugang_seq) VALUES(288,'2021-09-27','N','4');
INSERT INTO tblCovidS(CovidS_Seq, attendance, facetoface , Sugang_seq) VALUES(289,'2021-09-28','N','4');
INSERT INTO tblCovidS(CovidS_Seq, attendance, facetoface , Sugang_seq) VALUES(290,'2021-09-29','N','4');
INSERT INTO tblCovidS(CovidS_Seq, attendance, facetoface , Sugang_seq) VALUES(291,'2021-09-30','N','4');
INSERT INTO tblCovidS(CovidS_Seq, attendance, facetoface , Sugang_seq) VALUES(292,'2021-10-01','N','4');
INSERT INTO tblCovidS(CovidS_Seq, attendance, facetoface , Sugang_seq) VALUES(293,'2021-10-06','N','4');
INSERT INTO tblCovidS(CovidS_Seq, attendance, facetoface , Sugang_seq) VALUES(294,'2021-10-07','N','4');
INSERT INTO tblCovidS(CovidS_Seq, attendance, facetoface , Sugang_seq) VALUES(295,'2021-10-08','N','4');
INSERT INTO tblCovidS(CovidS_Seq, attendance, facetoface , Sugang_seq) VALUES(296,'2021-10-12','N','4');
INSERT INTO tblCovidS(CovidS_Seq, attendance, facetoface , Sugang_seq) VALUES(297,'2021-10-13','N','4');
INSERT INTO tblCovidS(CovidS_Seq, attendance, facetoface , Sugang_seq) VALUES(298,'2021-10-14','N','4');
INSERT INTO tblCovidS(CovidS_Seq, attendance, facetoface , Sugang_seq) VALUES(299,'2021-10-15','N','4');
INSERT INTO tblCovidS(CovidS_Seq, attendance, facetoface , Sugang_seq) VALUES(300,'2021-10-18','N','4');
INSERT INTO tblCovidS(CovidS_Seq, attendance, facetoface , Sugang_seq) VALUES(301,'2021-10-19','N','4');
INSERT INTO tblCovidS(CovidS_Seq, attendance, facetoface , Sugang_seq) VALUES(302,'2021-10-20','N','4');
INSERT INTO tblCovidS(CovidS_Seq, attendance, facetoface , Sugang_seq) VALUES(303,'2021-10-21','N','4');
INSERT INTO tblCovidS(CovidS_Seq, attendance, facetoface , Sugang_seq) VALUES(304,'2021-10-22','N','4');
INSERT INTO tblCovidS(CovidS_Seq, attendance, facetoface , Sugang_seq) VALUES(305,'2021-10-25','N','4');
INSERT INTO tblCovidS(CovidS_Seq, attendance, facetoface , Sugang_seq) VALUES(306,'2021-10-26','N','4');
INSERT INTO tblCovidS(CovidS_Seq, attendance, facetoface , Sugang_seq) VALUES(307,'2021-10-27','N','4');
INSERT INTO tblCovidS(CovidS_Seq, attendance, facetoface , Sugang_seq) VALUES(308,'2021-10-28','N','4');
INSERT INTO tblCovidS(CovidS_Seq, attendance, facetoface , Sugang_seq) VALUES(309,'2021-10-29','N','4');
INSERT INTO tblCovidS(CovidS_Seq, attendance, facetoface , Sugang_seq) VALUES(310,'2021-11-01','N','4');
INSERT INTO tblCovidS(CovidS_Seq, attendance, facetoface , Sugang_seq) VALUES(311,'2021-11-02','N','4');
INSERT INTO tblCovidS(CovidS_Seq, attendance, facetoface , Sugang_seq) VALUES(312,'2021-11-03','N','4');
INSERT INTO tblCovidS(CovidS_Seq, attendance, facetoface , Sugang_seq) VALUES(313,'2021-11-04','N','4');
INSERT INTO tblCovidS(CovidS_Seq, attendance, facetoface , Sugang_seq) VALUES(314,'2021-11-05','N','4');
INSERT INTO tblCovidS(CovidS_Seq, attendance, facetoface , Sugang_seq) VALUES(315,'2021-11-08','N','4');
INSERT INTO tblCovidS(CovidS_Seq, attendance, facetoface , Sugang_seq) VALUES(316,'2021-11-09','N','4');
INSERT INTO tblCovidS(CovidS_Seq, attendance, facetoface , Sugang_seq) VALUES(317,'2021-11-10','N','4');
INSERT INTO tblCovidS(CovidS_Seq, attendance, facetoface , Sugang_seq) VALUES(318,'2021-11-11','N','4');
INSERT INTO tblCovidS(CovidS_Seq, attendance, facetoface , Sugang_seq) VALUES(319,'2021-11-12','N','4');
INSERT INTO tblCovidS(CovidS_Seq, attendance, facetoface , Sugang_seq) VALUES(320,'2021-11-15','N','4');
INSERT INTO tblCovidS(CovidS_Seq, attendance, facetoface , Sugang_seq) VALUES(321,'2021-11-16','N','4');
INSERT INTO tblCovidS(CovidS_Seq, attendance, facetoface , Sugang_seq) VALUES(322,'2021-11-17','N','4');
INSERT INTO tblCovidS(CovidS_Seq, attendance, facetoface , Sugang_seq) VALUES(323,'2021-11-18','N','4');
INSERT INTO tblCovidS(CovidS_Seq, attendance, facetoface , Sugang_seq) VALUES(324,'2021-11-19','N','4');
INSERT INTO tblCovidS(CovidS_Seq, attendance, facetoface , Sugang_seq) VALUES(325,'2021-11-22','N','4');
INSERT INTO tblCovidS(CovidS_Seq, attendance, facetoface , Sugang_seq) VALUES(326,'2021-11-23','N','4');
INSERT INTO tblCovidS(CovidS_Seq, attendance, facetoface , Sugang_seq) VALUES(327,'2021-11-24','N','4');
INSERT INTO tblCovidS(CovidS_Seq, attendance, facetoface , Sugang_seq) VALUES(328,'2021-11-25','N','4');
INSERT INTO tblCovidS(CovidS_Seq, attendance, facetoface , Sugang_seq) VALUES(329,'2021-11-26','N','4');
INSERT INTO tblCovidS(CovidS_Seq, attendance, facetoface , Sugang_seq) VALUES(330,'2021-11-29','N','4');
INSERT INTO tblCovidS(CovidS_Seq, attendance, facetoface , Sugang_seq) VALUES(331,'2021-11-30','N','4');
INSERT INTO tblCovidS(CovidS_Seq, attendance, facetoface , Sugang_seq) VALUES(332,'2021-12-01','N','4');
INSERT INTO tblCovidS(CovidS_Seq, attendance, facetoface , Sugang_seq) VALUES(333,'2021-12-02','N','4');
INSERT INTO tblCovidS(CovidS_Seq, attendance, facetoface , Sugang_seq) VALUES(334,'2021-12-03','N','4');
INSERT INTO tblCovidS(CovidS_Seq, attendance, facetoface , Sugang_seq) VALUES(335,'2021-12-06','N','4');
INSERT INTO tblCovidS(CovidS_Seq, attendance, facetoface , Sugang_seq) VALUES(336,'2021-12-07','N','4');

INSERT INTO tblCovidS(CovidS_Seq, attendance, facetoface , Sugang_seq) VALUES(337,'2021-09-08','N','5');
INSERT INTO tblCovidS(CovidS_Seq, attendance, facetoface , Sugang_seq) VALUES(338,'2021-09-09','N','5');
INSERT INTO tblCovidS(CovidS_Seq, attendance, facetoface , Sugang_seq) VALUES(339,'2021-09-10','N','5');
INSERT INTO tblCovidS(CovidS_Seq, attendance, facetoface , Sugang_seq) VALUES(340,'2021-09-13','N','5');
INSERT INTO tblCovidS(CovidS_Seq, attendance, facetoface , Sugang_seq) VALUES(341,'2021-09-14','N','5');
INSERT INTO tblCovidS(CovidS_Seq, attendance, facetoface , Sugang_seq) VALUES(342,'2021-09-15','N','5');
INSERT INTO tblCovidS(CovidS_Seq, attendance, facetoface , Sugang_seq) VALUES(343,'2021-09-16','N','5');
INSERT INTO tblCovidS(CovidS_Seq, attendance, facetoface , Sugang_seq) VALUES(344,'2021-09-17','N','5');
INSERT INTO tblCovidS(CovidS_Seq, attendance, facetoface , Sugang_seq) VALUES(345,'2021-09-23','N','5');
INSERT INTO tblCovidS(CovidS_Seq, attendance, facetoface , Sugang_seq) VALUES(346,'2021-09-24','N','5');
INSERT INTO tblCovidS(CovidS_Seq, attendance, facetoface , Sugang_seq) VALUES(347,'2021-09-27','N','5');
INSERT INTO tblCovidS(CovidS_Seq, attendance, facetoface , Sugang_seq) VALUES(348,'2021-09-28','N','5');
INSERT INTO tblCovidS(CovidS_Seq, attendance, facetoface , Sugang_seq) VALUES(349,'2021-09-29','N','5');
INSERT INTO tblCovidS(CovidS_Seq, attendance, facetoface , Sugang_seq) VALUES(350,'2021-09-30','N','5');
INSERT INTO tblCovidS(CovidS_Seq, attendance, facetoface , Sugang_seq) VALUES(351,'2021-10-01','N','5');
INSERT INTO tblCovidS(CovidS_Seq, attendance, facetoface , Sugang_seq) VALUES(352,'2021-10-06','N','5');
INSERT INTO tblCovidS(CovidS_Seq, attendance, facetoface , Sugang_seq) VALUES(353,'2021-10-07','N','5');
INSERT INTO tblCovidS(CovidS_Seq, attendance, facetoface , Sugang_seq) VALUES(354,'2021-10-08','N','5');
INSERT INTO tblCovidS(CovidS_Seq, attendance, facetoface , Sugang_seq) VALUES(355,'2021-10-12','N','5');
INSERT INTO tblCovidS(CovidS_Seq, attendance, facetoface , Sugang_seq) VALUES(356,'2021-10-13','N','5');
INSERT INTO tblCovidS(CovidS_Seq, attendance, facetoface , Sugang_seq) VALUES(357,'2021-10-14','N','5');
INSERT INTO tblCovidS(CovidS_Seq, attendance, facetoface , Sugang_seq) VALUES(358,'2021-10-15','N','5');
INSERT INTO tblCovidS(CovidS_Seq, attendance, facetoface , Sugang_seq) VALUES(359,'2021-10-18','N','5');
INSERT INTO tblCovidS(CovidS_Seq, attendance, facetoface , Sugang_seq) VALUES(360,'2021-10-19','N','5');
INSERT INTO tblCovidS(CovidS_Seq, attendance, facetoface , Sugang_seq) VALUES(361,'2021-10-20','N','5');
INSERT INTO tblCovidS(CovidS_Seq, attendance, facetoface , Sugang_seq) VALUES(362,'2021-10-21','N','5');
INSERT INTO tblCovidS(CovidS_Seq, attendance, facetoface , Sugang_seq) VALUES(363,'2021-10-22','N','5');
INSERT INTO tblCovidS(CovidS_Seq, attendance, facetoface , Sugang_seq) VALUES(364,'2021-10-25','N','5');
INSERT INTO tblCovidS(CovidS_Seq, attendance, facetoface , Sugang_seq) VALUES(365,'2021-10-26','N','5');
INSERT INTO tblCovidS(CovidS_Seq, attendance, facetoface , Sugang_seq) VALUES(366,'2021-10-27','N','5');
INSERT INTO tblCovidS(CovidS_Seq, attendance, facetoface , Sugang_seq) VALUES(367,'2021-10-28','N','5');
INSERT INTO tblCovidS(CovidS_Seq, attendance, facetoface , Sugang_seq) VALUES(368,'2021-10-29','N','5');
INSERT INTO tblCovidS(CovidS_Seq, attendance, facetoface , Sugang_seq) VALUES(369,'2021-11-01','N','5');
INSERT INTO tblCovidS(CovidS_Seq, attendance, facetoface , Sugang_seq) VALUES(370,'2021-11-02','N','5');
INSERT INTO tblCovidS(CovidS_Seq, attendance, facetoface , Sugang_seq) VALUES(371,'2021-11-03','N','5');
INSERT INTO tblCovidS(CovidS_Seq, attendance, facetoface , Sugang_seq) VALUES(372,'2021-11-04','N','5');
INSERT INTO tblCovidS(CovidS_Seq, attendance, facetoface , Sugang_seq) VALUES(373,'2021-11-05','N','5');
INSERT INTO tblCovidS(CovidS_Seq, attendance, facetoface , Sugang_seq) VALUES(374,'2021-11-08','N','5');
INSERT INTO tblCovidS(CovidS_Seq, attendance, facetoface , Sugang_seq) VALUES(375,'2021-11-09','N','5');
INSERT INTO tblCovidS(CovidS_Seq, attendance, facetoface , Sugang_seq) VALUES(376,'2021-11-10','N','5');
INSERT INTO tblCovidS(CovidS_Seq, attendance, facetoface , Sugang_seq) VALUES(377,'2021-11-11','N','5');
INSERT INTO tblCovidS(CovidS_Seq, attendance, facetoface , Sugang_seq) VALUES(378,'2021-11-12','N','5');
INSERT INTO tblCovidS(CovidS_Seq, attendance, facetoface , Sugang_seq) VALUES(379,'2021-11-15','N','5');
INSERT INTO tblCovidS(CovidS_Seq, attendance, facetoface , Sugang_seq) VALUES(380,'2021-11-16','N','5');
INSERT INTO tblCovidS(CovidS_Seq, attendance, facetoface , Sugang_seq) VALUES(381,'2021-11-17','N','5');
INSERT INTO tblCovidS(CovidS_Seq, attendance, facetoface , Sugang_seq) VALUES(382,'2021-11-18','N','5');
INSERT INTO tblCovidS(CovidS_Seq, attendance, facetoface , Sugang_seq) VALUES(383,'2021-11-19','N','5');
INSERT INTO tblCovidS(CovidS_Seq, attendance, facetoface , Sugang_seq) VALUES(384,'2021-11-22','N','5');
INSERT INTO tblCovidS(CovidS_Seq, attendance, facetoface , Sugang_seq) VALUES(385,'2021-11-23','N','5');
INSERT INTO tblCovidS(CovidS_Seq, attendance, facetoface , Sugang_seq) VALUES(386,'2021-11-24','N','5');
INSERT INTO tblCovidS(CovidS_Seq, attendance, facetoface , Sugang_seq) VALUES(387,'2021-11-25','N','5');
INSERT INTO tblCovidS(CovidS_Seq, attendance, facetoface , Sugang_seq) VALUES(388,'2021-11-26','N','5');
INSERT INTO tblCovidS(CovidS_Seq, attendance, facetoface , Sugang_seq) VALUES(389,'2021-11-29','N','5');
INSERT INTO tblCovidS(CovidS_Seq, attendance, facetoface , Sugang_seq) VALUES(390,'2021-11-30','N','5');
INSERT INTO tblCovidS(CovidS_Seq, attendance, facetoface , Sugang_seq) VALUES(391,'2021-12-01','N','5');
INSERT INTO tblCovidS(CovidS_Seq, attendance, facetoface , Sugang_seq) VALUES(392,'2021-12-02','N','5');
INSERT INTO tblCovidS(CovidS_Seq, attendance, facetoface , Sugang_seq) VALUES(393,'2021-12-03','N','5');
INSERT INTO tblCovidS(CovidS_Seq, attendance, facetoface , Sugang_seq) VALUES(394,'2021-12-06','N','5');
INSERT INTO tblCovidS(CovidS_Seq, attendance, facetoface , Sugang_seq) VALUES(395,'2021-12-07','N','5');

INSERT INTO tblCovidS(CovidS_Seq, attendance, facetoface , Sugang_seq) VALUES(396,'2021-09-08','N','6');
INSERT INTO tblCovidS(CovidS_Seq, attendance, facetoface , Sugang_seq) VALUES(397,'2021-09-09','N','6');
INSERT INTO tblCovidS(CovidS_Seq, attendance, facetoface , Sugang_seq) VALUES(398,'2021-09-10','N','6');
INSERT INTO tblCovidS(CovidS_Seq, attendance, facetoface , Sugang_seq) VALUES(399,'2021-09-13','N','6');
INSERT INTO tblCovidS(CovidS_Seq, attendance, facetoface , Sugang_seq) VALUES(400,'2021-09-14','N','6');
INSERT INTO tblCovidS(CovidS_Seq, attendance, facetoface , Sugang_seq) VALUES(401,'2021-09-15','N','6');
INSERT INTO tblCovidS(CovidS_Seq, attendance, facetoface , Sugang_seq) VALUES(402,'2021-09-16','N','6');
INSERT INTO tblCovidS(CovidS_Seq, attendance, facetoface , Sugang_seq) VALUES(403,'2021-09-17','N','6');
INSERT INTO tblCovidS(CovidS_Seq, attendance, facetoface , Sugang_seq) VALUES(404,'2021-09-23','N','6');
INSERT INTO tblCovidS(CovidS_Seq, attendance, facetoface , Sugang_seq) VALUES(405,'2021-09-24','N','6');
INSERT INTO tblCovidS(CovidS_Seq, attendance, facetoface , Sugang_seq) VALUES(406,'2021-09-27','N','6');
INSERT INTO tblCovidS(CovidS_Seq, attendance, facetoface , Sugang_seq) VALUES(407,'2021-09-28','N','6');
INSERT INTO tblCovidS(CovidS_Seq, attendance, facetoface , Sugang_seq) VALUES(408,'2021-09-29','N','6');
INSERT INTO tblCovidS(CovidS_Seq, attendance, facetoface , Sugang_seq) VALUES(409,'2021-09-30','N','6');
INSERT INTO tblCovidS(CovidS_Seq, attendance, facetoface , Sugang_seq) VALUES(410,'2021-10-01','N','6');
INSERT INTO tblCovidS(CovidS_Seq, attendance, facetoface , Sugang_seq) VALUES(411,'2021-10-06','N','6');
INSERT INTO tblCovidS(CovidS_Seq, attendance, facetoface , Sugang_seq) VALUES(412,'2021-10-07','N','6');
INSERT INTO tblCovidS(CovidS_Seq, attendance, facetoface , Sugang_seq) VALUES(413,'2021-10-08','N','6');
INSERT INTO tblCovidS(CovidS_Seq, attendance, facetoface , Sugang_seq) VALUES(414,'2021-10-12','N','6');
INSERT INTO tblCovidS(CovidS_Seq, attendance, facetoface , Sugang_seq) VALUES(415,'2021-10-13','N','6');
INSERT INTO tblCovidS(CovidS_Seq, attendance, facetoface , Sugang_seq) VALUES(416,'2021-10-14','N','6');
INSERT INTO tblCovidS(CovidS_Seq, attendance, facetoface , Sugang_seq) VALUES(417,'2021-10-15','N','6');
INSERT INTO tblCovidS(CovidS_Seq, attendance, facetoface , Sugang_seq) VALUES(418,'2021-10-18','N','6');
INSERT INTO tblCovidS(CovidS_Seq, attendance, facetoface , Sugang_seq) VALUES(419,'2021-10-19','N','6');
INSERT INTO tblCovidS(CovidS_Seq, attendance, facetoface , Sugang_seq) VALUES(420,'2021-10-20','N','6');
INSERT INTO tblCovidS(CovidS_Seq, attendance, facetoface , Sugang_seq) VALUES(421,'2021-10-21','N','6');
INSERT INTO tblCovidS(CovidS_Seq, attendance, facetoface , Sugang_seq) VALUES(422,'2021-10-22','N','6');
INSERT INTO tblCovidS(CovidS_Seq, attendance, facetoface , Sugang_seq) VALUES(423,'2021-10-25','N','6');
INSERT INTO tblCovidS(CovidS_Seq, attendance, facetoface , Sugang_seq) VALUES(424,'2021-10-26','N','6');
INSERT INTO tblCovidS(CovidS_Seq, attendance, facetoface , Sugang_seq) VALUES(425,'2021-10-27','N','6');
INSERT INTO tblCovidS(CovidS_Seq, attendance, facetoface , Sugang_seq) VALUES(426,'2021-10-28','N','6');
INSERT INTO tblCovidS(CovidS_Seq, attendance, facetoface , Sugang_seq) VALUES(427,'2021-10-29','N','6');
INSERT INTO tblCovidS(CovidS_Seq, attendance, facetoface , Sugang_seq) VALUES(428,'2021-11-01','N','6');
INSERT INTO tblCovidS(CovidS_Seq, attendance, facetoface , Sugang_seq) VALUES(429,'2021-11-02','N','6');
INSERT INTO tblCovidS(CovidS_Seq, attendance, facetoface , Sugang_seq) VALUES(430,'2021-11-03','N','6');
INSERT INTO tblCovidS(CovidS_Seq, attendance, facetoface , Sugang_seq) VALUES(431,'2021-11-04','N','6');
INSERT INTO tblCovidS(CovidS_Seq, attendance, facetoface , Sugang_seq) VALUES(432,'2021-11-05','N','6');
INSERT INTO tblCovidS(CovidS_Seq, attendance, facetoface , Sugang_seq) VALUES(433,'2021-11-08','N','6');
INSERT INTO tblCovidS(CovidS_Seq, attendance, facetoface , Sugang_seq) VALUES(434,'2021-11-09','N','6');
INSERT INTO tblCovidS(CovidS_Seq, attendance, facetoface , Sugang_seq) VALUES(435,'2021-11-10','N','6');
INSERT INTO tblCovidS(CovidS_Seq, attendance, facetoface , Sugang_seq) VALUES(436,'2021-11-11','N','6');
INSERT INTO tblCovidS(CovidS_Seq, attendance, facetoface , Sugang_seq) VALUES(437,'2021-11-12','N','6');
INSERT INTO tblCovidS(CovidS_Seq, attendance, facetoface , Sugang_seq) VALUES(438,'2021-11-15','N','6');
INSERT INTO tblCovidS(CovidS_Seq, attendance, facetoface , Sugang_seq) VALUES(439,'2021-11-16','N','6');
INSERT INTO tblCovidS(CovidS_Seq, attendance, facetoface , Sugang_seq) VALUES(440,'2021-11-17','N','6');
INSERT INTO tblCovidS(CovidS_Seq, attendance, facetoface , Sugang_seq) VALUES(441,'2021-11-18','N','6');
INSERT INTO tblCovidS(CovidS_Seq, attendance, facetoface , Sugang_seq) VALUES(442,'2021-11-19','N','6');
INSERT INTO tblCovidS(CovidS_Seq, attendance, facetoface , Sugang_seq) VALUES(443,'2021-11-22','N','6');
INSERT INTO tblCovidS(CovidS_Seq, attendance, facetoface , Sugang_seq) VALUES(444,'2021-11-23','N','6');
INSERT INTO tblCovidS(CovidS_Seq, attendance, facetoface , Sugang_seq) VALUES(445,'2021-11-24','N','6');
INSERT INTO tblCovidS(CovidS_Seq, attendance, facetoface , Sugang_seq) VALUES(446,'2021-11-25','N','6');
INSERT INTO tblCovidS(CovidS_Seq, attendance, facetoface , Sugang_seq) VALUES(447,'2021-11-26','N','6');
INSERT INTO tblCovidS(CovidS_Seq, attendance, facetoface , Sugang_seq) VALUES(448,'2021-11-29','N','6');
INSERT INTO tblCovidS(CovidS_Seq, attendance, facetoface , Sugang_seq) VALUES(449,'2021-11-30','N','6');
INSERT INTO tblCovidS(CovidS_Seq, attendance, facetoface , Sugang_seq) VALUES(450,'2021-12-01','N','6');
INSERT INTO tblCovidS(CovidS_Seq, attendance, facetoface , Sugang_seq) VALUES(451,'2021-12-02','N','6');
INSERT INTO tblCovidS(CovidS_Seq, attendance, facetoface , Sugang_seq) VALUES(452,'2021-12-03','N','6');
INSERT INTO tblCovidS(CovidS_Seq, attendance, facetoface , Sugang_seq) VALUES(453,'2021-12-06','N','6');
INSERT INTO tblCovidS(CovidS_Seq, attendance, facetoface , Sugang_seq) VALUES(454,'2021-12-07','N','6');

commit;

select * from tblCovidS;
--Question

insert into tblQuestion values (1, 'sql 구분(문법) 순서가 어떻게 되나요?', '2021-09-10', 1);
insert into tblQuestion values (2, '조장이 코딩을 너무 못합니다', '2021-11-01', 2);
insert into tblQuestion values (3, '엑셀을 저만큼 잘쓰는 사람이 있을까요?', '2021-12-11', 3);
insert into tblQuestion values (4, '개발 업무는 야근이 많나요?', '2021-10-21', 4);
insert into tblQuestion values (5, '자바가 중요한가요 sql이 중요한가요?', '2021-12-01', 5);
insert into tblQuestion values (6, '팀원들이 자꾸 저보고 귀엽다고 해요..', '2021-12-02', 6);
insert into tblQuestion values (7, '개발과 수학의 상관관계', '2021-07-27', 7);
insert into tblQuestion values (8, 'sqld 시험 붙으려면 어떻게 해야하나요?', '2021-04-25', 8);
insert into tblQuestion values (9, '공휴일에 학원 쉬나요?', '2021-11-19', 9);
insert into tblQuestion values (10, '4번 문제 어떻게 푸나요?', '2021-04-21', 10);
insert into tblQuestion values (11, 'sqld 시험 붙으려면 어떻게 해야하나요?', '2021-08-10', 11);
insert into tblQuestion values (12, '공휴일에 학원 쉬나요?', '2021-11-11', 12);
insert into tblQuestion values (13, '데이터베이스 작업 꿀팁', '2021-08-24', 13);
insert into tblQuestion values (14, '부트캠프와 국비학원의 차이가 무엇인가요?', '2021-05-13', 14);
insert into tblQuestion values (15, '키보드 어떤거 쓰시나요?', '2021-09-28', 15);
insert into tblQuestion values (16, '개발과 수학의 상관관계', '2021-09-26', 16);
insert into tblQuestion values (17, '여자친구랑 헤어졌어요', '2021-11-13', 17);
insert into tblQuestion values (18, '4번 문제 어떻게 푸나요?', '2021-06-01', 18);
insert into tblQuestion values (19, '개발과 수학의 상관관계', '2021-04-11', 19);
insert into tblQuestion values (20, 'sqld 시험 붙으려면 어떻게 해야하나요?', '2021-02-18', 20);
insert into tblQuestion values (21, '부트캠프와 국비학원의 차이가 무엇인가요?', '2021-12-11', 21);
insert into tblQuestion values (22, '수업 계속 들을지 고민입니다...', '2021-01-10', 22);
insert into tblQuestion values (23, '면접 잘보는 방법', '2021-12-13', 23);
insert into tblQuestion values (24, '개발과 수학의 상관관계', '2021-07-06', 24);
insert into tblQuestion values (25, '오라클 이론 정리', '2021-08-10', 25);
insert into tblQuestion values (26, '이게 제 적성에 맞는걸까요?', '2021-06-25', 26);
insert into tblQuestion values (27, '자바 잘하려면 어떻게 해야하나요?', '2021-10-08', 27);
insert into tblQuestion values (28, '키보드 어떤거 쓰시나요?', '2021-07-19', 28);
insert into tblQuestion values (29, '여자친구랑 헤어졌어요', '2021-12-26', 29);
insert into tblQuestion values (30, '자바와 자바 스크림트 차이가 뭔가요?', '2021-08-10', 30);
insert into tblQuestion values (31, '부트캠프와 국비학원의 차이가 무엇인가요?', '2021-03-16', 31);
insert into tblQuestion values (32, '수업 계속 들을지 고민입니다...', '2021-05-02', 32);
insert into tblQuestion values (33, '개발자 현실', '2021-11-03', 33);
insert into tblQuestion values (34, '공휴일에 학원 쉬나요?', '2021-12-14', 34);
insert into tblQuestion values (35, '키보드 어떤거 쓰시나요?', '2021-08-14', 35);
insert into tblQuestion values (36, '어떻게 공부해야 하나요?', '2021-02-23', 7);
insert into tblQuestion values (37, '오라클 이론 정리', '2021-07-18', 8);
insert into tblQuestion values (38, '잘나가는 개발자 특징', '2021-04-28', 9);
insert into tblQuestion values (39, '4번 문제 어떻게 푸나요?', '2021-07-19', 10);
insert into tblQuestion values (40, '수업 계속 들을지 고민입니다...', '2021-10-26', 11);
insert into tblQuestion values (41, '오라클 이론 정리', '2021-08-12', 12);
insert into tblQuestion values (42, '오라클 이론 정리', '2021-04-24', 13);
insert into tblQuestion values (43, '여자친구랑 헤어졌어요', '2021-05-09', 14);
insert into tblQuestion values (44, '데이터베이스 작업 꿀팁', '2021-03-27', 15);
insert into tblQuestion values (45, '수업 계속 들을지 고민입니다...', '2021-12-20', 16);
insert into tblQuestion values (46, '면접 잘보는 방법', '2021-12-22', 17);
insert into tblQuestion values (47, '어떻게 공부해야 하나요?', '2021-08-25', 18);
insert into tblQuestion values (48, '자바와 자바 스크림트 차이가 뭔가요?', '2021-03-23', 19);
insert into tblQuestion values (49, '자바와 자바 스크림트 차이가 뭔가요?', '2021-11-09', 20);
insert into tblQuestion values (50, '이게 제 적성에 맞는걸까요?', '2021-09-23', 21);
insert into tblQuestion values (51, '잘나가는 개발자 특징', '2021-03-21', 22);
insert into tblQuestion values (52, '개발과 수학의 상관관계', '2021-05-23', 23);
insert into tblQuestion values (53, '취업에 도움되는 자격증 뭐가 있나요?', '2021-06-23', 24);
insert into tblQuestion values (54, '면접 잘보는 방법', '2021-12-10', 25);
insert into tblQuestion values (55, '여자친구랑 헤어졌어요', '2021-11-05', 26);
insert into tblQuestion values (56, '어떻게 공부해야 하나요?', '2021-07-23', 27);
insert into tblQuestion values (57, '개발과 수학의 상관관계', '2021-04-18', 28);
insert into tblQuestion values (58, '개발과 수학의 상관관계', '2021-09-05', 29);
insert into tblQuestion values (59, '자바 잘하려면 어떻게 해야하나요?', '2021-10-07', 8);
insert into tblQuestion values (60, '수업 계속 들을지 고민입니다...', '2021-01-15', 7);
insert into tblQuestion values (61, 'sqld 시험 붙으려면 어떻게 해야하나요?', '2021-06-11', 9);
insert into tblQuestion values (62, '오라클 이론 정리', '2021-05-16', 10);
insert into tblQuestion values (63, '면접 잘보는 방법', '2021-07-28', 7);
insert into tblQuestion values (64, '자바와 자바 스크림트 차이가 뭔가요?', '2021-04-04', 9);
insert into tblQuestion values (65, '취업에 도움되는 자격증 뭐가 있나요?', '2021-03-13', 7);
insert into tblQuestion values (66, '자바와 자바 스크림트 차이가 뭔가요?', '2021-02-16', 8);
insert into tblQuestion values (67, '공휴일에 학원 쉬나요?', '2021-08-25', 9);
insert into tblQuestion values (68, '개발자 현실', '2021-06-13', 10);
insert into tblQuestion values (69, '자바 잘하려면 어떻게 해야하나요?', '2021-08-06', 11);
insert into tblQuestion values (70, '취업에 도움되는 자격증 뭐가 있나요?', '2021-07-18', 12);
insert into tblQuestion values (71, '부트캠프와 국비학원의 차이가 무엇인가요?', '2021-07-05', 13);
insert into tblQuestion values (72, '오라클 이론 정리', '2021-11-07', 14);
insert into tblQuestion values (73, '오라클 이론 정리', '2021-10-18', 15);
insert into tblQuestion values (74, '개발자 현실', '2021-12-15', 16);
insert into tblQuestion values (75, '키보드 어떤거 쓰시나요?', '2021-12-13', 17);
insert into tblQuestion values (76, '이게 제 적성에 맞는걸까요?', '2021-10-28', 18);
insert into tblQuestion values (77, '잘나가는 개발자 특징', '2021-11-02', 19);
insert into tblQuestion values (78, '잘나가는 개발자 특징', '2021-05-17', 20);
insert into tblQuestion values (79, '이게 제 적성에 맞는걸까요?', '2021-12-27', 21);
insert into tblQuestion values (80, '데이터베이스 작업 꿀팁', '2021-07-03', 22);
insert into tblQuestion values (81, '공휴일에 학원 쉬나요?', '2021-07-16', 23);
insert into tblQuestion values (82, '어떻게 공부해야 하나요?', '2021-01-08', 24);
insert into tblQuestion values (83, '취업에 도움되는 자격증 뭐가 있나요?', '2021-08-16', 25);
insert into tblQuestion values (84, '잘나가는 개발자 특징', '2021-04-16', 26);
insert into tblQuestion values (85, '개발자 현실', '2021-10-11', 27);
insert into tblQuestion values (86, '공휴일에 학원 쉬나요?', '2021-10-26', 28);
insert into tblQuestion values (87, '자바와 자바 스크림트 차이가 뭔가요?', '2021-09-02', 29);
insert into tblQuestion values (88, '잘나가는 개발자 특징', '2021-03-19', 11);
insert into tblQuestion values (89, '수업 계속 들을지 고민입니다...', '2021-03-14', 22);
insert into tblQuestion values (90, '잘나가는 개발자 특징', '2021-03-03', 33);
insert into tblQuestion values (91, '여자친구랑 헤어졌어요', '2021-11-28', 44);
insert into tblQuestion values (92, '키보드 어떤거 쓰시나요?', '2021-03-26', 55);
insert into tblQuestion values (93, 'sqld 시험 붙으려면 어떻게 해야하나요?', '2021-12-04', 66);
insert into tblQuestion values (94, '면접 잘보는 방법', '2021-01-11', 7);
insert into tblQuestion values (95, '키보드 어떤거 쓰시나요?', '2021-06-16', 8);
insert into tblQuestion values (96, '부트캠프와 국비학원의 차이가 무엇인가요?', '2021-03-15', 9);
insert into tblQuestion values (97, '개발과 수학의 상관관계', '2021-02-20', 10);
insert into tblQuestion values (98, '면접 잘보는 방법', '2021-06-16', 11);
insert into tblQuestion values (99, '부트캠프와 국비학원의 차이가 무엇인가요?', '2021-12-28', 12);
insert into tblQuestion values (100, '수업 계속 들을지 고민입니다...', '2021-09-14', 13);

commit;

select * from tblQuestion;
--Answer

tblAnswerDummy.sql

insert into tblAnswer values (1, 'from -> where -> group by -> having -> select -> order by 순입니다~', '2021-09-10', 11, 1);
insert into tblAnswer values (2, '그 인원의 코딩 실력은 익히 눈치채고 있었던 바 입니다. 그러나 교육기관이기 때문에 어쩔수가 없네요', '2021-11-01', 11, 2);
insert into tblAnswer values (3, '세상에는 고수가 많습니다', '2021-12-11', 11, 3);
insert into tblAnswer values (4, '어느 직종이나 바쁠때는 야근이 많고 한가할때는 야근이 없습니다.', '2021-10-21', 11, 4);
insert into tblAnswer values (5, '둘 다 중요하지만 보통 자바가 더 메인틱하게 사용됩니다', '2021-12-01', 11, 5);
insert into tblAnswer values (6, '얼마나 귀여우시길래 그런 말씀을 들으시는건가요?', '2021-12-02', 11, 6);
insert into tblAnswer values (7, '항상 복습을 철저히 하세요', '2021-04-24', 1, 35);
insert into tblAnswer values (8, '키보드는 해피해커 무접점을 사용합니다.', '2021-07-05', 2, 77);
insert into tblAnswer values (9, '면접을 볼 때 반드시 본인의 경험을 말하세요', '2021-01-16', 6, 59);
insert into tblAnswer values (10, '항상 쓰지는 않아도 되지만 적어도 모든 기술을 한번씩은 쓰세요', '2021-08-30', 2, 78);
insert into tblAnswer values (11, '정보처리 기사는 반드시 취득하세요', '2021-09-02', 2, 58);
insert into tblAnswer values (12, '키보드는 mx-keys를 사용합니다.', '2021-01-17', 4, 61);
insert into tblAnswer values (13, '항상 쓰지는 않아도 되지만 적어도 모든 기술을 한번씩은 쓰세요', '2021-09-29', 2, 33);
insert into tblAnswer values (14, '면접을 볼 때 반드시 본인의 경험을 말하세요', '2021-10-11', 7, 66);
insert into tblAnswer values (15, '토이 프로젝트에 비중을 두세요', '2021-04-30', 7, 20);
insert into tblAnswer values (16, '프로그램을 만드세요', '2021-08-13', 6, 88);
insert into tblAnswer values (17, '키보드는 K810을 씁니다.', '2021-08-16', 3, 8);
insert into tblAnswer values (18, '백준 등의 사이트에서 알고리즘 공부를 해보세요', '2021-08-06', 3, 57);
insert into tblAnswer values (19, '프로그램을 만드세요', '2021-12-15', 5, 44);
insert into tblAnswer values (20, '코로나가 심해지네요', '2021-03-05', 3, 55);
insert into tblAnswer values (21, '항상 쓰지는 않아도 되지만 적어도 모든 기술을 한번씩은 쓰세요', '2021-05-23', 1, 42);
insert into tblAnswer values (22, '키보드는 해피해커 무접점을 사용합니다.', '2021-12-11', 5, 63);
insert into tblAnswer values (23, '항상 쓰지는 않아도 되지만 적어도 모든 기술을 한번씩은 쓰세요', '2021-11-20', 1, 94);
insert into tblAnswer values (24, '백준 등의 사이트에서 알고리즘 공부를 해보세요', '2021-03-29', 6, 48);
insert into tblAnswer values (25, '면접 준비를 병행하세요', '2021-11-07', 4, 80);
insert into tblAnswer values (26, '키보드는 해피해커 무접점을 사용합니다.', '2021-10-17', 3, 61);
insert into tblAnswer values (27, '키보드는 mx-keys를 사용합니다.', '2021-06-03', 1, 40);
insert into tblAnswer values (28, '정보처리 기사는 반드시 취득하세요', '2021-01-30', 2, 34);
insert into tblAnswer values (29, '책은 최대한 적게 보는것이 좋지만 자바 한정 4권 정도는 읽으세요', '2021-01-19', 7, 20);
insert into tblAnswer values (30, '책은 최대한 적게 보는것이 좋지만 자바 한정 4권 정도는 읽으세요', '2021-01-19', 2, 19);
insert into tblAnswer values (31, '키보드는 K800을 씁니다.', '2021-09-24', 1, 83);
insert into tblAnswer values (32, '코로나가 심해지네요', '2021-10-19', 4, 76);
insert into tblAnswer values (33, '키보드는 해피해커 무접점을 사용합니다.', '2021-05-18', 5, 61);
insert into tblAnswer values (34, '키보드는 K800을 씁니다.', '2021-09-03', 5, 31);
insert into tblAnswer values (35, '자바를 공부할때는 도큐멘트를 참고하세요', '2021-07-15', 3, 47);
insert into tblAnswer values (36, '백준 등의 사이트에서 알고리즘 공부를 해보세요', '2021-03-30', 6, 72);
insert into tblAnswer values (37, '키보드는 K800을 씁니다.', '2021-11-22', 5, 90);
insert into tblAnswer values (38, '항상 쓰지는 않아도 되지만 적어도 모든 기술을 한번씩은 쓰세요', '2021-02-07', 6, 52);
insert into tblAnswer values (39, '면접을 볼 때 반드시 본인의 경험을 말하세요', '2021-12-18', 1, 24);
insert into tblAnswer values (40, '토이 프로젝트에 비중을 두세요', '2021-10-15', 1, 19);
insert into tblAnswer values (41, '책은 최대한 적게 보는것이 좋지만 자바 한정 4권 정도는 읽으세요', '2021-10-15', 4, 84);
insert into tblAnswer values (42, '정보처리 기사는 반드시 취득하세요', '2021-05-16', 5, 32);
insert into tblAnswer values (43, '프로그램을 만드세요', '2021-04-05', 7, 55);
insert into tblAnswer values (44, '프로그램을 만드세요', '2021-11-14', 2, 46);
insert into tblAnswer values (45, '항상 복습을 철저히 하세요', '2021-10-17', 1, 24);
insert into tblAnswer values (46, '키보드는 K810을 씁니다.', '2021-05-14', 2, 12);
insert into tblAnswer values (47, '면접을 볼 때 반드시 본인의 경험을 말하세요', '2021-12-21', 5, 47);
insert into tblAnswer values (48, '정보처리 기사는 반드시 취득하세요', '2021-12-03', 3, 74);
insert into tblAnswer values (49, '프로그램을 만드세요', '2021-06-22', 1, 50);
insert into tblAnswer values (50, '면접 준비를 병행하세요', '2021-07-04', 4, 89);
insert into tblAnswer values (51, '키보드는 해피해커 무접점을 사용합니다.', '2021-05-25', 1, 53);
insert into tblAnswer values (52, '키보드는 K800을 씁니다.', '2021-01-06', 7, 85);
insert into tblAnswer values (53, '정보처리 기사는 반드시 취득하세요', '2021-02-12', 6, 45);
insert into tblAnswer values (54, '키보드는 K810을 씁니다.', '2021-02-10', 4, 72);
insert into tblAnswer values (55, '코로나가 심해지네요', '2021-08-18', 2, 11);
insert into tblAnswer values (56, '항상 복습을 철저히 하세요', '2021-11-03', 5, 55);
insert into tblAnswer values (57, '자바를 공부할때는 도큐멘트를 참고하세요', '2021-05-25', 2, 16);
insert into tblAnswer values (58, '키보드는 K810을 씁니다.', '2021-10-05', 5, 27);
insert into tblAnswer values (59, '프로그램을 만드세요', '2021-09-26', 1, 88);
insert into tblAnswer values (60, '면접 준비를 병행하세요', '2021-11-29', 3, 33);
insert into tblAnswer values (61, '백준 등의 사이트에서 알고리즘 공부를 해보세요', '2021-08-06', 5, 10);
insert into tblAnswer values (62, '키보드는 해피해커 무접점을 사용합니다.', '2021-09-01', 3, 11);
insert into tblAnswer values (63, '정보처리 기사는 반드시 취득하세요', '2021-12-08', 5, 81);
insert into tblAnswer values (64, '정보처리 기사는 반드시 취득하세요', '2021-07-08', 5, 88);
insert into tblAnswer values (65, '키보드는 해피해커 무접점을 사용합니다.', '2021-02-03', 7, 66);
insert into tblAnswer values (66, '면접을 볼 때 반드시 본인의 경험을 말하세요', '2021-05-11', 6, 22);
insert into tblAnswer values (67, '키보드는 K800을 씁니다.', '2021-06-16', 1, 64);
insert into tblAnswer values (68, '면접 준비를 병행하세요', '2021-10-17', 7, 73);
insert into tblAnswer values (69, '키보드는 mx-keys를 사용합니다.', '2021-04-05', 2, 11);
insert into tblAnswer values (70, '키보드는 해피해커 무접점을 사용합니다.', '2021-01-01', 4, 66);
insert into tblAnswer values (71, '면접 준비를 병행하세요', '2021-03-21', 7, 62);
insert into tblAnswer values (72, '책은 최대한 적게 보는것이 좋지만 자바 한정 4권 정도는 읽으세요', '2021-05-06', 2, 52);
insert into tblAnswer values (73, '토이 프로젝트에 비중을 두세요', '2021-10-06', 3, 48);
insert into tblAnswer values (74, '키보드는 mx-keys를 사용합니다.', '2021-02-11', 3, 44);
insert into tblAnswer values (75, '항상 쓰지는 않아도 되지만 적어도 모든 기술을 한번씩은 쓰세요', '2021-04-25', 7, 8);
insert into tblAnswer values (76, '항상 쓰지는 않아도 되지만 적어도 모든 기술을 한번씩은 쓰세요', '2021-02-25', 4, 80);
insert into tblAnswer values (77, '면접을 볼 때 반드시 본인의 경험을 말하세요', '2021-04-23', 2, 35);
insert into tblAnswer values (78, '정보처리 기사는 반드시 취득하세요', '2021-02-22', 5, 15);
insert into tblAnswer values (79, '항상 쓰지는 않아도 되지만 적어도 모든 기술을 한번씩은 쓰세요', '2021-04-21', 3, 61);
insert into tblAnswer values (80, '책은 최대한 적게 보는것이 좋지만 자바 한정 4권 정도는 읽으세요', '2021-12-13', 5, 14);
insert into tblAnswer values (81, '키보드는 K800을 씁니다.', '2021-07-14', 6, 40);
insert into tblAnswer values (82, '항상 쓰지는 않아도 되지만 적어도 모든 기술을 한번씩은 쓰세요', '2021-01-17', 2, 53);
insert into tblAnswer values (83, '정보처리 기사는 반드시 취득하세요', '2021-08-09', 3, 92);
insert into tblAnswer values (84, '키보드는 해피해커 무접점을 사용합니다.', '2021-09-22', 3, 17);
insert into tblAnswer values (85, '항상 복습을 철저히 하세요', '2021-12-22', 2, 32);
insert into tblAnswer values (86, '키보드는 해피해커 무접점을 사용합니다.', '2021-11-01', 2, 79);
insert into tblAnswer values (87, '백준 등의 사이트에서 알고리즘 공부를 해보세요', '2021-06-05', 2, 81);
insert into tblAnswer values (88, '면접을 볼 때 반드시 본인의 경험을 말하세요', '2021-02-26', 1, 40);
insert into tblAnswer values (89, '키보드는 mx-keys를 사용합니다.', '2021-03-21', 1, 8);
insert into tblAnswer values (90, '프로그램을 만드세요', '2021-10-14', 6, 74);
insert into tblAnswer values (91, '토이 프로젝트에 비중을 두세요', '2021-04-13', 6, 19);
insert into tblAnswer values (92, '항상 복습을 철저히 하세요', '2021-09-22', 7, 93);
insert into tblAnswer values (93, '정보처리 기사는 반드시 취득하세요', '2021-01-19', 1, 32);
insert into tblAnswer values (94, '키보드는 K810을 씁니다.', '2021-08-09', 1, 98);
insert into tblAnswer values (95, '정보처리 기사는 반드시 취득하세요', '2021-10-13', 4, 53);
insert into tblAnswer values (96, '키보드는 K800을 씁니다.', '2021-08-23', 1, 36);
insert into tblAnswer values (97, '책은 최대한 적게 보는것이 좋지만 자바 한정 4권 정도는 읽으세요', '2021-08-16', 5, 10);
insert into tblAnswer values (98, '키보드는 K810을 씁니다.', '2021-10-26', 1, 15);
insert into tblAnswer values (99, '자바를 공부할때는 도큐멘트를 참고하세요', '2021-02-22', 5, 17);
insert into tblAnswer values (100, '키보드는 해피해커 무접점을 사용합니다.', '2021-08-27', 1, 18);

commit;

select * from tblAnswer;
























